"","trial_id","node3","full_ig","noAct_ig","noInf_ig","noSelect_ig","noActnoInf_ig","noActnoSelect_ig","noInfnoSelect_ig","noActnoInfnoSelect_ig","full_known","noAct_known","noInf_known","noSelect_known","noActnoInf_known","noActnoSelect_known","noInfnoSelect_known","noActnoInfnoSelect_known","full_none","noAct_none","noInf_none","noSelect_none","noActnoInf_none","noActnoSelect_none","noInfnoSelect_none","noActnoInfnoSelect_none","baseline","n","prop","pgroup","Actual","A","B","E","Include","Observed","Known","structure","trial_type","trial_structure_type","Response","Variable","SE"
"1","1_c1","A=0",0.242027815275099,0.227103422812314,0.263038175271277,0.303878206122249,0.246803001968977,0.314668532331659,0.28332967918114,0.266870875181249,0.312832522953614,0.320091608883855,0.348906441391593,0.308190406247363,0.33435032005759,0.319031209828366,0.299008797279964,0.330958265721862,0.251669043385165,0.230910880638125,0.266350077326662,0.30794205683319,0.248961698072952,0.327663248973856,0.219173198271288,0.218528254819714,0.125,18,0.253521126760563,"A=.1,Au=.5,B=.8,Bu=.5","TRUE",0,0,0,"TRUE","TRUE","TRUE","conjunctive","A=0,B=0,E=0","Conjunctive: A=0,B=0,E=0","A=0","A",0.0516281620177655
"2","1_c1","A=1",0.0476312827810749,0.0263365791115213,0.026466908511733,0.0477607714080559,0.030274300534098,0.0429317542596698,0.0476575755918184,0.0379692641487804,0.0471562991061013,0.0244174377484421,0.0238444495128416,0.0477023169240025,0.0251002708177674,0.0274199526275294,0.0477094164355346,0.0252595282049735,0.047013221445129,0.0238988450750771,0.023451505018702,0.0478787735825762,0.0258124147534712,0.04515061555205,0.0473089991793863,0.0260943942195984,0.125,0,0,"A=.1,Au=.5,B=.8,Bu=.5","FALSE",0,0,0,"FALSE","TRUE","FALSE","conjunctive","A=0,B=0,E=0","Conjunctive: A=0,B=0,E=0","A=1","A",0
"3","1_c1","Au=0",0.185692597331549,0.146015133289995,0.13747773460036,0.10060025106164,0.140750926585857,0.0711998567043355,0.121355169635223,0.0975799303349854,0.117559326008542,0.095729016784285,0.0841492338763794,0.0964049599046321,0.0897520228336303,0.0767744187720522,0.105572369848967,0.0718911030365822,0.182646107840525,0.146298714568255,0.138042382353517,0.0963003960016581,0.142167175132018,0.063593067737047,0.186208803369939,0.127688675480344,0.125,1,0.0140845070422535,"A=.1,Au=.5,B=.8,Bu=.5","TRUE",0,0,0,"TRUE","FALSE","FALSE","conjunctive","A=0,B=0,E=0","Conjunctive: A=0,B=0,E=0","Au=0","A",0.0139849686427412
"4","1_c1","Au=1",0.0476312827810749,0.134177437503171,0.126147198995085,0.0477607714080559,0.12675355558403,0.0711998567043355,0.0476575755918184,0.0975799303349854,0.0471562991061013,0.0914584720449927,0.0812957331279991,0.0477023169240025,0.0856595111066595,0.0767744187720522,0.0477094164355346,0.0718911030365822,0.047013221445129,0.134011052334991,0.126424742203826,0.0478787735825762,0.127870389935862,0.063593067737047,0.0473089991793863,0.127688675480344,0.125,3,0.0422535211267606,"A=.1,Au=.5,B=.8,Bu=.5","FALSE",0,0,0,"TRUE","FALSE","FALSE","conjunctive","A=0,B=0,E=0","Conjunctive: A=0,B=0,E=0","Au=1","A",0.0238741303445037
"5","1_c1","B=0",0.196200593930449,0.160050711173852,0.157024637218278,0.303878206122249,0.157893321159608,0.314668532331659,0.28332967918114,0.266870875181249,0.263477715065268,0.256774079408666,0.272575053606054,0.308190406247363,0.264698551988941,0.319031209828366,0.299008797279964,0.330958265721862,0.195149684981262,0.160892527318095,0.158065313798138,0.30794205683319,0.159597274578269,0.327663248973856,0.219173198271288,0.218528254819714,0.125,38,0.535211267605634,"A=.1,Au=.5,B=.8,Bu=.5","TRUE",0,0,0,"TRUE","TRUE","TRUE","conjunctive","A=0,B=0,E=0","Conjunctive: A=0,B=0,E=0","B=0","B",0.0591917588755661
"6","1_c1","B=1",0.0476312827810749,0.0263365791115213,0.026466908511733,0.0477607714080559,0.030274300534098,0.0429317542596698,0.0476575755918184,0.0379692641487804,0.0471562991061013,0.0244174377484421,0.0238444495128416,0.0477023169240025,0.0251002708177674,0.0274199526275294,0.0477094164355346,0.0252595282049735,0.047013221445129,0.0238988450750771,0.023451505018702,0.0478787735825762,0.0258124147534712,0.04515061555205,0.0473089991793863,0.0260943942195984,0.125,2,0.028169014084507,"A=.1,Au=.5,B=.8,Bu=.5","FALSE",0,0,0,"FALSE","TRUE","FALSE","conjunctive","A=0,B=0,E=0","Conjunctive: A=0,B=0,E=0","B=1","B",0.0196359546370233
"7","1_c1","Bu=0",0.185553862338602,0.14583336940247,0.137231237896448,0.10060025106164,0.140532727155784,0.0711998567043355,0.121355169635223,0.0975799303349854,0.11750523954817,0.0956647807853584,0.0840889058442925,0.0964049599046321,0.0896903554530175,0.0767744187720522,0.105572369848967,0.0718911030365822,0.182482278012532,0.146109891735847,0.137789732076627,0.0963003960016581,0.141944777147508,0.063593067737047,0.186208803369939,0.127688675480344,0.125,5,0.0704225352112676,"A=.1,Au=.5,B=.8,Bu=.5","TRUE",0,0,0,"TRUE","FALSE","FALSE","conjunctive","A=0,B=0,E=0","Conjunctive: A=0,B=0,E=0","Bu=0","B",0.0303647316140876
"8","1_c1","Bu=1",0.0476312827810749,0.134146767595156,0.126147198995085,0.0477607714080559,0.126717866477548,0.0711998567043355,0.0476575755918184,0.0975799303349854,0.0471562991061013,0.0914471665959588,0.0812957331279991,0.0477023169240025,0.0856486969246279,0.0767744187720522,0.0477094164355346,0.0718911030365822,0.047013221445129,0.133979243254533,0.126424742203826,0.0478787735825762,0.12783385562645,0.063593067737047,0.0473089991793863,0.127688675480344,0.125,4,0.0563380281690141,"A=.1,Au=.5,B=.8,Bu=.5","FALSE",0,0,0,"TRUE","FALSE","FALSE","conjunctive","A=0,B=0,E=0","Conjunctive: A=0,B=0,E=0","Bu=1","B",0.0273640184098717
"9","1_c2","A=0",0.355055754488451,0.331020900868818,0.423834094538556,0.485184989297943,0.386158405180677,0.503042019123606,0.428320759383243,0.368021716619057,0.489007145922697,0.464126556261659,0.521441569085317,0.497783311188319,0.494154329092027,0.472888241684819,0.471071543183597,0.477929657179683,0.378305665244234,0.339560755768878,0.430654235977625,0.4974396030318,0.389037012236867,0.549974562871606,0.284860724015227,0.259465511063018,0.125,36,0.580645161290323,"A=.1,Au=.5,B=.8,Bu=.5","TRUE",0,1,0,"TRUE","TRUE","TRUE","conjunctive","A=0,B=1,E=0","Conjunctive: A=0,B=1,E=0","A=0","A",0.0626686573357484
"10","1_c2","A=1",0.0476312827810749,0.0263365791115213,0.026466908511733,0.0477607714080559,0.030274300534098,0.0429317542596698,0.0476575755918184,0.0379692641487804,0.0471562991061013,0.0244174377484421,0.0238444495128416,0.0477023169240025,0.0251002708177674,0.0274199526275294,0.0477094164355346,0.0252595282049735,0.047013221445129,0.0238988450750771,0.023451505018702,0.0478787735825762,0.0258124147534712,0.04515061555205,0.0473089991793863,0.0260943942195984,0.125,1,0.0161290322580645,"A=.1,Au=.5,B=.8,Bu=.5","FALSE",0,1,0,"FALSE","TRUE","FALSE","conjunctive","A=0,B=1,E=0","Conjunctive: A=0,B=1,E=0","A=1","A",0.0159984306571507
"11","1_c2","Au=0",0.203410462153297,0.135362156587482,0.114862292967702,0.138005576830889,0.123763014523887,0.0907958829039358,0.166695681328833,0.123921680470364,0.137613024011614,0.102777495603768,0.0898084420706868,0.131852552095834,0.0962758919546543,0.102814331437791,0.145190687319365,0.0943102582301571,0.193332796652172,0.135038801767379,0.115001947879341,0.131583264527659,0.125436901196901,0.0781055719287505,0.239297140043921,0.149301249857095,0.125,2,0.032258064516129,"A=.1,Au=.5,B=.8,Bu=.5","TRUE",0,1,0,"TRUE","FALSE","FALSE","conjunctive","A=0,B=1,E=0","Conjunctive: A=0,B=1,E=0","Au=0","A",0.0224389788271049
"12","1_c2","Au=1",0.0476312827810749,0.114946967246961,0.0978496721045961,0.0477607714080559,0.101663989125667,0.0907958829039358,0.0476575755918184,0.123921680470364,0.0471562991061013,0.0937131568000454,0.0837555326695898,0.0477023169240025,0.0875882688966917,0.102814331437791,0.0477094164355346,0.0943102582301571,0.047013221445129,0.113933175724018,0.0974938500174039,0.0478787735825762,0.102552658372827,0.0781055719287505,0.0473089991793863,0.149301249857095,0.125,1,0.0161290322580645,"A=.1,Au=.5,B=.8,Bu=.5","FALSE",0,1,0,"TRUE","FALSE","FALSE","conjunctive","A=0,B=1,E=0","Conjunctive: A=0,B=1,E=0","Au=1","A",0.0159984306571507
"13","1_c2","B=0",0.0476312827810749,0.0263365791115213,0.026466908511733,0.0477607714080559,0.030274300534098,0.0429317542596698,0.0476575755918184,0.0379692641487804,0.0471562991061013,0.0244174377484421,0.0238444495128416,0.0477023169240025,0.0251002708177674,0.0274199526275294,0.0477094164355346,0.0252595282049735,0.047013221445129,0.0238988450750771,0.023451505018702,0.0478787735825762,0.0258124147534712,0.04515061555205,0.0473089991793863,0.0260943942195984,0.125,1,0.0161290322580645,"A=.1,Au=.5,B=.8,Bu=.5","FALSE",0,1,0,"FALSE","TRUE","FALSE","conjunctive","A=0,B=1,E=0","Conjunctive: A=0,B=1,E=0","B=0","B",0.0159984306571507
"14","1_c2","B=1",0.0476312827810749,0.115737577861553,0.0978496721045961,0.0477607714080559,0.102493621591861,0.0479109407413109,0.0476575755918184,0.0603530332019256,0.0471562991061013,0.0940790809737573,0.0837555326695898,0.0477023169240025,0.0879377446670722,0.0610145273089583,0.0477094164355346,0.0943102534897414,0.047013221445129,0.114749201828176,0.0974938500174039,0.0478787735825762,0.103415521498765,0.0473019183092917,0.0473089991793863,0.0911407010694042,0.125,8,0.129032258064516,"A=.1,Au=.5,B=.8,Bu=.5","FALSE",0,1,0,"TRUE","TRUE","FALSE","conjunctive","A=0,B=1,E=0","Conjunctive: A=0,B=1,E=0","B=1","B",0.0425749688771671
"15","1_c2","Bu=0",0.203377369452878,0.135327144617652,0.114820779156488,0.138005576830889,0.123723964839117,0.0907958829039358,0.166695681328833,0.123921680470364,0.137598334535183,0.102762574391139,0.089794491809544,0.131852552095834,0.0962615401503147,0.102814331437791,0.145190687319365,0.0943102582301571,0.19329543087795,0.135002548700157,0.114959256053419,0.131583264527659,0.125396631626318,0.0781055719287505,0.239297140043921,0.149301249857095,0.125,12,0.193548387096774,"A=.1,Au=.5,B=.8,Bu=.5","TRUE",0,1,0,"TRUE","FALSE","FALSE","conjunctive","A=0,B=1,E=0","Conjunctive: A=0,B=1,E=0","Bu=0","B",0.0501750820030851
"16","1_c2","Bu=1",0.0476312827810749,0.114932094594493,0.0978496721045961,0.0477607714080559,0.101648403670596,0.0907958829039358,0.0476575755918184,0.123921680470364,0.0471562991061013,0.0937062604727472,0.0837555326695898,0.0477023169240025,0.0875816836037058,0.102814331437791,0.0477094164355346,0.0943102582301571,0.047013221445129,0.113917826061239,0.0974938500174039,0.0478787735825762,0.10253644556138,0.0781055719287505,0.0473089991793863,0.149301249857095,0.125,1,0.0161290322580645,"A=.1,Au=.5,B=.8,Bu=.5","FALSE",0,1,0,"TRUE","FALSE","FALSE","conjunctive","A=0,B=1,E=0","Conjunctive: A=0,B=1,E=0","Bu=1","B",0.0159984306571507
"17","1_c3","A=0",0.0476312827810749,0.0263365791115213,0.026466908511733,0.0477607714080559,0.030274300534098,0.0429317542596698,0.0476575755918184,0.0379692641487804,0.0471562991061013,0.0244174377484421,0.0238444495128416,0.0477023169240025,0.0251002708177674,0.0274199526275294,0.0477094164355346,0.0252595282049735,0.047013221445129,0.0238988450750771,0.023451505018702,0.0478787735825762,0.0258124147534712,0.04515061555205,0.0473089991793863,0.0260943942195984,0.125,1,0.0125,"A=.1,Au=.5,B=.8,Bu=.5","FALSE",1,0,0,"FALSE","TRUE","FALSE","conjunctive","A=1,B=0,E=0","Conjunctive: A=1,B=0,E=0","A=0","A",0.0124216293214699
"18","1_c3","A=1",0.0476312827810749,0.0987658874181733,0.102260275011638,0.0477607714080559,0.0860391674412689,0.0479109407413109,0.0476575755918184,0.0603530332019256,0.0471562991061013,0.0878133873100853,0.0875878514440106,0.0477023169240025,0.0822923895064167,0.0610145273089583,0.0477094164355346,0.0943102534897414,0.047013221445129,0.0972996192980946,0.101954567419573,0.0478787735825762,0.0861007943104575,0.0473019183092917,0.0473089991793863,0.0911407010694042,0.125,8,0.1,"A=.1,Au=.5,B=.8,Bu=.5","FALSE",1,0,0,"TRUE","TRUE","FALSE","conjunctive","A=1,B=0,E=0","Conjunctive: A=1,B=0,E=0","A=1","A",0.0335410196624968
"19","1_c3","Au=0",0.225904739661963,0.170303685947614,0.155400755938577,0.138005576830889,0.166555413773337,0.0907958829039358,0.166695681328833,0.123921680470364,0.152647663030817,0.11968767190747,0.104814540392837,0.131852552095834,0.113135566178918,0.102814331437791,0.145190687319365,0.0943102582301571,0.220726968890517,0.171384244982955,0.156494511296901,0.131583264527659,0.168959159269919,0.0781055719287505,0.239297140043921,0.149301249857095,0.125,12,0.15,"A=.1,Au=.5,B=.8,Bu=.5","TRUE",1,0,0,"TRUE","FALSE","FALSE","conjunctive","A=1,B=0,E=0","Conjunctive: A=1,B=0,E=0","Au=0","A",0.0399217985566783
"20","1_c3","Au=1",0.0476312827810749,0.111675721381822,0.102260275011638,0.0477607714080559,0.0993010851398289,0.0907958829039358,0.0476575755918184,0.123921680470364,0.0471562991061013,0.0942884794954391,0.0875878514440106,0.0477023169240025,0.088496138632678,0.102814331437791,0.0477094164355346,0.0943102582301571,0.047013221445129,0.110606336077462,0.101954567419573,0.0478787735825762,0.0999263031410062,0.0781055719287505,0.0473089991793863,0.149301249857095,0.125,1,0.0125,"A=.1,Au=.5,B=.8,Bu=.5","FALSE",1,0,0,"TRUE","FALSE","FALSE","conjunctive","A=1,B=0,E=0","Conjunctive: A=1,B=0,E=0","Au=1","A",0.0124216293214699
"21","1_c3","B=0",0.309966065166446,0.284499341220224,0.329375015407899,0.485184989297943,0.321576182236503,0.503042019123606,0.428320759383243,0.368021716619057,0.458892402063164,0.435357268716951,0.479887700318495,0.497783311188319,0.464202568713442,0.472888241684819,0.471071543183597,0.477929657179683,0.323400247916351,0.290814726856473,0.334132759785873,0.4974396030318,0.324377906150306,0.549974562871606,0.284860724015227,0.259465511063018,0.125,41,0.5125,"A=.1,Au=.5,B=.8,Bu=.5","TRUE",1,0,0,"TRUE","TRUE","TRUE","conjunctive","A=1,B=0,E=0","Conjunctive: A=1,B=0,E=0","B=0","B",0.055884227425992
"22","1_c3","B=1",0.0476312827810749,0.0263365791115213,0.026466908511733,0.0477607714080559,0.030274300534098,0.0429317542596698,0.0476575755918184,0.0379692641487804,0.0471562991061013,0.0244174377484421,0.0238444495128416,0.0477023169240025,0.0251002708177674,0.0274199526275294,0.0477094164355346,0.0252595282049735,0.047013221445129,0.0238988450750771,0.023451505018702,0.0478787735825762,0.0258124147534712,0.04515061555205,0.0473089991793863,0.0260943942195984,0.125,5,0.0625,"A=.1,Au=.5,B=.8,Bu=.5","FALSE",1,0,0,"FALSE","TRUE","FALSE","conjunctive","A=1,B=0,E=0","Conjunctive: A=1,B=0,E=0","B=1","B",0.0270632938682637
"23","1_c3","Bu=0",0.225972781266216,0.170386763273764,0.155509586595145,0.138005576830889,0.166657715686252,0.0907958829039358,0.166695681328833,0.123921680470364,0.152678439375512,0.119720264454189,0.104845305930953,0.131852552095834,0.113167458826364,0.102814331437791,0.145190687319365,0.0943102582301571,0.220806675967488,0.171470693533977,0.156606016621101,0.131583264527659,0.169063145043038,0.0781055719287505,0.239297140043921,0.149301249857095,0.125,5,0.0625,"A=.1,Au=.5,B=.8,Bu=.5","TRUE",1,0,0,"TRUE","FALSE","FALSE","conjunctive","A=1,B=0,E=0","Conjunctive: A=1,B=0,E=0","Bu=0","B",0.0270632938682637
"24","1_c3","Bu=1",0.0476312827810749,0.11169544253536,0.102260275011638,0.0477607714080559,0.0993218346546149,0.0907958829039358,0.0476575755918184,0.123921680470364,0.0471562991061013,0.0942980526189812,0.0875878514440106,0.0477023169240025,0.0885053365066454,0.102814331437791,0.0477094164355346,0.0943102582301571,0.047013221445129,0.110626689100885,0.101954567419573,0.0478787735825762,0.0999478625783305,0.0781055719287505,0.0473089991793863,0.149301249857095,0.125,7,0.0875,"A=.1,Au=.5,B=.8,Bu=.5","FALSE",1,0,0,"TRUE","FALSE","FALSE","conjunctive","A=1,B=0,E=0","Conjunctive: A=1,B=0,E=0","Bu=1","B",0.0315918798902503
"25","1_c4","A=0",0.0476312827810749,0.0263365791115213,0.026466908511733,0.0477607714080559,0.030274300534098,0.0429317542596698,0.0476575755918184,0.0379692641487804,0.0471562991061013,0.0244174377484421,0.0238444495128416,0.0477023169240025,0.0251002708177674,0.0274199526275294,0.0477094164355346,0.0252595282049735,0.047013221445129,0.0238988450750771,0.023451505018702,0.0478787735825762,0.0258124147534712,0.04515061555205,0.0473089991793863,0.0260943942195984,0.125,2,0.0277777777777778,"A=.1,Au=.5,B=.8,Bu=.5","FALSE",1,1,0,"FALSE","TRUE","FALSE","conjunctive","A=1,B=1,E=0","Conjunctive: A=1,B=1,E=0","A=0","A",0.0193671302438443
"26","1_c4","A=1",0.0476312827810749,0.0818980179179329,0.0954270838030321,0.0477607714080559,0.0617610611406911,0.0527839032376522,0.0476575755918184,0.0697710035119744,0.0471562991061013,0.112039562085571,0.135439512631943,0.0477023169240025,0.105641806900027,0.0964735897020247,0.0477094164355346,0.158246817845183,0.047013221445129,0.0841316326387723,0.106001766559266,0.0478787735825762,0.0677246254622706,0.0522149697703269,0.0473089991793863,0.108717447046624,0.125,6,0.0833333333333333,"A=.1,Au=.5,B=.8,Bu=.5","FALSE",1,1,0,"TRUE","TRUE","FALSE","conjunctive","A=1,B=1,E=0","Conjunctive: A=1,B=1,E=0","A=1","A",0.0325723316654405
"27","1_c4","Au=0",0.357057714000765,0.284267536838601,0.28685472354641,0.356717685775832,0.318532315338635,0.3202971833375,0.357027273224545,0.247906071813425,0.358493848674658,0.226993125092514,0.20525532280166,0.356893049227992,0.230282783172671,0.230318833447359,0.356871750693396,0.158246826974922,0.358901641248713,0.27704607325017,0.264482829045919,0.356363679252271,0.29905410176435,0.313910684408678,0.358073002461841,0.182594079366889,0.125,18,0.25,"A=.1,Au=.5,B=.8,Bu=.5","TRUE",1,1,0,"TRUE","FALSE","FALSE","conjunctive","A=1,B=1,E=0","Conjunctive: A=1,B=1,E=0","Au=0","A",0.0510310363079829
"28","1_c4","Au=1",0.0476312827810749,0.0995234912316972,0.0911836838630149,0.0477607714080559,0.0772687798262795,0.0839871591651778,0.0476575755918184,0.14435366052582,0.0471562991061013,0.129502196435752,0.135439512631943,0.0477023169240025,0.126199652175435,0.145787624223087,0.0477094164355346,0.158246826974922,0.047013221445129,0.106131579003183,0.106001766559266,0.0478787735825762,0.0919236953652408,0.0887237302689454,0.0473089991793863,0.182594079366889,0.125,2,0.0277777777777778,"A=.1,Au=.5,B=.8,Bu=.5","FALSE",1,1,0,"TRUE","FALSE","FALSE","conjunctive","A=1,B=1,E=0","Conjunctive: A=1,B=1,E=0","Au=1","A",0.0193671302438443
"29","1_c4","B=0",0.0476312827810749,0.0263365791115213,0.026466908511733,0.0477607714080559,0.030274300534098,0.0429317542596698,0.0476575755918184,0.0379692641487804,0.0471562991061013,0.0244174377484421,0.0238444495128416,0.0477023169240025,0.0251002708177674,0.0274199526275294,0.0477094164355346,0.0252595282049735,0.047013221445129,0.0238988450750771,0.023451505018702,0.0478787735825762,0.0258124147534712,0.04515061555205,0.0473089991793863,0.0260943942195984,0.125,0,0,"A=.1,Au=.5,B=.8,Bu=.5","FALSE",1,1,0,"FALSE","TRUE","FALSE","conjunctive","A=1,B=1,E=0","Conjunctive: A=1,B=1,E=0","B=0","B",0
"30","1_c4","B=1",0.0476312827810749,0.0977639342045591,0.0954270838030321,0.0477607714080559,0.0860077489268984,0.0527839032376522,0.0476575755918184,0.0697710035119744,0.0471562991061013,0.126111495667888,0.135439512631943,0.0477023169240025,0.131201804554908,0.0964735897020247,0.0477094164355346,0.158246817845183,0.047013221445129,0.101638462409812,0.106001766559266,0.0478787735825762,0.0986446102897156,0.0522149697703269,0.0473089991793863,0.108717447046624,0.125,12,0.166666666666667,"A=.1,Au=.5,B=.8,Bu=.5","FALSE",1,1,0,"TRUE","TRUE","FALSE","conjunctive","A=1,B=1,E=0","Conjunctive: A=1,B=1,E=0","B=1","B",0.0439205230578942
"31","1_c4","Bu=0",0.357154589312786,0.284389627635967,0.28698992409803,0.356717685775832,0.318665425366005,0.3202971833375,0.357027273224545,0.247906071813425,0.358568356688734,0.227049973430956,0.205297727644884,0.356893049227992,0.23032851176433,0.230318833447359,0.356871750693396,0.158246826974922,0.359019030080513,0.27716778758678,0.264607094679613,0.356363679252271,0.299176203751248,0.313910684408678,0.358073002461841,0.182594079366889,0.125,26,0.361111111111111,"A=.1,Au=.5,B=.8,Bu=.5","TRUE",1,1,0,"TRUE","FALSE","FALSE","conjunctive","A=1,B=1,E=0","Conjunctive: A=1,B=1,E=0","Bu=0","B",0.0566065706510995
"32","1_c4","Bu=1",0.0476312827810749,0.0994842339482007,0.0911836838630149,0.0477607714080559,0.077216068333295,0.0839871591651778,0.0476575755918184,0.14435366052582,0.0471562991061013,0.129468771790434,0.135439512631943,0.0477023169240025,0.126144899797094,0.145787624223087,0.0477094164355346,0.158246826974922,0.047013221445129,0.106086774961129,0.106001766559266,0.0478787735825762,0.0918519338602328,0.0887237302689454,0.0473089991793863,0.182594079366889,0.125,6,0.0833333333333333,"A=.1,Au=.5,B=.8,Bu=.5","FALSE",1,1,0,"TRUE","FALSE","FALSE","conjunctive","A=1,B=1,E=0","Conjunctive: A=1,B=1,E=0","Bu=1","B",0.0325723316654405
"33","1_c5","A=0",0.0476312827810749,0.0263365791115213,0.026466908511733,0.0477607714080559,0.030274300534098,0.0429317542596698,0.0476575755918184,0.0379692641487804,0.0471562991061013,0.0244174377484421,0.0238444495128416,0.0477023169240025,0.0251002708177674,0.0274199526275294,0.0477094164355346,0.0252595282049735,0.047013221445129,0.0238988450750771,0.023451505018702,0.0478787735825762,0.0258124147534712,0.04515061555205,0.0473089991793863,0.0260943942195984,0.125,0,0,"A=.1,Au=.5,B=.8,Bu=.5","FALSE",1,1,1,"FALSE","TRUE","FALSE","conjunctive","A=1,B=1,E=1","Conjunctive: A=1,B=1,E=1","A=0","A",0
"34","1_c5","A=1",0.141622189208681,0.221607651548855,0.135122298043223,0.108421920774512,0.138900385735394,0.104493469391267,0.092534706209886,0.0869057700826943,0.245882755367558,0.271918500090364,0.2460295212216,0.202297683075997,0.248388250570427,0.215488539035606,0.202290585472976,0.210604155684588,0.272673428269261,0.304682951885867,0.263717718764111,0.202121226417424,0.277736432709519,0.204509830510036,0.219173198271288,0.218528254819714,0.125,13,0.228070175438596,"A=.1,Au=.5,B=.8,Bu=.5","TRUE",1,1,1,"TRUE","TRUE","TRUE","conjunctive","A=1,B=1,E=1","Conjunctive: A=1,B=1,E=1","A=1","A",0.055575801012135
"35","1_c5","Au=0",0.0476312827810749,0.0873417210933694,0.138912089065368,0.0477607714080559,0.0854233457392728,0.0457871300060708,0.0476575755918184,0.187562482884263,0.0471562991061013,0.0537327761616612,0.0591623311096694,0.0477023169240025,0.0504620765671273,0.041602969301258,0.0477094164355346,0.0535321731499819,0.047013221445129,0.0729996585974461,0.10406922791424,0.0478787735825762,0.0644726532825986,0.0458297234278774,0.0473089991793863,0.127688675480344,0.125,1,0.0175438596491228,"A=.1,Au=.5,B=.8,Bu=.5","FALSE",1,1,1,"TRUE","FALSE","FALSE","conjunctive","A=1,B=1,E=1","Conjunctive: A=1,B=1,E=1","Au=0","A",0.0173892851853808
"36","1_c5","Au=1",0.285679671050179,0.226220310056585,0.225233371050192,0.296056536409376,0.269017597598216,0.306787646342992,0.312150142606477,0.187562482884263,0.199173476665777,0.2051888502393,0.198849698015763,0.202297683075997,0.202939326364031,0.215488539035606,0.202290581655955,0.210604142960456,0.195080506303073,0.187813657294179,0.165384947397067,0.202121226417424,0.185442527539793,0.204509830510036,0.186208803369939,0.127688675480344,0.125,23,0.403508771929825,"A=.1,Au=.5,B=.8,Bu=.5","TRUE",1,1,1,"TRUE","FALSE","TRUE","conjunctive","A=1,B=1,E=1","Conjunctive: A=1,B=1,E=1","Au=1","A",0.0649817036200176
"37","1_c5","B=0",0.0476312827810749,0.0263365791115213,0.026466908511733,0.0477607714080559,0.030274300534098,0.0429317542596698,0.0476575755918184,0.0379692641487804,0.0471562991061013,0.0244174377484421,0.0238444495128416,0.0477023169240025,0.0251002708177674,0.0274199526275294,0.0477094164355346,0.0252595282049735,0.047013221445129,0.0238988450750771,0.023451505018702,0.0478787735825762,0.0258124147534712,0.04515061555205,0.0473089991793863,0.0260943942195984,0.125,0,0,"A=.1,Au=.5,B=.8,Bu=.5","FALSE",1,1,1,"FALSE","TRUE","FALSE","conjunctive","A=1,B=1,E=1","Conjunctive: A=1,B=1,E=1","B=0","B",0
"38","1_c5","B=1",0.096110879174217,0.09810943271165,0.0836468883876722,0.108421920774512,0.0916463187962601,0.104493469391267,0.092534706209886,0.0869057700826943,0.166958430576597,0.161143059510123,0.190255112701122,0.202297683075997,0.194602446378145,0.215488539035606,0.202290585472976,0.210604155684588,0.148826646604865,0.125488149948243,0.150466612311267,0.202121226417424,0.170793107216571,0.204509830510036,0.219173198271288,0.218528254819714,0.125,4,0.0701754385964912,"A=.1,Au=.5,B=.8,Bu=.5","TRUE",1,1,1,"TRUE","TRUE","TRUE","conjunctive","A=1,B=1,E=1","Conjunctive: A=1,B=1,E=1","B=1","B",0.0338341793380395
"39","1_c5","Bu=0",0.0476312827810749,0.0873417210933694,0.138912089065368,0.0477607714080559,0.0854396624640466,0.0457871300060708,0.0476575755918184,0.187562482884263,0.0471562991061013,0.0537327761616612,0.0591623311096694,0.0477023169240025,0.0504656982623077,0.041602969301258,0.0477094164355346,0.0535321731499819,0.047013221445129,0.0729996585974461,0.10406922791424,0.0478787735825762,0.0644837222491139,0.0458297234278774,0.0473089991793863,0.127688675480344,0.125,1,0.0175438596491228,"A=.1,Au=.5,B=.8,Bu=.5","FALSE",1,1,1,"TRUE","FALSE","FALSE","conjunctive","A=1,B=1,E=1","Conjunctive: A=1,B=1,E=1","Bu=0","B",0.0173892851853808
"40","1_c5","Bu=1",0.286062129442623,0.226706005273128,0.225239447364711,0.296056536409376,0.269024088598614,0.306787646342992,0.312150142606477,0.187562482884263,0.199360140965663,0.205449162340006,0.198852106816493,0.202297683075997,0.202941660222428,0.215488539035606,0.202290581655955,0.210604142960456,0.195366533042285,0.188218233526665,0.16538925566167,0.202121226417424,0.185446727495462,0.204509830510036,0.186208803369939,0.127688675480344,0.125,15,0.263157894736842,"A=.1,Au=.5,B=.8,Bu=.5","TRUE",1,1,1,"TRUE","FALSE","TRUE","conjunctive","A=1,B=1,E=1","Conjunctive: A=1,B=1,E=1","Bu=1","B",0.0583254356319622
"41","1_d1","A=0",0.189777978821627,0.166080079202561,0.145349352622173,0.303878206122249,0.154232943239143,0.314668532331659,0.28332967918114,0.266870875181249,0.245058288662869,0.246846747715576,0.252037891035498,0.308190406247363,0.250105235471042,0.319031209828366,0.299008797279964,0.330958265721862,0.185152664406741,0.166659355187685,0.146469506152464,0.30794205683319,0.15739291447255,0.327663248973856,0.219173198271288,0.218528254819714,0.125,16,0.205128205128205,"A=.1,Au=.5,B=.8,Bu=.5","TRUE",0,0,0,"TRUE","TRUE","TRUE","disjunctive","A=0,B=0,E=0","Disjunctive: A=0,B=0,E=0","A=0","A",0.045720811704704
"42","1_d1","A=1",0.0476312827810749,0.0263365791115213,0.026466908511733,0.0477607714080559,0.030274300534098,0.0429317542596698,0.0476575755918184,0.0379692641487804,0.0471562991061013,0.0244174377484421,0.0238444495128416,0.0477023169240025,0.0251002708177674,0.0274199526275294,0.0477094164355346,0.0252595282049735,0.047013221445129,0.0238988450750771,0.023451505018702,0.0478787735825762,0.0258124147534712,0.04515061555205,0.0473089991793863,0.0260943942195984,0.125,1,0.0128205128205128,"A=.1,Au=.5,B=.8,Bu=.5","FALSE",0,0,0,"FALSE","TRUE","FALSE","disjunctive","A=0,B=0,E=0","Disjunctive: A=0,B=0,E=0","A=1","A",0.0127380649375395
"43","1_d1","Au=0",0.137738543888602,0.0964875560371597,0.0698562658392662,0.10060025106164,0.0808529775853853,0.0711998567043355,0.121355169635223,0.0975799303349854,0.0952354392986845,0.0728674617642781,0.0616494393931213,0.0964049599046321,0.0673292405634764,0.0767744187720522,0.105572369848967,0.0718911030365822,0.12687150836624,0.0947906119320249,0.0686711376307446,0.0963003960016581,0.0810772866358688,0.063593067737047,0.186208803369939,0.127688675480344,0.125,2,0.0256410256410256,"A=.1,Au=.5,B=.8,Bu=.5","TRUE",0,0,0,"TRUE","FALSE","FALSE","disjunctive","A=0,B=0,E=0","Disjunctive: A=0,B=0,E=0","Au=0","A",0.0178969856526183
"44","1_d1","Au=1",0.0476312827810749,0.0900138732012907,0.0666666147015377,0.0477607714080559,0.0748678871973037,0.0711998567043355,0.0476575755918184,0.0975799303349854,0.0471562991061013,0.0701644165812668,0.0603718355626702,0.0477023169240025,0.0648386020797895,0.0767744187720522,0.0477094164355346,0.0718911030365822,0.047013221445129,0.088150503160665,0.0653695471454033,0.0478787735825762,0.0747361574460559,0.063593067737047,0.0473089991793863,0.127688675480344,0.125,4,0.0512820512820513,"A=.1,Au=.5,B=.8,Bu=.5","FALSE",0,0,0,"TRUE","FALSE","FALSE","disjunctive","A=0,B=0,E=0","Disjunctive: A=0,B=0,E=0","Au=1","A",0.0249749111284978
"45","1_d1","B=0",0.308357562319433,0.375965563384581,0.48104781325076,0.303878206122249,0.438904911367921,0.314668532331659,0.28332967918114,0.266870875181249,0.361811557783429,0.407538414441,0.441263633908337,0.308190406247363,0.425277694994907,0.319031209828366,0.299008797279964,0.330958265721862,0.333445091119237,0.38627311484317,0.489409153407321,0.30794205683319,0.44318385471091,0.327663248973856,0.219173198271288,0.218528254819714,0.125,36,0.461538461538462,"A=.1,Au=.5,B=.8,Bu=.5","TRUE",0,0,0,"TRUE","TRUE","TRUE","disjunctive","A=0,B=0,E=0","Disjunctive: A=0,B=0,E=0","B=0","B",0.0564461065927187
"46","1_d1","B=1",0.0476312827810749,0.0263365791115213,0.026466908511733,0.0477607714080559,0.030274300534098,0.0429317542596698,0.0476575755918184,0.0379692641487804,0.0471562991061013,0.0244174377484421,0.0238444495128416,0.0477023169240025,0.0251002708177674,0.0274199526275294,0.0477094164355346,0.0252595282049735,0.047013221445129,0.0238988450750771,0.023451505018702,0.0478787735825762,0.0258124147534712,0.04515061555205,0.0473089991793863,0.0260943942195984,0.125,4,0.0512820512820513,"A=.1,Au=.5,B=.8,Bu=.5","FALSE",0,0,0,"FALSE","TRUE","FALSE","disjunctive","A=0,B=0,E=0","Disjunctive: A=0,B=0,E=0","B=1","B",0.0249749111284978
"47","1_d1","Bu=0",0.173600783846038,0.142750896538355,0.117479521861259,0.10060025106164,0.128019438635742,0.0711998567043355,0.121355169635223,0.0975799303349854,0.109269517830612,0.0898387440821377,0.0766164655120197,0.0964049599046321,0.0831395478526802,0.0767744187720522,0.105572369848967,0.0718911030365822,0.166477850327267,0.142484833445403,0.11780809848126,0.0963003960016581,0.130366403954054,0.063593067737047,0.186208803369939,0.127688675480344,0.125,11,0.141025641025641,"A=.1,Au=.5,B=.8,Bu=.5","TRUE",0,0,0,"TRUE","FALSE","FALSE","disjunctive","A=0,B=0,E=0","Disjunctive: A=0,B=0,E=0","Bu=0","B",0.0394086756033113
"48","1_d1","Bu=1",0.0476312827810749,0.0760288734130105,0.0666666147015377,0.0477607714080559,0.0625732409063094,0.0711998567043355,0.0476575755918184,0.0975799303349854,0.0471562991061013,0.0639093399188572,0.0603718355626702,0.0477023169240025,0.059109137402571,0.0767744187720522,0.0477094164355346,0.0718911030365822,0.047013221445129,0.0738438912808981,0.0653695471454033,0.0478787735825762,0.0616185532736194,0.063593067737047,0.0473089991793863,0.127688675480344,0.125,4,0.0512820512820513,"A=.1,Au=.5,B=.8,Bu=.5","FALSE",0,0,0,"TRUE","FALSE","FALSE","disjunctive","A=0,B=0,E=0","Disjunctive: A=0,B=0,E=0","Bu=1","B",0.0249749111284978
"49","1_d2","A=0",0.0872136996579525,0.0727071186449559,0.0717990345783476,0.16435996460332,0.0798911506662819,0.161200669674878,0.133517075970152,0.128362308968298,0.199813139748147,0.177178475701543,0.241531792830951,0.330459899044693,0.250732293468495,0.341015399946833,0.324953345667787,0.330958274988675,0.1394306864371,0.0966937611606637,0.132051945312278,0.330090902528296,0.157672933522827,0.343780927146018,0.284860724015227,0.259465511063018,0.125,13,0.178082191780822,"A=.1,Au=.5,B=.8,Bu=.5","TRUE",0,1,0,"TRUE","TRUE","TRUE","disjunctive","A=0,B=1,E=0","Disjunctive: A=0,B=1,E=0","A=0","A",0.0447778266971195
"50","1_d2","A=1",0.0476312827810749,0.0263365791115213,0.026466908511733,0.0477607714080559,0.030274300534098,0.0429317542596698,0.0476575755918184,0.0379692641487804,0.0471562991061013,0.0244174377484421,0.0238444495128416,0.0477023169240025,0.0251002708177674,0.0274199526275294,0.0477094164355346,0.0252595282049735,0.047013221445129,0.0238988450750771,0.023451505018702,0.0478787735825762,0.0258124147534712,0.04515061555205,0.0473089991793863,0.0260943942195984,0.125,1,0.0136986301369863,"A=.1,Au=.5,B=.8,Bu=.5","FALSE",0,1,0,"FALSE","TRUE","FALSE","disjunctive","A=0,B=1,E=0","Disjunctive: A=0,B=1,E=0","A=1","A",0.0136044803605869
"51","1_d2","Au=0",0.0754940117941868,0.0536092561278443,0.0547420439747508,0.0718163016508161,0.0628809700368684,0.0552349759313823,0.0745069078092556,0.0615094637829658,0.0873356217210302,0.0609682806277515,0.069750280880522,0.100568617290601,0.0784005968498905,0.0804951872270551,0.111546233332644,0.0718911044501507,0.107610354506524,0.0663564721023296,0.0914154620937744,0.100424327030528,0.113649404931621,0.0646452313356195,0.239297140043921,0.149301249857095,0.125,3,0.0410958904109589,"A=.1,Au=.5,B=.8,Bu=.5","TRUE",0,1,0,"TRUE","FALSE","FALSE","disjunctive","A=0,B=1,E=0","Disjunctive: A=0,B=1,E=0","Au=0","A",0.0232340734085663
"52","1_d2","Au=1",0.0476312827810749,0.0516025150966626,0.0537602588054168,0.0477607714080559,0.0609695516900539,0.0552349759313823,0.0476575755918184,0.0615094637829658,0.0471562991061013,0.0593489284816236,0.0690256169526066,0.0477023169240025,0.0768688593466463,0.0804951872270551,0.0477094164355346,0.0718911044501507,0.047013221445129,0.0631850890477803,0.0890719625367892,0.0478787735825762,0.108661758860472,0.0646452313356195,0.0473089991793863,0.149301249857095,0.125,2,0.0273972602739726,"A=.1,Au=.5,B=.8,Bu=.5","FALSE",0,1,0,"TRUE","FALSE","FALSE","disjunctive","A=0,B=1,E=0","Disjunctive: A=0,B=1,E=0","Au=1","A",0.0191055648507569
"53","1_d2","B=0",0.0476312827810749,0.0263365791115213,0.026466908511733,0.0477607714080559,0.030274300534098,0.0429317542596698,0.0476575755918184,0.0379692641487804,0.0471562991061013,0.0244174377484421,0.0238444495128416,0.0477023169240025,0.0251002708177674,0.0274199526275294,0.0477094164355346,0.0252595282049735,0.047013221445129,0.0238988450750771,0.023451505018702,0.0478787735825762,0.0258124147534712,0.04515061555205,0.0473089991793863,0.0260943942195984,0.125,6,0.0821917808219178,"A=.1,Au=.5,B=.8,Bu=.5","FALSE",0,1,0,"FALSE","TRUE","FALSE","disjunctive","A=0,B=1,E=0","Disjunctive: A=0,B=1,E=0","B=0","B",0.0321461329375541
"54","1_d2","B=1",0.0476312827810749,0.046229762000523,0.0537602588054168,0.0477607714080559,0.0407428357434799,0.04421162786781,0.0476575755918184,0.0440996141101488,0.0471562991061013,0.0547321910297476,0.0690256169526066,0.0477023169240025,0.0559009150950335,0.0510694601985825,0.0477094164355346,0.0718911012488369,0.047013221445129,0.0547146768866629,0.0890719625367892,0.0478787735825762,0.0550663728167487,0.0464232259663127,0.0473089991793863,0.0911407010694042,0.125,13,0.178082191780822,"A=.1,Au=.5,B=.8,Bu=.5","FALSE",0,1,0,"TRUE","TRUE","FALSE","disjunctive","A=0,B=1,E=0","Disjunctive: A=0,B=1,E=0","B=1","B",0.0447778266971195
"55","1_d2","Bu=0",0.599135874642486,0.65123073680077,0.601701048571465,0.525019876705585,0.640822030923194,0.549836900029235,0.5536881382615,0.31429031052903,0.477069743000316,0.538804016148223,0.433952176405024,0.330459899044693,0.43782558621429,0.341015399946833,0.324953338821896,0.330958254002089,0.517892851830731,0.606544016942693,0.462413694946176,0.330090902528296,0.468303775790222,0.343780927146018,0.239297140043921,0.149301249857095,0.125,28,0.383561643835616,"A=.1,Au=.5,B=.8,Bu=.5","TRUE",0,1,0,"TRUE","FALSE","TRUE","disjunctive","A=0,B=1,E=0","Disjunctive: A=0,B=1,E=0","Bu=0","B",0.0569116244973546
"56","1_d2","Bu=1",0.0476312827810749,0.0719474531062016,0.111303538241137,0.0477607714080559,0.0541448598719259,0.0484173420459726,0.0476575755918184,0.31429031052903,0.0471562991061013,0.060133232514227,0.0690256169526066,0.0477023169240025,0.0500712073901105,0.0510694601985825,0.0477094164355346,0.0718911044501507,0.047013221445129,0.0647082937097161,0.0890719625367892,0.0478787735825762,0.0450209245711666,0.0464232259663127,0.0473089991793863,0.149301249857095,0.125,7,0.0958904109589041,"A=.1,Au=.5,B=.8,Bu=.5","FALSE",0,1,0,"TRUE","FALSE","FALSE","disjunctive","A=0,B=1,E=0","Disjunctive: A=0,B=1,E=0","Bu=1","B",0.0344617000123358
"57","1_d3","A=0",0.0476312827810749,0.0518669024383707,0.0555372731937051,0.0477607714080559,0.0515852289143441,0.04421162786781,0.0476575755918184,0.0440996141101488,0.0471562991061013,0.0563154604470007,0.0662796632807933,0.0477023169240025,0.0643315327136923,0.0510694601985825,0.0477094164355346,0.0718911012488369,0.047013221445129,0.0610506509911504,0.0858768066058099,0.0478787735825762,0.0762617254942249,0.0464232259663127,0.0473089991793863,0.0911407010694042,0.125,3,0.0434782608695652,"A=.1,Au=.5,B=.8,Bu=.5","FALSE",0,1,1,"TRUE","TRUE","FALSE","disjunctive","A=0,B=1,E=1","Disjunctive: A=0,B=1,E=1","A=0","A",0.0245504218510122
"58","1_d3","A=1",0.0476312827810749,0.0263365791115213,0.026466908511733,0.0477607714080559,0.030274300534098,0.0429317542596698,0.0476575755918184,0.0379692641487804,0.0471562991061013,0.0244174377484421,0.0238444495128416,0.0477023169240025,0.0251002708177674,0.0274199526275294,0.0477094164355346,0.0252595282049735,0.047013221445129,0.0238988450750771,0.023451505018702,0.0478787735825762,0.0258124147534712,0.04515061555205,0.0473089991793863,0.0260943942195984,0.125,5,0.072463768115942,"A=.1,Au=.5,B=.8,Bu=.5","FALSE",0,1,1,"FALSE","TRUE","FALSE","disjunctive","A=0,B=1,E=1","Disjunctive: A=0,B=1,E=1","A=1","A",0.0312105450468502
"59","1_d3","Au=0",0.0476312827810749,0.0550415697693259,0.0555372731937051,0.0477607714080559,0.0627470617478808,0.0552349759313823,0.0476575755918184,0.0615094637829658,0.0471562991061013,0.0586109578958638,0.0662796632807933,0.0477023169240025,0.0731758748881023,0.0804951872270551,0.0477094164355346,0.0718911044501507,0.047013221445129,0.0657476243250659,0.0858768066058099,0.0478787735825762,0.101647031183843,0.0646452313356195,0.0473089991793863,0.149301249857095,0.125,3,0.0434782608695652,"A=.1,Au=.5,B=.8,Bu=.5","FALSE",0,1,1,"TRUE","FALSE","FALSE","disjunctive","A=0,B=1,E=1","Disjunctive: A=0,B=1,E=1","Au=0","A",0.0245504218510122
"60","1_d3","Au=1",0.0476312827810749,0.0554412089798737,0.0555372731937051,0.0477607714080559,0.0645691832218455,0.0552349759313823,0.0476575755918184,0.0615094637829658,0.0471562991061013,0.0588924219109046,0.0662796632807933,0.0477023169240025,0.0744596198134338,0.0804951872270551,0.0477094164355346,0.0718911044501507,0.047013221445129,0.0663394970941555,0.0858768066058099,0.0478787735825762,0.105761266432836,0.0646452313356195,0.0473089991793863,0.149301249857095,0.125,2,0.0289855072463768,"A=.1,Au=.5,B=.8,Bu=.5","FALSE",0,1,1,"TRUE","FALSE","FALSE","disjunctive","A=0,B=1,E=1","Disjunctive: A=0,B=1,E=1","Au=1","A",0.0201966231989004
"61","1_d3","B=0",0.0476312827810749,0.0263365791115213,0.026466908511733,0.0477607714080559,0.030274300534098,0.0429317542596698,0.0476575755918184,0.0379692641487804,0.0471562991061013,0.0244174377484421,0.0238444495128416,0.0477023169240025,0.0251002708177674,0.0274199526275294,0.0477094164355346,0.0252595282049735,0.047013221445129,0.0238988450750771,0.023451505018702,0.0478787735825762,0.0258124147534712,0.04515061555205,0.0473089991793863,0.0260943942195984,0.125,1,0.0144927536231884,"A=.1,Au=.5,B=.8,Bu=.5","FALSE",0,1,1,"FALSE","TRUE","FALSE","disjunctive","A=0,B=1,E=1","Disjunctive: A=0,B=1,E=1","B=0","B",0.0143873503797889
"62","1_d3","B=1",0.127951812371737,0.146402120828003,0.127367491980262,0.169083070140969,0.131178977317601,0.161200669674878,0.137411836827954,0.128362308968298,0.285733331768822,0.268118446567246,0.30876599408394,0.356893049227992,0.312352599433231,0.341015399946833,0.356871754510417,0.330958274988675,0.247280567079731,0.202931694978739,0.238227269615163,0.356363679252271,0.252989779500111,0.343780927146018,0.39103739736319,0.259465511063018,0.125,9,0.130434782608696,"A=.1,Au=.5,B=.8,Bu=.5","TRUE",0,1,1,"TRUE","TRUE","TRUE","disjunctive","A=0,B=1,E=1","Disjunctive: A=0,B=1,E=1","B=1","B",0.0405436873147963
"63","1_d3","Bu=0",0.0476312827810749,0.0766071838818117,0.116827078226549,0.0477607714080559,0.0516936633319973,0.0484173420459726,0.0476575755918184,0.31429031052903,0.0471562991061013,0.058755404590809,0.0662796632807933,0.0477023169240025,0.0465182662921203,0.0510694601985825,0.0477094164355346,0.0718911044501507,0.047013221445129,0.0660509398682521,0.0858768066058099,0.0478787735825762,0.0408049881323667,0.0464232259663127,0.0473089991793863,0.149301249857095,0.125,1,0.0144927536231884,"A=.1,Au=.5,B=.8,Bu=.5","FALSE",0,1,1,"TRUE","FALSE","FALSE","disjunctive","A=0,B=1,E=1","Disjunctive: A=0,B=1,E=1","Bu=0","B",0.0143873503797889
"64","1_d3","Bu=1",0.586260490941813,0.561967855879572,0.536259793188608,0.544352301410696,0.577677284398136,0.549836900029235,0.576642709621136,0.31429031052903,0.43132887359457,0.450472433091291,0.378426453767203,0.356893049227992,0.378961565223886,0.341015399946833,0.356871746876376,0.330958254002089,0.470640104249495,0.490081902592483,0.371362493924193,0.356363679252271,0.370910379749676,0.343780927146018,0.325108607560493,0.149301249857095,0.125,45,0.652173913043478,"A=.1,Au=.5,B=.8,Bu=.5","TRUE",0,1,1,"TRUE","FALSE","TRUE","disjunctive","A=0,B=1,E=1","Disjunctive: A=0,B=1,E=1","Bu=1","B",0.0573374324691989
"65","1_d4","A=0",0.0476312827810749,0.0263365791115213,0.026466908511733,0.0477607714080559,0.030274300534098,0.0429317542596698,0.0476575755918184,0.0379692641487804,0.0471562991061013,0.0244174377484421,0.0238444495128416,0.0477023169240025,0.0251002708177674,0.0274199526275294,0.0477094164355346,0.0252595282049735,0.047013221445129,0.0238988450750771,0.023451505018702,0.0478787735825762,0.0258124147534712,0.04515061555205,0.0473089991793863,0.0260943942195984,0.125,1,0.015625,"A=.1,Au=.5,B=.8,Bu=.5","FALSE",1,0,0,"FALSE","TRUE","FALSE","disjunctive","A=1,B=0,E=0","Disjunctive: A=1,B=0,E=0","A=0","A",0.0155024490882691
"66","1_d4","A=1",0.0476312827810749,0.055856645643608,0.0645962877411314,0.0477607714080559,0.0391846784788657,0.04421162786781,0.0476575755918184,0.0440996141101488,0.0471562991061013,0.0580879767242739,0.0697449915981724,0.0477023169240025,0.0498614690515065,0.0510694601985825,0.0477094164355346,0.0718911012488369,0.047013221445129,0.0644436926094886,0.0953955771130593,0.0478787735825762,0.0456008369335445,0.0464232259663127,0.0473089991793863,0.0911407010694042,0.125,10,0.15625,"A=.1,Au=.5,B=.8,Bu=.5","FALSE",1,0,0,"TRUE","TRUE","FALSE","disjunctive","A=1,B=0,E=0","Disjunctive: A=1,B=0,E=0","A=1","A",0.0453865235883682
"67","1_d4","Au=0",0.516221966755583,0.451074904335986,0.431687374989989,0.525019876705585,0.488982869286482,0.549836900029235,0.5536881382615,0.31429031052903,0.362546538065585,0.38402527165321,0.329951198540963,0.330459899044693,0.337502739036193,0.341015399946833,0.324953338821896,0.330958254002089,0.352279204143875,0.37073674430682,0.267304288877484,0.330090902528296,0.291082155693102,0.343780927146018,0.239297140043921,0.149301249857095,0.125,28,0.4375,"A=.1,Au=.5,B=.8,Bu=.5","TRUE",1,0,0,"TRUE","FALSE","TRUE","disjunctive","A=1,B=0,E=0","Disjunctive: A=1,B=0,E=0","Au=0","A",0.0620097963530763
"68","1_d4","Au=1",0.0476312827810749,0.105406946874206,0.14498544847438,0.0477607714080559,0.0925346196818905,0.0484173420459726,0.0476575755918184,0.31429031052903,0.0471562991061013,0.067918243722427,0.0697449915981724,0.0477023169240025,0.0595668622593538,0.0510694601985825,0.0477094164355346,0.0718911044501507,0.047013221445129,0.0867797159940661,0.0953955771130593,0.0478787735825762,0.0642149275007798,0.0464232259663127,0.0473089991793863,0.149301249857095,0.125,4,0.0625,"A=.1,Au=.5,B=.8,Bu=.5","FALSE",1,0,0,"TRUE","FALSE","FALSE","disjunctive","A=1,B=0,E=0","Disjunctive: A=1,B=0,E=0","Au=1","A",0.0302576823922454
"69","1_d4","B=0",0.145322737095024,0.184344109205974,0.1634065536521,0.16435996460332,0.166348600664471,0.161200669674878,0.133517075970152,0.128362308968298,0.30019890079799,0.302174126934428,0.336806930734787,0.330459899044693,0.344170321459138,0.341015399946833,0.324953345667787,0.330958274988675,0.262911512010529,0.246728024047182,0.279511155882144,0.330090902528296,0.302554539468765,0.343780927146018,0.284860724015227,0.259465511063018,0.125,14,0.21875,"A=.1,Au=.5,B=.8,Bu=.5","TRUE",1,0,0,"TRUE","TRUE","TRUE","disjunctive","A=1,B=0,E=0","Disjunctive: A=1,B=0,E=0","B=0","B",0.0516748302942303
"70","1_d4","B=1",0.0476312827810749,0.0263365791115213,0.026466908511733,0.0477607714080559,0.030274300534098,0.0429317542596698,0.0476575755918184,0.0379692641487804,0.0471562991061013,0.0244174377484421,0.0238444495128416,0.0477023169240025,0.0251002708177674,0.0274199526275294,0.0477094164355346,0.0252595282049735,0.047013221445129,0.0238988450750771,0.023451505018702,0.0478787735825762,0.0258124147534712,0.04515061555205,0.0473089991793863,0.0260943942195984,0.125,0,0,"A=.1,Au=.5,B=.8,Bu=.5","FALSE",1,0,0,"FALSE","TRUE","FALSE","disjunctive","A=1,B=0,E=0","Disjunctive: A=1,B=0,E=0","B=1","B",0
"71","1_d4","Bu=0",0.100298882244019,0.0884302216098322,0.0777942303778022,0.0718163016508161,0.0871258759991134,0.0552349759313823,0.0745069078092556,0.0615094637829658,0.101473065605919,0.0767437546230455,0.0763179969040497,0.100568617290601,0.0856712289238099,0.0804951872270551,0.111546233332644,0.0718911044501507,0.149743176619951,0.110187184739879,0.12009481386379,0.100424327030528,0.144738451399859,0.0646452313356195,0.239297140043921,0.149301249857095,0.125,3,0.046875,"A=.1,Au=.5,B=.8,Bu=.5","TRUE",1,0,0,"TRUE","FALSE","FALSE","disjunctive","A=1,B=0,E=0","Disjunctive: A=1,B=0,E=0","Bu=0","B",0.0264213852704466
"72","1_d4","Bu=1",0.0476312827810749,0.0622140141073506,0.0645962877411314,0.0477607714080559,0.0652747548209815,0.0552349759313823,0.0476575755918184,0.0615094637829658,0.0471562991061013,0.0622157508457319,0.0697449915981724,0.0477023169240025,0.0730268376344642,0.0804951872270551,0.0477094164355346,0.0718911044501507,0.047013221445129,0.0733269481524101,0.0953955771130593,0.0478787735825762,0.100184259497006,0.0646452313356195,0.0473089991793863,0.149301249857095,0.125,4,0.0625,"A=.1,Au=.5,B=.8,Bu=.5","FALSE",1,0,0,"TRUE","FALSE","FALSE","disjunctive","A=1,B=0,E=0","Disjunctive: A=1,B=0,E=0","Bu=1","B",0.0302576823922454
"73","1_d5","A=0",0.0476312827810749,0.0263365791115213,0.026466908511733,0.0477607714080559,0.030274300534098,0.0429317542596698,0.0476575755918184,0.0379692641487804,0.0471562991061013,0.0244174377484421,0.0238444495128416,0.0477023169240025,0.0251002708177674,0.0274199526275294,0.0477094164355346,0.0252595282049735,0.047013221445129,0.0238988450750771,0.023451505018702,0.0478787735825762,0.0258124147534712,0.04515061555205,0.0473089991793863,0.0260943942195984,0.125,0,0,"A=.1,Au=.5,B=.8,Bu=.5","FALSE",1,0,1,"FALSE","TRUE","FALSE","disjunctive","A=1,B=0,E=1","Disjunctive: A=1,B=0,E=1","A=0","A",0
"74","1_d5","A=1",0.230581326022539,0.339797660766067,0.253764455458745,0.169083070140969,0.2469151322535,0.161200669674878,0.137411836827954,0.128362308968298,0.407087380071354,0.414108326796331,0.395932153378937,0.356893049227992,0.39784970128626,0.341015399946833,0.356871754510417,0.330958274988675,0.434556727207054,0.428046661920457,0.40180413250591,0.356363679252271,0.404360960029645,0.343780927146018,0.39103739736319,0.259465511063018,0.125,9,0.147540983606557,"A=.1,Au=.5,B=.8,Bu=.5","TRUE",1,0,1,"TRUE","TRUE","TRUE","disjunctive","A=1,B=0,E=1","Disjunctive: A=1,B=0,E=1","A=1","A",0.0454075608932934
"75","1_d5","Au=0",0.0476312827810749,0.0994564613523096,0.145256334238907,0.0477607714080559,0.0828146872060807,0.0484173420459726,0.0476575755918184,0.31429031052903,0.0471562991061013,0.0632334525428404,0.0673287183809594,0.0477023169240025,0.0547390077958663,0.0510694601985825,0.0477094164355346,0.0718911044501507,0.047013221445129,0.0764256793161892,0.0878720592911765,0.0478787735825762,0.054232328027479,0.0464232259663127,0.0473089991793863,0.149301249857095,0.125,1,0.0163934426229508,"A=.1,Au=.5,B=.8,Bu=.5","FALSE",1,0,1,"TRUE","FALSE","FALSE","disjunctive","A=1,B=0,E=1","Disjunctive: A=1,B=0,E=1","Au=0","A",0.0162585148747693
"76","1_d5","Au=1",0.483630977291011,0.319003222112434,0.353995084731067,0.544352301410696,0.415366379457824,0.549836900029235,0.576642709621136,0.31429031052903,0.309974825292038,0.29393433454418,0.287064074071542,0.356893049227992,0.293071232091184,0.341015399946833,0.356871746876376,0.330958254002089,0.283363944122172,0.238784144525094,0.19980462029198,0.356363679252271,0.221142615242206,0.343780927146018,0.325108607560493,0.149301249857095,0.125,37,0.60655737704918,"A=.1,Au=.5,B=.8,Bu=.5","TRUE",1,0,1,"TRUE","FALSE","TRUE","disjunctive","A=1,B=0,E=1","Disjunctive: A=1,B=0,E=1","Au=1","A",0.0625477555777169
"77","1_d5","B=0",0.0476312827810749,0.0517658126607352,0.0646834361826051,0.0477607714080559,0.0444548263935835,0.04421162786781,0.0476575755918184,0.0440996141101488,0.0471562991061013,0.0532244674481123,0.0673287183809594,0.0477023169240025,0.0540218175087137,0.0510694601985825,0.0477094164355346,0.0718911012488369,0.047013221445129,0.0554131205044887,0.0878720592911765,0.0478787735825762,0.0528703657813144,0.0464232259663127,0.0473089991793863,0.0911407010694042,0.125,6,0.0983606557377049,"A=.1,Au=.5,B=.8,Bu=.5","FALSE",1,0,1,"TRUE","TRUE","FALSE","disjunctive","A=1,B=0,E=1","Disjunctive: A=1,B=0,E=1","B=0","B",0.0381295971999709
"78","1_d5","B=1",0.0476312827810749,0.0263365791115213,0.026466908511733,0.0477607714080559,0.030274300534098,0.0429317542596698,0.0476575755918184,0.0379692641487804,0.0471562991061013,0.0244174377484421,0.0238444495128416,0.0477023169240025,0.0251002708177674,0.0274199526275294,0.0477094164355346,0.0252595282049735,0.047013221445129,0.0238988450750771,0.023451505018702,0.0478787735825762,0.0258124147534712,0.04515061555205,0.0473089991793863,0.0260943942195984,0.125,3,0.0491803278688525,"A=.1,Au=.5,B=.8,Bu=.5","FALSE",1,0,1,"FALSE","TRUE","FALSE","disjunctive","A=1,B=0,E=1","Disjunctive: A=1,B=0,E=1","B=1","B",0.0276872531538608
"79","1_d5","Bu=0",0.0476312827810749,0.0644654076200843,0.0646834361826051,0.0477607714080559,0.064257812283929,0.0552349759313823,0.0476575755918184,0.0615094637829658,0.0471562991061013,0.0610446862563399,0.0673287183809594,0.0477023169240025,0.0692003853055018,0.0804951872270551,0.0477094164355346,0.0718911044501507,0.047013221445129,0.071454101587115,0.0878720592911765,0.0478787735825762,0.0888526811809051,0.0646452313356195,0.0473089991793863,0.149301249857095,0.125,2,0.0327868852459016,"A=.1,Au=.5,B=.8,Bu=.5","FALSE",1,0,1,"TRUE","FALSE","FALSE","disjunctive","A=1,B=0,E=1","Disjunctive: A=1,B=0,E=1","Bu=0","B",0.0228005987129378
"80","1_d5","Bu=1",0.0476312827810749,0.0728382772653269,0.0646834361826051,0.0477607714080559,0.0856425613368877,0.0552349759313823,0.0476575755918184,0.0615094637829658,0.0471562991061013,0.0656198569153124,0.0673287183809594,0.0477023169240025,0.0809173143769395,0.0804951872270551,0.0477094164355346,0.0718911044501507,0.047013221445129,0.0820786019965019,0.0878720592911765,0.0478787735825762,0.126916220231508,0.0646452313356195,0.0473089991793863,0.149301249857095,0.125,3,0.0491803278688525,"A=.1,Au=.5,B=.8,Bu=.5","FALSE",1,0,1,"TRUE","FALSE","FALSE","disjunctive","A=1,B=0,E=1","Disjunctive: A=1,B=0,E=1","Bu=1","B",0.0276872531538608
"81","1_d6","A=0",0.0476312827810749,0.0263365791115213,0.026466908511733,0.0477607714080559,0.030274300534098,0.0429317542596698,0.0476575755918184,0.0379692641487804,0.0471562991061013,0.0244174377484421,0.0238444495128416,0.0477023169240025,0.0251002708177674,0.0274199526275294,0.0477094164355346,0.0252595282049735,0.047013221445129,0.0238988450750771,0.023451505018702,0.0478787735825762,0.0258124147534712,0.04515061555205,0.0473089991793863,0.0260943942195984,0.125,2,0.03125,"A=.1,Au=.5,B=.8,Bu=.5","FALSE",1,1,0,"FALSE","TRUE","FALSE","disjunctive","A=1,B=1,E=0","Disjunctive: A=1,B=1,E=0","A=0","A",0.0217490795423048
"82","1_d6","A=1",0.0476312827810749,0.047227127643062,0.0606685917204319,0.0477607714080559,0.0440576769280736,0.043749686843894,0.0476575755918184,0.041788556779351,0.0471562991061013,0.0547128159883729,0.076716272409698,0.0477023169240025,0.0631070901549677,0.0529977357099254,0.0477094164355346,0.0718911026624054,0.047013221445129,0.0586178658071903,0.116384144957227,0.0478787735825762,0.07388802969648,0.0465002226387024,0.0473089991793863,0.108717447046624,0.125,4,0.0625,"A=.1,Au=.5,B=.8,Bu=.5","FALSE",1,1,0,"TRUE","TRUE","FALSE","disjunctive","A=1,B=1,E=0","Disjunctive: A=1,B=1,E=0","A=1","A",0.0302576823922454
"83","1_d6","Au=0",0.306102606812839,0.266511219012687,0.239182115092357,0.356717685775832,0.290331221031225,0.366881113945512,0.357027273224545,0.210121089535934,0.319154524020741,0.30768026356288,0.300866486534034,0.356893049227992,0.320483251517211,0.36658457595262,0.356871750693396,0.330958263268902,0.297405946429913,0.260380201827421,0.208490999167236,0.356363679252271,0.269787403115499,0.361848939170545,0.358073002461841,0.182594079366889,0.125,14,0.21875,"A=.1,Au=.5,B=.8,Bu=.5","TRUE",1,1,0,"TRUE","FALSE","TRUE","disjunctive","A=1,B=1,E=0","Disjunctive: A=1,B=1,E=0","Au=0","A",0.0516748302942303
"84","1_d6","Au=1",0.0476312827810749,0.0795442719843708,0.132776888901727,0.0477607714080559,0.105340411698492,0.0464374449509241,0.0476575755918184,0.210121089535934,0.0471562991061013,0.0624062275974182,0.076716272409698,0.0477023169240025,0.0720083830726351,0.0529977357099254,0.0477094164355346,0.0718911058637193,0.047013221445129,0.0750592515757095,0.116384144957227,0.0478787735825762,0.0991184942752535,0.0465002226387024,0.0473089991793863,0.182594079366889,0.125,1,0.015625,"A=.1,Au=.5,B=.8,Bu=.5","FALSE",1,1,0,"TRUE","FALSE","FALSE","disjunctive","A=1,B=1,E=0","Disjunctive: A=1,B=1,E=0","Au=1","A",0.0155024490882691
"85","1_d6","B=0",0.0476312827810749,0.0263365791115213,0.026466908511733,0.0477607714080559,0.030274300534098,0.0429317542596698,0.0476575755918184,0.0379692641487804,0.0471562991061013,0.0244174377484421,0.0238444495128416,0.0477023169240025,0.0251002708177674,0.0274199526275294,0.0477094164355346,0.0252595282049735,0.047013221445129,0.0238988450750771,0.023451505018702,0.0478787735825762,0.0258124147534712,0.04515061555205,0.0473089991793863,0.0260943942195984,0.125,4,0.0625,"A=.1,Au=.5,B=.8,Bu=.5","FALSE",1,1,0,"FALSE","TRUE","FALSE","disjunctive","A=1,B=1,E=0","Disjunctive: A=1,B=1,E=0","B=0","B",0.0302576823922454
"86","1_d6","B=1",0.0476312827810749,0.0510362971966194,0.0606685917204319,0.0477607714080559,0.0481810528812243,0.043749686843894,0.0476575755918184,0.041788556779351,0.0471562991061013,0.0578759273243099,0.076716272409698,0.0477023169240025,0.0682248496535847,0.0529977357099254,0.0477094164355346,0.0718911026624054,0.047013221445129,0.0650569547026499,0.116384144957227,0.0478787735825762,0.0877446925346017,0.0465002226387024,0.0473089991793863,0.108717447046624,0.125,6,0.09375,"A=.1,Au=.5,B=.8,Bu=.5","FALSE",1,1,0,"TRUE","TRUE","FALSE","disjunctive","A=1,B=1,E=0","Disjunctive: A=1,B=1,E=0","B=1","B",0.0364350744261282
"87","1_d6","Bu=0",0.408109696500711,0.423463653955848,0.32099310663986,0.356717685775832,0.377618007686576,0.366881113945512,0.357027273224545,0.210121089535934,0.397907681342651,0.406083662432716,0.344579524801491,0.356893049227992,0.364768947484808,0.36658457595262,0.356871750693396,0.330958263268902,0.420514724899313,0.418028784361166,0.279069410966452,0.356363679252271,0.348646212162208,0.361848939170545,0.358073002461841,0.182594079366889,0.125,33,0.515625,"A=.1,Au=.5,B=.8,Bu=.5","TRUE",1,1,0,"TRUE","FALSE","TRUE","disjunctive","A=1,B=1,E=0","Disjunctive: A=1,B=1,E=0","Bu=0","B",0.0624694749676542
"88","1_d6","Bu=1",0.0476312827810749,0.0795442719843708,0.132776888901727,0.0477607714080559,0.0739230287062129,0.0464374449509241,0.0476575755918184,0.210121089535934,0.0471562991061013,0.0624062275974182,0.076716272409698,0.0477023169240025,0.061206936481259,0.0529977357099254,0.0477094164355346,0.0718911058637193,0.047013221445129,0.0750592515757095,0.116384144957227,0.0478787735825762,0.0691903387090153,0.0465002226387024,0.0473089991793863,0.182594079366889,0.125,0,0,"A=.1,Au=.5,B=.8,Bu=.5","FALSE",1,1,0,"TRUE","FALSE","FALSE","disjunctive","A=1,B=1,E=0","Disjunctive: A=1,B=1,E=0","Bu=1","B",0
"89","1_d7","A=0",0.0476312827810749,0.0263365791115213,0.026466908511733,0.0477607714080559,0.030274300534098,0.0429317542596698,0.0476575755918184,0.0379692641487804,0.0471562991061013,0.0244174377484421,0.0238444495128416,0.0477023169240025,0.0251002708177674,0.0274199526275294,0.0477094164355346,0.0252595282049735,0.047013221445129,0.0238988450750771,0.023451505018702,0.0478787735825762,0.0258124147534712,0.04515061555205,0.0473089991793863,0.0260943942195984,0.125,2,0.0294117647058824,"A=.1,Au=.5,B=.8,Bu=.5","FALSE",1,1,1,"FALSE","TRUE","FALSE","disjunctive","A=1,B=1,E=1","Disjunctive: A=1,B=1,E=1","A=0","A",0.0204891337064481
"90","1_d7","A=1",0.185474292371872,0.195317527496657,0.20010333891665,0.257072021533971,0.202953166837325,0.286140623237322,0.241422825807289,0.24585709815678,0.288641029069644,0.305702820929255,0.32764041832629,0.285868092949102,0.325588541469703,0.316362392974275,0.299008797279964,0.330958265721862,0.210072163845544,0.20691019304348,0.221935595079135,0.280510234030331,0.230215754383241,0.313910684408678,0.219173198271288,0.218528254819714,0.125,10,0.147058823529412,"A=.1,Au=.5,B=.8,Bu=.5","TRUE",1,1,1,"TRUE","TRUE","TRUE","disjunctive","A=1,B=1,E=1","Disjunctive: A=1,B=1,E=1","A=1","A",0.0429487598176692
"91","1_d7","Au=0",0.0476312827810749,0.0813960521102851,0.0757927289915034,0.0477607714080559,0.0602891787055652,0.0538994462879827,0.0476575755918184,0.085132803214246,0.0471562991061013,0.0727157540869066,0.0701086117665892,0.0477023169240025,0.0637496871145567,0.0647716408983839,0.0477094164355346,0.0718911030365822,0.047013221445129,0.0843588594206343,0.0840424344525606,0.0478787735825762,0.0660605224408215,0.0522149697703269,0.0473089991793863,0.127688675480344,0.125,1,0.0147058823529412,"A=.1,Au=.5,B=.8,Bu=.5","FALSE",1,1,1,"TRUE","FALSE","FALSE","disjunctive","A=1,B=1,E=1","Disjunctive: A=1,B=1,E=1","Au=0","A",0.0145973503725659
"92","1_d7","Au=1",0.195562107911057,0.165080346886361,0.162867421597465,0.147406435649917,0.177481672277766,0.117028176215026,0.163262023009074,0.131040834480193,0.117903733256432,0.100730439986196,0.0873678788040483,0.118727273202893,0.0955120531638863,0.0914460134998119,0.105572369848967,0.0718911030365822,0.173552232137796,0.156276067069029,0.145364856130849,0.123732218804516,0.159783485456599,0.0887237302689454,0.186208803369939,0.127688675480344,0.125,15,0.220588235294118,"A=.1,Au=.5,B=.8,Bu=.5","TRUE",1,1,1,"TRUE","FALSE","FALSE","disjunctive","A=1,B=1,E=1","Disjunctive: A=1,B=1,E=1","Au=1","A",0.0502828858945222
"93","1_d7","B=0",0.0476312827810749,0.0263365791115213,0.026466908511733,0.0477607714080559,0.030274300534098,0.0429317542596698,0.0476575755918184,0.0379692641487804,0.0471562991061013,0.0244174377484421,0.0238444495128416,0.0477023169240025,0.0251002708177674,0.0274199526275294,0.0477094164355346,0.0252595282049735,0.047013221445129,0.0238988450750771,0.023451505018702,0.0478787735825762,0.0258124147534712,0.04515061555205,0.0473089991793863,0.0260943942195984,0.125,1,0.0147058823529412,"A=.1,Au=.5,B=.8,Bu=.5","FALSE",1,1,1,"FALSE","TRUE","FALSE","disjunctive","A=1,B=1,E=1","Disjunctive: A=1,B=1,E=1","B=0","B",0.0145973503725659
"94","1_d7","B=1",0.167412420752377,0.162991306656585,0.155611164612914,0.257072021533971,0.162982039720315,0.286140623237322,0.241422825807289,0.24585709815678,0.264057971024198,0.272429381225456,0.289730118921999,0.285868092949102,0.289727859900215,0.316362392974275,0.299008797279964,0.330958265721862,0.1847398772281,0.171405780688941,0.17138562239519,0.280510234030331,0.184241918463464,0.313910684408678,0.219173198271288,0.218528254819714,0.125,11,0.161764705882353,"A=.1,Au=.5,B=.8,Bu=.5","TRUE",1,1,1,"TRUE","TRUE","TRUE","disjunctive","A=1,B=1,E=1","Disjunctive: A=1,B=1,E=1","B=1","B",0.0446550316335501
"95","1_d7","Bu=0",0.0476312827810749,0.0747836074649328,0.0757927289915034,0.0477607714080559,0.0527672847525666,0.0538994462879827,0.0476575755918184,0.085132803214246,0.0471562991061013,0.0691873965923247,0.0701086117665892,0.0477023169240025,0.0587256132621447,0.0647716408983839,0.0477094164355346,0.0718911030365822,0.047013221445129,0.0769907254555115,0.0840424344525606,0.0478787735825762,0.0562563177856209,0.0522149697703269,0.0473089991793863,0.127688675480344,0.125,2,0.0294117647058824,"A=.1,Au=.5,B=.8,Bu=.5","FALSE",1,1,1,"TRUE","FALSE","FALSE","disjunctive","A=1,B=1,E=1","Disjunctive: A=1,B=1,E=1","Bu=0","B",0.0204891337064481
"96","1_d7","Bu=1",0.261026047840395,0.267758001162137,0.276898799866498,0.147406435649917,0.282978056638265,0.117028176215026,0.163262023009074,0.131040834480193,0.140772070225321,0.130399331682977,0.1073554613888,0.118727273202893,0.116495703453959,0.0914460134998119,0.105572369848967,0.0718911030365822,0.243582841008044,0.256260684172251,0.246326047452302,0.123732218804516,0.251817171963311,0.0887237302689454,0.186208803369939,0.127688675480344,0.125,26,0.382352941176471,"A=.1,Au=.5,B=.8,Bu=.5","TRUE",1,1,1,"TRUE","FALSE","FALSE","disjunctive","A=1,B=1,E=1","Disjunctive: A=1,B=1,E=1","Bu=1","B",0.0589315616963706
"97","2_c1","A=0",0.20401356191331,0.169208892295462,0.172598162206449,0.26771199637116,0.170365836881144,0.255807267325177,0.257525373894275,0.233939900022206,0.279816703144637,0.274877258863084,0.296949368916671,0.280700858793484,0.285786875857247,0.307131720675999,0.299008797163826,0.330958265721862,0.204877231507765,0.170469194384512,0.17396130055938,0.269619432844948,0.172087034253296,0.262791259250216,0.216682991689965,0.208780645420824,0.125,16,0.231884057971014,"A=.5,Au=.1,B=.5,Bu=.8","TRUE",0,0,0,"TRUE","TRUE","TRUE","conjunctive","A=0,B=0,E=0","Conjunctive: A=0,B=0,E=0","A=0","A",0.0508070863524162
"98","2_c1","A=1",0.0476312827810749,0.0263365791115213,0.026466908511733,0.0477607714080559,0.030274300534098,0.0429317542596698,0.0476575755918184,0.0379692641487804,0.0471562991061013,0.0244174377484421,0.0238444495128416,0.0477023169240025,0.0251002708177674,0.0274199526275294,0.0477094164355346,0.0252595282049735,0.047013221445129,0.0238988450750771,0.023451505018702,0.0478787735825762,0.0258124147534712,0.04515061555205,0.0473089991793863,0.0260943942195984,0.125,0,0,"A=.5,Au=.1,B=.5,Bu=.8","FALSE",0,0,0,"FALSE","TRUE","FALSE","conjunctive","A=0,B=0,E=0","Conjunctive: A=0,B=0,E=0","A=1","A",0
"99","2_c1","Au=0",0.216663437985626,0.187037644089809,0.200021422003493,0.208170337035177,0.193519972472586,0.17831201763264,0.213989201473919,0.187705195079212,0.132150627944492,0.112436962203833,0.100810156672246,0.181287585878106,0.106293284556445,0.117803372095113,0.105572370965258,0.0718911055976333,0.220351251297484,0.189065069936826,0.2019891558761,0.206308763128321,0.195423560714675,0.171245120304627,0.209620752051032,0.186871208059622,0.125,8,0.115942028985507,"A=.5,Au=.1,B=.5,Bu=.8","TRUE",0,0,0,"TRUE","FALSE","FALSE","conjunctive","A=0,B=0,E=0","Conjunctive: A=0,B=0,E=0","Au=0","A",0.0385421799621562
"100","2_c1","Au=1",0.0476312827810749,0.139231659926684,0.133026159647589,0.0477607714080559,0.133403354679074,0.0465541219400844,0.0476575755918184,0.0553635350165885,0.0471562991061013,0.0958110135270367,0.0856337950038131,0.0477023169240025,0.0901492725841341,0.0522156915895034,0.0477094164355346,0.0718911004755312,0.047013221445129,0.139287233840358,0.133448768426991,0.0478787735825762,0.134563193652857,0.0467514463414531,0.0473089991793863,0.0839524517558002,0.125,4,0.0579710144927536,"A=.5,Au=.1,B=.5,Bu=.8","FALSE",0,0,0,"TRUE","FALSE","FALSE","conjunctive","A=0,B=0,E=0","Conjunctive: A=0,B=0,E=0","Au=1","A",0.0281328051253992
"101","2_c1","B=0",0.203999252300653,0.169189128642915,0.172568598731915,0.26771199637116,0.170340630345051,0.255807267325177,0.257525373894275,0.233939900022206,0.279800428958009,0.274856715939096,0.296924490522019,0.280700858793484,0.285764234098189,0.307131720675999,0.299008797163826,0.330958265721862,0.20485986639784,0.170448599836478,0.173931066394078,0.269619432844948,0.172061564711214,0.262791259250216,0.216682991689965,0.208780645420824,0.125,25,0.36231884057971,"A=.5,Au=.1,B=.5,Bu=.8","TRUE",0,0,0,"TRUE","TRUE","TRUE","conjunctive","A=0,B=0,E=0","Conjunctive: A=0,B=0,E=0","B=0","B",0.0578658992394703
"102","2_c1","B=1",0.0476312827810749,0.0263365791115213,0.026466908511733,0.0477607714080559,0.030274300534098,0.0429317542596698,0.0476575755918184,0.0379692641487804,0.0471562991061013,0.0244174377484421,0.0238444495128416,0.0477023169240025,0.0251002708177674,0.0274199526275294,0.0477094164355346,0.0252595282049735,0.047013221445129,0.0238988450750771,0.023451505018702,0.0478787735825762,0.0258124147534712,0.04515061555205,0.0473089991793863,0.0260943942195984,0.125,0,0,"A=.5,Au=.1,B=.5,Bu=.8","FALSE",0,0,0,"FALSE","TRUE","FALSE","conjunctive","A=0,B=0,E=0","Conjunctive: A=0,B=0,E=0","B=1","B",0
"103","2_c1","Bu=0",0.184798616676112,0.143521579557426,0.135825680739498,0.0653625845902792,0.138529599195907,0.048627661175996,0.0803297483702583,0.0607344501755244,0.119607043528457,0.0974073079858763,0.0863594948557546,0.066501428838916,0.0916904295186187,0.0565667619402313,0.105572368964951,0.0718911011157939,0.181858765016395,0.143742278797009,0.136317930279056,0.0629372768514792,0.139790254321106,0.0479136688995467,0.167777267851492,0.0918369063432109,0.125,8,0.115942028985507,"A=.5,Au=.1,B=.5,Bu=.8","TRUE",0,0,0,"TRUE","FALSE","FALSE","conjunctive","A=0,B=0,E=0","Conjunctive: A=0,B=0,E=0","Bu=0","B",0.0385421799621562
"104","2_c1","Bu=1",0.0476312827810749,0.139137937264661,0.133026159647589,0.0477607714080559,0.133292005358042,0.129028156081587,0.0476575755918184,0.152378491386703,0.0471562991061013,0.0957758659841896,0.0856337950038131,0.0477023169240025,0.0901153617498318,0.104310827768094,0.0477094164355346,0.0718911049573706,0.047013221445129,0.139189933054662,0.133448768426991,0.0478787735825762,0.134449562839909,0.118206014849841,0.0473089991793863,0.167589354560523,0.125,8,0.115942028985507,"A=.5,Au=.1,B=.5,Bu=.8","FALSE",0,0,0,"TRUE","FALSE","FALSE","conjunctive","A=0,B=0,E=0","Conjunctive: A=0,B=0,E=0","Bu=1","B",0.0385421799621562
"105","2_c2","A=0",0.259249097190527,0.197541617391372,0.206096330772487,0.389277542742026,0.20373677675304,0.3563188971625,0.365247438942257,0.303648487206147,0.421168039161524,0.369917723725115,0.416928651640344,0.421569375041003,0.395057274676296,0.445704930576203,0.471071542853976,0.477929657179683,0.260416971665075,0.199882218870695,0.208329347756647,0.394025539306775,0.206217277638424,0.374536380762118,0.28012940253069,0.245282303453724,0.125,37,0.486842105263158,"A=.5,Au=.1,B=.5,Bu=.8","TRUE",0,1,0,"TRUE","TRUE","TRUE","conjunctive","A=0,B=1,E=0","Conjunctive: A=0,B=1,E=0","A=0","A",0.0573340706329434
"106","2_c2","A=1",0.0476312827810749,0.0263365791115213,0.026466908511733,0.0477607714080559,0.030274300534098,0.0429317542596698,0.0476575755918184,0.0379692641487804,0.0471562991061013,0.0244174377484421,0.0238444495128416,0.0477023169240025,0.0251002708177674,0.0274199526275294,0.0477094164355346,0.0252595282049735,0.047013221445129,0.0238988450750771,0.023451505018702,0.0478787735825762,0.0258124147534712,0.04515061555205,0.0473089991793863,0.0260943942195984,0.125,4,0.0526315789473684,"A=.5,Au=.1,B=.5,Bu=.8","FALSE",0,1,0,"FALSE","TRUE","FALSE","conjunctive","A=0,B=1,E=0","Conjunctive: A=0,B=1,E=0","A=1","A",0.0256139085995941
"107","2_c2","Au=0",0.300313847286709,0.250187326210505,0.292342408624787,0.296827613173763,0.276122229099359,0.242233371119812,0.299364787284306,0.240967665496332,0.19459353191942,0.157171872919147,0.146165474020498,0.262051862251267,0.151747322162344,0.162580610624489,0.145190689169126,0.0943102620224899,0.311129509585724,0.254971090862478,0.296338242071684,0.295194843884727,0.278637440524704,0.235986914466481,0.270421693236435,0.218995247169405,0.125,6,0.0789473684210526,"A=.5,Au=.1,B=.5,Bu=.8","TRUE",0,1,0,"TRUE","FALSE","FALSE","conjunctive","A=0,B=1,E=0","Conjunctive: A=0,B=1,E=0","Au=0","A",0.0309317332882649
"108","2_c2","Au=1",0.0476312827810749,0.12361789394847,0.110790375390632,0.0477607714080559,0.113429640420511,0.0482644646384317,0.0476575755918184,0.0615508397721482,0.0471562991061013,0.105411959076573,0.0967812398498154,0.0477023169240025,0.100151039902437,0.0644998552619195,0.0477094164355346,0.0943102544378245,0.047013221445129,0.123008904027806,0.110703708682926,0.0478787735825762,0.114372985229373,0.047573374764574,0.0473089991793863,0.0955127909534559,0.125,7,0.0921052631578947,"A=.5,Au=.1,B=.5,Bu=.8","FALSE",0,1,0,"TRUE","FALSE","FALSE","conjunctive","A=0,B=1,E=0","Conjunctive: A=0,B=1,E=0","Au=1","A",0.0331705885212911
"109","2_c2","B=0",0.0476312827810749,0.0263365791115213,0.026466908511733,0.0477607714080559,0.030274300534098,0.0429317542596698,0.0476575755918184,0.0379692641487804,0.0471562991061013,0.0244174377484421,0.0238444495128416,0.0477023169240025,0.0251002708177674,0.0274199526275294,0.0477094164355346,0.0252595282049735,0.047013221445129,0.0238988450750771,0.023451505018702,0.0478787735825762,0.0258124147534712,0.04515061555205,0.0473089991793863,0.0260943942195984,0.125,0,0,"A=.5,Au=.1,B=.5,Bu=.8","FALSE",0,1,0,"FALSE","TRUE","FALSE","conjunctive","A=0,B=1,E=0","Conjunctive: A=0,B=1,E=0","B=0","B",0
"110","2_c2","B=1",0.0476312827810749,0.119519250197158,0.110790375390632,0.0477607714080559,0.108901663807293,0.0463231435518069,0.0476575755918184,0.0559873165117475,0.0471562991061013,0.103370961229291,0.0967812398498154,0.0477023169240025,0.098149864400792,0.0589645233074177,0.0477094164355346,0.0943102534897414,0.047013221445129,0.118768865636136,0.110703708682926,0.0478787735825762,0.109702167371813,0.0465542900580933,0.0473089991793863,0.0871874900347772,0.125,7,0.0921052631578947,"A=.5,Au=.1,B=.5,Bu=.8","FALSE",0,1,0,"TRUE","TRUE","FALSE","conjunctive","A=0,B=1,E=0","Conjunctive: A=0,B=1,E=0","B=1","B",0.0331705885212911
"111","2_c2","Bu=0",0.202280641617389,0.132899405547326,0.116256317407363,0.0750909870439314,0.123894313834389,0.0513170493508842,0.097099895814345,0.068832239662358,0.148456933388549,0.109908565442854,0.0988732557640283,0.0778671780877175,0.104570309817103,0.0710065080867372,0.145190685799225,0.0943102553859076,0.193387411523556,0.13262084201462,0.116318274085486,0.0713857488956173,0.12513710582967,0.0493323273211239,0.212903908335944,0.104972600354013,0.125,10,0.131578947368421,"A=.5,Au=.1,B=.5,Bu=.8","TRUE",0,1,0,"TRUE","FALSE","FALSE","conjunctive","A=0,B=1,E=0","Conjunctive: A=0,B=1,E=0","Bu=0","B",0.0387749797206909
"112","2_c2","Bu=1",0.0476312827810749,0.123561348482127,0.110790375390632,0.0477607714080559,0.113366775017212,0.169679565657225,0.0476575755918184,0.193074923053706,0.0471562991061013,0.105384042110136,0.0967812398498154,0.0477023169240025,0.100123647405493,0.142403666888175,0.0477094164355346,0.0943102610744067,0.047013221445129,0.12295038843811,0.110703708682926,0.0478787735825762,0.114308193899073,0.15571548152351,0.0473089991793863,0.195860779595427,0.125,5,0.0657894736842105,"A=.5,Au=.1,B=.5,Bu=.8","FALSE",0,1,0,"TRUE","FALSE","FALSE","conjunctive","A=0,B=1,E=0","Conjunctive: A=0,B=1,E=0","Bu=1","B",0.0284376554562703
"113","2_c3","A=0",0.0476312827810749,0.0263365791115213,0.026466908511733,0.0477607714080559,0.030274300534098,0.0429317542596698,0.0476575755918184,0.0379692641487804,0.0471562991061013,0.0244174377484421,0.0238444495128416,0.0477023169240025,0.0251002708177674,0.0274199526275294,0.0477094164355346,0.0252595282049735,0.047013221445129,0.0238988450750771,0.023451505018702,0.0478787735825762,0.0258124147534712,0.04515061555205,0.0473089991793863,0.0260943942195984,0.125,1,0.0133333333333333,"A=.5,Au=.1,B=.5,Bu=.8","FALSE",1,0,0,"FALSE","TRUE","FALSE","conjunctive","A=1,B=0,E=0","Conjunctive: A=1,B=0,E=0","A=0","A",0.0132441461562234
"114","2_c3","A=1",0.0476312827810749,0.119417615238033,0.110655572973086,0.0477607714080559,0.108778333476874,0.0463231435518069,0.0476575755918184,0.0559873165117475,0.0471562991061013,0.103321646034975,0.0967360704582954,0.0477023169240025,0.098100431747032,0.0589645233074177,0.0477094164355346,0.0943102534897414,0.047013221445129,0.118663183983447,0.110565673795056,0.0478787735825762,0.109576537254419,0.0465542900580933,0.0473089991793863,0.0871874900347772,0.125,7,0.0933333333333333,"A=.5,Au=.1,B=.5,Bu=.8","FALSE",1,0,0,"TRUE","TRUE","FALSE","conjunctive","A=1,B=0,E=0","Conjunctive: A=1,B=0,E=0","A=1","A",0.0335901220047843
"115","2_c3","Au=0",0.300482489789161,0.250523213872205,0.292858678202301,0.296827613173763,0.276565160535656,0.242233371119812,0.299364787284306,0.240967665496332,0.194677926579962,0.157292900029567,0.146284711787624,0.262051862251267,0.151867649189428,0.162580610624489,0.145190689169126,0.0943102620224899,0.311334031650497,0.255321870137426,0.296865836944051,0.295194843884727,0.279083396556512,0.235986914466481,0.270421693236435,0.218995247169405,0.125,19,0.253333333333333,"A=.5,Au=.1,B=.5,Bu=.8","TRUE",1,0,0,"TRUE","FALSE","FALSE","conjunctive","A=1,B=0,E=0","Conjunctive: A=1,B=0,E=0","Au=0","A",0.0502202556153797
"116","2_c3","Au=1",0.0476312827810749,0.123525208024515,0.110655572973086,0.0477607714080559,0.113314121554586,0.0482644646384317,0.0476575755918184,0.0615508397721482,0.0471562991061013,0.105367996470004,0.0967360704582954,0.0477023169240025,0.100106755704757,0.0644998552619195,0.0477094164355346,0.0943102544378245,0.047013221445129,0.122912385892138,0.110565673795056,0.0478787735825762,0.114255731813649,0.047573374764574,0.0473089991793863,0.0955127909534559,0.125,3,0.04,"A=.5,Au=.1,B=.5,Bu=.8","FALSE",1,0,0,"TRUE","FALSE","FALSE","conjunctive","A=1,B=0,E=0","Conjunctive: A=1,B=0,E=0","Au=1","A",0.0226274169979695
"117","2_c3","B=0",0.259214380463982,0.197583173984993,0.206114646187276,0.389277542742026,0.203765473192421,0.3563188971625,0.365247438942257,0.303648487206147,0.421144410123463,0.369975131700802,0.416986354764674,0.421569375041003,0.395116707322266,0.445704930576203,0.471071542853976,0.477929657179683,0.260368913053392,0.199924535902827,0.20834905152747,0.394025539306775,0.206249842937693,0.374536380762118,0.28012940253069,0.245282303453724,0.125,33,0.44,"A=.5,Au=.1,B=.5,Bu=.8","TRUE",1,0,0,"TRUE","TRUE","TRUE","conjunctive","A=1,B=0,E=0","Conjunctive: A=1,B=0,E=0","B=0","B",0.0573178273605458
"118","2_c3","B=1",0.0476312827810749,0.0263365791115213,0.026466908511733,0.0477607714080559,0.030274300534098,0.0429317542596698,0.0476575755918184,0.0379692641487804,0.0471562991061013,0.0244174377484421,0.0238444495128416,0.0477023169240025,0.0251002708177674,0.0274199526275294,0.0477094164355346,0.0252595282049735,0.047013221445129,0.0238988450750771,0.023451505018702,0.0478787735825762,0.0258124147534712,0.04515061555205,0.0473089991793863,0.0260943942195984,0.125,2,0.0266666666666667,"A=.5,Au=.1,B=.5,Bu=.8","FALSE",1,0,0,"FALSE","TRUE","FALSE","conjunctive","A=1,B=0,E=0","Conjunctive: A=1,B=0,E=0","B=1","B",0.0186030662546279
"119","2_c3","Bu=0",0.202146715841482,0.132812163152207,0.1161261396677,0.0750909870439314,0.123780576828556,0.0513170493508842,0.097099895814345,0.068832239662358,0.148396167766069,0.109868960492898,0.0988318230471327,0.0778671780877175,0.104530109669721,0.0710065080867372,0.145190685799225,0.0943102553859076,0.193230948070466,0.132529768683751,0.116185080105906,0.0713857488956173,0.125022356694291,0.0493323273211239,0.212903908335944,0.104972600354013,0.125,3,0.04,"A=.5,Au=.1,B=.5,Bu=.8","TRUE",1,0,0,"TRUE","FALSE","FALSE","conjunctive","A=1,B=0,E=0","Conjunctive: A=1,B=0,E=0","Bu=0","B",0.0226274169979695
"120","2_c3","Bu=1",0.0476312827810749,0.123465467505005,0.110655572973086,0.0477607714080559,0.113247733343712,0.169679565657225,0.0476575755918184,0.193074923053706,0.0471562991061013,0.10533848977487,0.0967360704582954,0.0477023169240025,0.100077804731261,0.142403666888175,0.0477094164355346,0.0943102610744067,0.047013221445129,0.122850565250258,0.110565673795056,0.0478787735825762,0.114187305236494,0.15571548152351,0.0473089991793863,0.195860779595427,0.125,7,0.0933333333333333,"A=.5,Au=.1,B=.5,Bu=.8","FALSE",1,0,0,"TRUE","FALSE","FALSE","conjunctive","A=1,B=0,E=0","Conjunctive: A=1,B=0,E=0","Bu=1","B",0.0335901220047843
"121","2_c4","A=0",0.0476312827810749,0.0263365791115213,0.026466908511733,0.0477607714080559,0.030274300534098,0.0429317542596698,0.0476575755918184,0.0379692641487804,0.0471562991061013,0.0244174377484421,0.0238444495128416,0.0477023169240025,0.0251002708177674,0.0274199526275294,0.0477094164355346,0.0252595282049735,0.047013221445129,0.0238988450750771,0.023451505018702,0.0478787735825762,0.0258124147534712,0.04515061555205,0.0473089991793863,0.0260943942195984,0.125,2,0.0303030303030303,"A=.5,Au=.1,B=.5,Bu=.8","FALSE",1,1,0,"FALSE","TRUE","FALSE","conjunctive","A=1,B=1,E=0","Conjunctive: A=1,B=1,E=0","A=0","A",0.021100321934024
"122","2_c4","A=1",0.0476312827810749,0.0751727400813275,0.0568249376838275,0.0477607714080559,0.0577617730911748,0.0472142864823745,0.0476575755918184,0.0583634544688435,0.0471562991061013,0.113392467327642,0.118504708388386,0.0477023169240025,0.111962042458649,0.0881056885719918,0.0477094164355346,0.158246817845183,0.047013221445129,0.0774887348360111,0.0625302293052238,0.0478787735825762,0.0644349705035907,0.0473807233394587,0.0473089991793863,0.102442170731868,0.125,8,0.121212121212121,"A=.5,Au=.1,B=.5,Bu=.8","FALSE",1,1,0,"TRUE","TRUE","FALSE","conjunctive","A=1,B=1,E=0","Conjunctive: A=1,B=1,E=0","A=1","A",0.0401738160775525
"123","2_c4","Au=0",0.562271343757845,0.531440186623196,0.641684147720679,0.628298856114728,0.608325733649701,0.531209998814296,0.611935727635433,0.425269045179529,0.500375802483542,0.356053682848791,0.353093237136704,0.600487241285511,0.357299225276245,0.322515297240753,0.356871756037225,0.158246834278712,0.561350844924617,0.534362197507762,0.634090286079457,0.62049453194668,0.594402985248117,0.509915169937937,0.404057328335172,0.267161752380532,0.125,32,0.484848484848485,"A=.5,Au=.1,B=.5,Bu=.8","TRUE",1,1,0,"TRUE","FALSE","FALSE","conjunctive","A=1,B=1,E=0","Conjunctive: A=1,B=1,E=0","Au=0","A",0.0615174810815215
"124","2_c4","Au=1",0.0476312827810749,0.0978711759118757,0.075569547606005,0.0477607714080559,0.0831663214485731,0.0516901609039492,0.0476575755918184,0.113806669108893,0.0471562991061013,0.121503253590838,0.118504708388386,0.0477023169240025,0.117173939821885,0.0902765008933182,0.0477094164355346,0.158246819671131,0.047013221445129,0.0861274363387072,0.0625302293052238,0.0478787735825762,0.0692211387584792,0.0476616757493237,0.0473089991793863,0.112846263133071,0.125,2,0.0303030303030303,"A=.5,Au=.1,B=.5,Bu=.8","FALSE",1,1,0,"TRUE","FALSE","FALSE","conjunctive","A=1,B=1,E=0","Conjunctive: A=1,B=1,E=0","Au=1","A",0.021100321934024
"125","2_c4","B=0",0.0476312827810749,0.0263365791115213,0.026466908511733,0.0477607714080559,0.030274300534098,0.0429317542596698,0.0476575755918184,0.0379692641487804,0.0471562991061013,0.0244174377484421,0.0238444495128416,0.0477023169240025,0.0251002708177674,0.0274199526275294,0.0477094164355346,0.0252595282049735,0.047013221445129,0.0238988450750771,0.023451505018702,0.0478787735825762,0.0258124147534712,0.04515061555205,0.0473089991793863,0.0260943942195984,0.125,1,0.0151515151515152,"A=.5,Au=.1,B=.5,Bu=.8","FALSE",1,1,0,"FALSE","TRUE","FALSE","conjunctive","A=1,B=1,E=0","Conjunctive: A=1,B=1,E=0","B=0","B",0.015036292831784
"126","2_c4","B=1",0.0476312827810749,0.0751707397888894,0.0568249376838275,0.0477607714080559,0.0577644226958172,0.0472142864823745,0.0476575755918184,0.0583634544688435,0.0471562991061013,0.113390306517703,0.118504708388386,0.0477023169240025,0.111966083879588,0.0881056885719918,0.0477094164355346,0.158246817845183,0.047013221445129,0.0774865052605189,0.0625302293052238,0.0478787735825762,0.0644385732710237,0.0473807233394587,0.0473089991793863,0.102442170731868,0.125,4,0.0606060606060606,"A=.5,Au=.1,B=.5,Bu=.8","FALSE",1,1,0,"TRUE","TRUE","FALSE","conjunctive","A=1,B=1,E=0","Conjunctive: A=1,B=1,E=0","B=1","B",0.0293704051271248
"127","2_c4","Bu=0",0.151940959555705,0.08952560192752,0.0606181702697986,0.0851365154369367,0.0718595659710985,0.0538981979060259,0.102118818813657,0.0704143033127829,0.21668640287985,0.129103590218539,0.125199030284069,0.113298857170474,0.133128299967021,0.113663314063407,0.356871745349567,0.158246821497078,0.156569826404609,0.0947043771615169,0.0688857866622441,0.0922328265578628,0.0856143047777325,0.0524559239227661,0.312088676588511,0.124668145856896,0.125,11,0.166666666666667,"A=.5,Au=.1,B=.5,Bu=.8","TRUE",1,1,0,"TRUE","FALSE","FALSE","conjunctive","A=1,B=1,E=0","Conjunctive: A=1,B=1,E=0","Bu=0","B",0.0458734902135984
"128","2_c4","Bu=1",0.0476312827810749,0.0781463974441487,0.0555444420123962,0.0477607714080559,0.0605735820754398,0.182909560891641,0.0476575755918184,0.197844545163547,0.0471562991061013,0.117721823999602,0.118504708388386,0.0477023169240025,0.118269866961077,0.242493605403479,0.0477094164355346,0.158246832452765,0.047013221445129,0.0820330587453295,0.0625302293052238,0.0478787735825762,0.0702631979341144,0.204904552606956,0.0473089991793863,0.238250708726569,0.125,6,0.0909090909090909,"A=.5,Au=.1,B=.5,Bu=.8","FALSE",1,1,0,"TRUE","FALSE","FALSE","conjunctive","A=1,B=1,E=0","Conjunctive: A=1,B=1,E=0","Bu=1","B",0.0353863156437056
"129","2_c5","A=0",0.0476312827810749,0.0263365791115213,0.026466908511733,0.0477607714080559,0.030274300534098,0.0429317542596698,0.0476575755918184,0.0379692641487804,0.0471562991061013,0.0244174377484421,0.0238444495128416,0.0477023169240025,0.0251002708177674,0.0274199526275294,0.0477094164355346,0.0252595282049735,0.047013221445129,0.0238988450750771,0.023451505018702,0.0478787735825762,0.0258124147534712,0.04515061555205,0.0473089991793863,0.0260943942195984,0.125,1,0.0119047619047619,"A=.5,Au=.1,B=.5,Bu=.8","FALSE",1,1,1,"FALSE","TRUE","FALSE","conjunctive","A=1,B=1,E=1","Conjunctive: A=1,B=1,E=1","A=0","A",0.0118336880641429
"130","2_c5","A=1",0.139557830086361,0.154830659233967,0.121096996387443,0.141122209985082,0.127169326246036,0.139407388761903,0.155731535450863,0.134960493077246,0.199291581408408,0.20535035116088,0.211491800278603,0.202297683075997,0.216212850278573,0.215488539035606,0.202290585663827,0.210604156185539,0.195239497280035,0.188029777213226,0.182011927686819,0.202121226417424,0.203457120150886,0.204509830510036,0.219958272188332,0.208780645420824,0.125,8,0.0952380952380952,"A=.5,Au=.1,B=.5,Bu=.8","TRUE",1,1,1,"TRUE","TRUE","TRUE","conjunctive","A=1,B=1,E=1","Conjunctive: A=1,B=1,E=1","A=1","A",0.0320282242445023
"131","2_c5","Au=0",0.0476312827810749,0.0718874341742166,0.116734667194515,0.0477607714080559,0.0386571632751164,0.0444873526339751,0.0476575755918184,0.183494708780284,0.0471562991061013,0.0537265661304535,0.0655014769223544,0.0477023169240025,0.0394635357298064,0.041602969301258,0.0477094164355346,0.0535321747791584,0.047013221445129,0.0729714257469579,0.134584822362793,0.0478787735825762,0.0377242135191903,0.0458297234278774,0.0473089991793863,0.186871208059622,0.125,2,0.0238095238095238,"A=.5,Au=.1,B=.5,Bu=.8","FALSE",1,1,1,"TRUE","FALSE","FALSE","conjunctive","A=1,B=1,E=1","Conjunctive: A=1,B=1,E=1","Au=0","A",0.0166342412144231
"132","2_c5","Au=1",0.352895854045168,0.341465001843095,0.201569955784515,0.285759423149654,0.228058029654121,0.296504681694657,0.141358489205442,0.0821430506327864,0.246022429722101,0.272118118303025,0.200216354301186,0.202297683075997,0.205248109927495,0.215488539035606,0.20229057879319,0.210604133282103,0.272889443492785,0.305011362648381,0.161758439757002,0.202121226417424,0.183612649491187,0.204509830510036,0.164986636682432,0.0839524517558002,0.125,29,0.345238095238095,"A=.5,Au=.1,B=.5,Bu=.8","TRUE",1,1,1,"TRUE","FALSE","TRUE","conjunctive","A=1,B=1,E=1","Conjunctive: A=1,B=1,E=1","Au=1","A",0.0518753947586204
"133","2_c5","B=0",0.0476312827810749,0.0263365791115213,0.026466908511733,0.0477607714080559,0.030274300534098,0.0429317542596698,0.0476575755918184,0.0379692641487804,0.0471562991061013,0.0244174377484421,0.0238444495128416,0.0477023169240025,0.0251002708177674,0.0274199526275294,0.0477094164355346,0.0252595282049735,0.047013221445129,0.0238988450750771,0.023451505018702,0.0478787735825762,0.0258124147534712,0.04515061555205,0.0473089991793863,0.0260943942195984,0.125,1,0.0119047619047619,"A=.5,Au=.1,B=.5,Bu=.8","FALSE",1,1,1,"FALSE","TRUE","FALSE","conjunctive","A=1,B=1,E=1","Conjunctive: A=1,B=1,E=1","B=0","B",0.0118336880641429
"134","2_c5","B=1",0.139637180813944,0.154998376568744,0.121139752546771,0.141122209985082,0.127208261599306,0.139407388761903,0.155731535450863,0.134960493077246,0.19939195687071,0.205490338872419,0.211529969584805,0.202297683075997,0.216249914658977,0.215488539035606,0.202290585663827,0.210604156185539,0.195393323768281,0.188247386393486,0.182083062809992,0.202121226417424,0.203526198462955,0.204509830510036,0.219958272188332,0.208780645420824,0.125,13,0.154761904761905,"A=.5,Au=.1,B=.5,Bu=.8","TRUE",1,1,1,"TRUE","TRUE","TRUE","conjunctive","A=1,B=1,E=1","Conjunctive: A=1,B=1,E=1","B=1","B",0.0394622570729316
"135","2_c5","Bu=0",0.0476312827810749,0.0917448154535284,0.215982536162387,0.0477607714080559,0.22784602742272,0.0469613563275349,0.0476575755918184,0.148734891550118,0.0471562991061013,0.0537265661304535,0.0655014769223544,0.0477023169240025,0.0694677626062906,0.041602969301258,0.0477094164355346,0.0535321720618267,0.047013221445129,0.0729714257469579,0.134584822362793,0.0478787735825762,0.140092702587966,0.0458297234278774,0.0473089991793863,0.0918369063432109,0.125,1,0.0119047619047619,"A=.5,Au=.1,B=.5,Bu=.8","FALSE",1,1,1,"TRUE","FALSE","FALSE","conjunctive","A=1,B=1,E=1","Conjunctive: A=1,B=1,E=1","Bu=0","B",0.0118336880641429
"136","2_c5","Bu=1",0.177384003930227,0.132400554503406,0.170542274900903,0.240953071247959,0.190512590734505,0.247368323300687,0.356548137525559,0.239767834584759,0.166668835574375,0.160753183905886,0.198070022965015,0.202297683075997,0.203157285163324,0.215488539035606,0.202290584137018,0.210604151095886,0.148424849678382,0.124970932100837,0.158073914983197,0.202121226417424,0.179962286280874,0.204509830510036,0.20586082222336,0.167589354560523,0.125,29,0.345238095238095,"A=.5,Au=.1,B=.5,Bu=.8","TRUE",1,1,1,"TRUE","FALSE","TRUE","conjunctive","A=1,B=1,E=1","Conjunctive: A=1,B=1,E=1","Bu=1","B",0.0518753947586204
"137","2_d1","A=0",0.136826011400346,0.0897398008641698,0.0569217616917619,0.26771199637116,0.0691528030588565,0.255807267325177,0.257525373894275,0.233939900022206,0.183632463792385,0.167177807897686,0.160108340735566,0.280700858793484,0.163884550453777,0.307131720675999,0.299008797163826,0.330958265721862,0.122837529117561,0.0875098433927971,0.0554070849675266,0.269619432844948,0.0693788421902213,0.262791259250216,0.216682991689965,0.208780645420824,0.125,9,0.140625,"A=.5,Au=.1,B=.5,Bu=.8","TRUE",0,0,0,"TRUE","TRUE","TRUE","disjunctive","A=0,B=0,E=0","Disjunctive: A=0,B=0,E=0","A=0","A",0.0434542880103262
"138","2_d1","A=1",0.0476312827810749,0.0263365791115213,0.026466908511733,0.0477607714080559,0.030274300534098,0.0429317542596698,0.0476575755918184,0.0379692641487804,0.0471562991061013,0.0244174377484421,0.0238444495128416,0.0477023169240025,0.0251002708177674,0.0274199526275294,0.0477094164355346,0.0252595282049735,0.047013221445129,0.0238988450750771,0.023451505018702,0.0478787735825762,0.0258124147534712,0.04515061555205,0.0473089991793863,0.0260943942195984,0.125,3,0.046875,"A=.5,Au=.1,B=.5,Bu=.8","FALSE",0,0,0,"FALSE","TRUE","FALSE","disjunctive","A=0,B=0,E=0","Disjunctive: A=0,B=0,E=0","A=1","A",0.0264213852704466
"139","2_d1","Au=0",0.133672997451061,0.0863822892945477,0.0545922435128714,0.208170337035177,0.0664964194847999,0.17831201763264,0.213989201473919,0.187705195079212,0.0928601548125556,0.0697236562382785,0.05813367672908,0.181287585878106,0.0639009429243885,0.117803372095113,0.105572370965258,0.0718911055976333,0.119626946345074,0.0840897222737403,0.0529793721184563,0.206308763128321,0.0664949889611078,0.171245120304627,0.209620752051032,0.186871208059622,0.125,8,0.125,"A=.5,Au=.1,B=.5,Bu=.8","TRUE",0,0,0,"TRUE","FALSE","FALSE","disjunctive","A=0,B=0,E=0","Disjunctive: A=0,B=0,E=0","Au=0","A",0.0413398642353842
"140","2_d1","Au=1",0.0476312827810749,0.0740648028404237,0.0478261648231789,0.0477607714080559,0.0571451341494394,0.0465541219400844,0.0476575755918184,0.0553635350165885,0.0471562991061013,0.0639577555201552,0.0541377985601921,0.0477023169240025,0.0586924078557756,0.0522156915895034,0.0477094164355346,0.0718911004755312,0.047013221445129,0.0715697532987782,0.0459195314271914,0.0478787735825762,0.0562845031198513,0.0467514463414531,0.0473089991793863,0.0839524517558002,0.125,2,0.03125,"A=.5,Au=.1,B=.5,Bu=.8","FALSE",0,0,0,"TRUE","FALSE","FALSE","disjunctive","A=0,B=0,E=0","Disjunctive: A=0,B=0,E=0","Au=1","A",0.0217490795423048
"141","2_d1","B=0",0.406003535714995,0.545399427895171,0.685811516545187,0.26771199637116,0.629276311307212,0.255807267325177,0.257525373894275,0.233939900022206,0.442306809728785,0.521014278318512,0.567937796634255,0.280700858793484,0.544668318523901,0.307131720675999,0.299008797163826,0.330958265721862,0.450565964624909,0.562197979415505,0.700417433965335,0.269619432844948,0.640325171836673,0.262791259250216,0.216682991689965,0.208780645420824,0.125,32,0.5,"A=.5,Au=.1,B=.5,Bu=.8","TRUE",0,0,0,"TRUE","TRUE","TRUE","disjunctive","A=0,B=0,E=0","Disjunctive: A=0,B=0,E=0","B=0","B",0.0625
"142","2_d1","B=1",0.0476312827810749,0.0263365791115213,0.026466908511733,0.0477607714080559,0.030274300534098,0.0429317542596698,0.0476575755918184,0.0379692641487804,0.0471562991061013,0.0244174377484421,0.0238444495128416,0.0477023169240025,0.0251002708177674,0.0274199526275294,0.0477094164355346,0.0252595282049735,0.047013221445129,0.0238988450750771,0.023451505018702,0.0478787735825762,0.0258124147534712,0.04515061555205,0.0473089991793863,0.0260943942195984,0.125,1,0.015625,"A=.5,Au=.1,B=.5,Bu=.8","FALSE",0,0,0,"FALSE","TRUE","FALSE","disjunctive","A=0,B=0,E=0","Disjunctive: A=0,B=0,E=0","B=1","B",0.0155024490882691
"143","2_d1","Bu=0",0.132972324309297,0.0856446055382445,0.0540883315803558,0.0653625845902792,0.0659186589111858,0.048627661175996,0.0803297483702583,0.0607344501755244,0.0925753752418688,0.0693928072534666,0.0578556897550312,0.066501428838916,0.0636009673668022,0.0565667619402313,0.105572368964951,0.0718911011157939,0.11891667413194,0.0833386803233729,0.0524540360568952,0.0629372768514792,0.0658668662260712,0.0479136688995467,0.167777267851492,0.0918369063432109,0.125,4,0.0625,"A=.5,Au=.1,B=.5,Bu=.8","TRUE",0,0,0,"TRUE","FALSE","FALSE","disjunctive","A=0,B=0,E=0","Disjunctive: A=0,B=0,E=0","Bu=0","B",0.0302576823922454
"144","2_d1","Bu=1",0.0476312827810749,0.066095915344401,0.0478261648231789,0.0477607714080559,0.0514620720203108,0.129028156081587,0.0476575755918184,0.152378491386703,0.0471562991061013,0.0598988192750177,0.0541377985601921,0.0477023169240025,0.0550522712398208,0.104310827768094,0.0477094164355346,0.0718911049573706,0.047013221445129,0.0634963311456525,0.0459195314271914,0.0478787735825762,0.0500247981591325,0.118206014849841,0.0473089991793863,0.167589354560523,0.125,5,0.078125,"A=.5,Au=.1,B=.5,Bu=.8","FALSE",0,0,0,"TRUE","FALSE","FALSE","disjunctive","A=0,B=0,E=0","Disjunctive: A=0,B=0,E=0","Bu=1","B",0.0335460235103861
"145","2_d2","A=0",0.083945816361887,0.0637416740676716,0.101072857197234,0.161609545007173,0.11628819248112,0.161305518755447,0.196124504947415,0.173339951637844,0.184180678077084,0.157781092280182,0.268344109054993,0.288006220008574,0.285870255849214,0.33204748124399,0.324953346944096,0.330958279076987,0.122943149862413,0.0798737676277242,0.149649805996255,0.275166898721698,0.19060387663236,0.291290843469767,0.28012940253069,0.245282303453724,0.125,15,0.208333333333333,"A=.5,Au=.1,B=.5,Bu=.8","TRUE",0,1,0,"TRUE","TRUE","TRUE","disjunctive","A=0,B=1,E=0","Disjunctive: A=0,B=1,E=0","A=0","A",0.0478612803892022
"146","2_d2","A=1",0.0476312827810749,0.0263365791115213,0.026466908511733,0.0477607714080559,0.030274300534098,0.0429317542596698,0.0476575755918184,0.0379692641487804,0.0471562991061013,0.0244174377484421,0.0238444495128416,0.0477023169240025,0.0251002708177674,0.0274199526275294,0.0477094164355346,0.0252595282049735,0.047013221445129,0.0238988450750771,0.023451505018702,0.0478787735825762,0.0258124147534712,0.04515061555205,0.0473089991793863,0.0260943942195984,0.125,0,0,"A=.5,Au=.1,B=.5,Bu=.8","FALSE",0,1,0,"FALSE","TRUE","FALSE","disjunctive","A=0,B=1,E=0","Disjunctive: A=0,B=1,E=0","A=1","A",0
"147","2_d2","Au=0",0.0826350056076255,0.0617194695386843,0.0975479682146511,0.130790235432538,0.112664273874196,0.118212706883642,0.165325678793863,0.141402392390296,0.0930166052814734,0.0667121787010962,0.086239659384658,0.18547597536284,0.0989874148263815,0.125854415690749,0.111546234887561,0.0718911076348369,0.119660476192369,0.0768013024168844,0.143728470093418,0.210272334643723,0.183880402049259,0.187756930308289,0.270421693236435,0.218995247169405,0.125,1,0.0138888888888889,"A=.5,Au=.1,B=.5,Bu=.8","TRUE",0,1,0,"TRUE","FALSE","FALSE","disjunctive","A=0,B=1,E=0","Disjunctive: A=0,B=1,E=0","Au=0","A",0.0137921010275613
"148","2_d2","Au=1",0.0476312827810749,0.0565085871770163,0.0925254231880356,0.0477607714080559,0.106039401123182,0.0449460455820661,0.0476575755918184,0.0499847091936545,0.0471562991061013,0.0628999203331973,0.0842145526512084,0.0477023169240025,0.0960574605403012,0.054424410584036,0.0477094164355346,0.0718911025127345,0.047013221445129,0.0688972293105202,0.135287662263461,0.0478787735825762,0.171564216105469,0.0469610717640241,0.0473089991793863,0.0955127909534559,0.125,3,0.0416666666666667,"A=.5,Au=.1,B=.5,Bu=.8","FALSE",0,1,0,"TRUE","FALSE","FALSE","disjunctive","A=0,B=1,E=0","Disjunctive: A=0,B=1,E=0","Au=1","A",0.0235497568858516
"149","2_d2","B=0",0.0476312827810749,0.0263365791115213,0.026466908511733,0.0477607714080559,0.030274300534098,0.0429317542596698,0.0476575755918184,0.0379692641487804,0.0471562991061013,0.0244174377484421,0.0238444495128416,0.0477023169240025,0.0251002708177674,0.0274199526275294,0.0477094164355346,0.0252595282049735,0.047013221445129,0.0238988450750771,0.023451505018702,0.0478787735825762,0.0258124147534712,0.04515061555205,0.0473089991793863,0.0260943942195984,0.125,2,0.0277777777777778,"A=.5,Au=.1,B=.5,Bu=.8","FALSE",0,1,0,"FALSE","TRUE","FALSE","disjunctive","A=0,B=1,E=0","Disjunctive: A=0,B=1,E=0","B=0","B",0.0193671302438443
"150","2_d2","B=1",0.0476312827810749,0.0436642568993113,0.0925254231880356,0.0477607714080559,0.0359263269488064,0.0442127625156639,0.0476575755918184,0.0471499449243416,0.0471562991061013,0.0521156131878022,0.0842145526512084,0.0477023169240025,0.0453712519760506,0.0503931529910881,0.0477094164355346,0.0718911018724718,0.047013221445129,0.0495164837551737,0.135287662263461,0.0478787735825762,0.0376356749568991,0.0461995399420261,0.0473089991793863,0.0871874900347772,0.125,7,0.0972222222222222,"A=.5,Au=.1,B=.5,Bu=.8","FALSE",0,1,0,"TRUE","TRUE","FALSE","disjunctive","A=0,B=1,E=0","Disjunctive: A=0,B=1,E=0","B=1","B",0.0349145905763851
"151","2_d2","Bu=0",0.595262764125113,0.653875155750877,0.418330929025185,0.46879636252001,0.504661507969424,0.499813184589117,0.40026193829963,0.19256488374378,0.487021221110936,0.547999471049807,0.345083674581041,0.288006220008574,0.363390408895355,0.33204748124399,0.324953335990671,0.330958245498448,0.522330266719573,0.606689388631741,0.253855727082541,0.275166898721698,0.303492811776188,0.291290843469767,0.212903908335944,0.104972600354013,0.125,38,0.527777777777778,"A=.5,Au=.1,B=.5,Bu=.8","TRUE",0,1,0,"TRUE","FALSE","TRUE","disjunctive","A=0,B=1,E=0","Disjunctive: A=0,B=1,E=0","Bu=0","B",0.0588345603108279
"152","2_d2","Bu=1",0.0476312827810749,0.0678176983433974,0.145063582163393,0.0477607714080559,0.0638716965350759,0.045646273154724,0.0476575755918184,0.319619589812522,0.0471562991061013,0.0636568489510313,0.0842145526512084,0.0477023169240025,0.0601226662771631,0.0503931529910881,0.0477094164355346,0.0718911069945741,0.047013221445129,0.0704241381078027,0.135287662263461,0.0478787735825762,0.0611981889728822,0.0461995399420261,0.0473089991793863,0.195860779595427,0.125,6,0.0833333333333333,"A=.5,Au=.1,B=.5,Bu=.8","FALSE",0,1,0,"TRUE","FALSE","FALSE","disjunctive","A=0,B=1,E=0","Disjunctive: A=0,B=1,E=0","Bu=1","B",0.0325723316654405
"153","2_d3","A=0",0.0476312827810749,0.0623392626284933,0.0494653787099872,0.0477607714080559,0.0559243133915012,0.0447894471612303,0.0476575755918184,0.0471499449243416,0.0471562991061013,0.05764038403424,0.0543551894637152,0.0477023169240025,0.0582356828058474,0.0503931529910881,0.0477094164355346,0.0718911006252019,0.047013221445129,0.0637279130909574,0.0527328352268587,0.0478787735825762,0.061440273652453,0.0461995399420261,0.0473089991793863,0.0871874900347772,0.125,4,0.0597014925373134,"A=.5,Au=.1,B=.5,Bu=.8","FALSE",0,1,1,"TRUE","TRUE","FALSE","disjunctive","A=0,B=1,E=1","Disjunctive: A=0,B=1,E=1","A=0","A",0.0289459672457666
"154","2_d3","A=1",0.0476312827810749,0.0263365791115213,0.026466908511733,0.0477607714080559,0.030274300534098,0.0429317542596698,0.0476575755918184,0.0379692641487804,0.0471562991061013,0.0244174377484421,0.0238444495128416,0.0477023169240025,0.0251002708177674,0.0274199526275294,0.0477094164355346,0.0252595282049735,0.047013221445129,0.0238988450750771,0.023451505018702,0.0478787735825762,0.0258124147534712,0.04515061555205,0.0473089991793863,0.0260943942195984,0.125,2,0.0298507462686567,"A=.5,Au=.1,B=.5,Bu=.8","FALSE",0,1,1,"FALSE","TRUE","FALSE","disjunctive","A=0,B=1,E=1","Disjunctive: A=0,B=1,E=1","A=1","A",0.0207902385303098
"155","2_d3","Au=0",0.0476312827810749,0.0631408349927259,0.0494653787099872,0.0477607714080559,0.0568952424080705,0.152102706638689,0.0476575755918184,0.141402392390296,0.0471562991061013,0.0580769869573469,0.0543551894637152,0.0477023169240025,0.0588352936450825,0.125854415690749,0.0477094164355346,0.0718911063875669,0.047013221445129,0.0646288016770582,0.0527328352268587,0.0478787735825762,0.0627445728416278,0.187756930308289,0.0473089991793863,0.218995247169405,0.125,2,0.0298507462686567,"A=.5,Au=.1,B=.5,Bu=.8","FALSE",0,1,1,"TRUE","FALSE","FALSE","disjunctive","A=0,B=1,E=1","Disjunctive: A=0,B=1,E=1","Au=0","A",0.0207902385303098
"156","2_d3","Au=1",0.0476312827810749,0.0647340854411151,0.0494653787099872,0.0477607714080559,0.0592940616752576,0.0458528397981752,0.0476575755918184,0.0499847091936545,0.0471562991061013,0.0589334721702286,0.0543551894637152,0.0477023169240025,0.0602698905744301,0.054424410584036,0.0477094164355346,0.0718911012654647,0.047013221445129,0.0664203701942183,0.0527328352268587,0.0478787735825762,0.0659605658337519,0.0469610717640241,0.0473089991793863,0.0955127909534559,0.125,3,0.0447761194029851,"A=.5,Au=.1,B=.5,Bu=.8","FALSE",0,1,1,"TRUE","FALSE","FALSE","disjunctive","A=0,B=1,E=1","Disjunctive: A=0,B=1,E=1","Au=1","A",0.0252661116128453
"157","2_d3","B=0",0.0476312827810749,0.0263365791115213,0.026466908511733,0.0477607714080559,0.030274300534098,0.0429317542596698,0.0476575755918184,0.0379692641487804,0.0471562991061013,0.0244174377484421,0.0238444495128416,0.0477023169240025,0.0251002708177674,0.0274199526275294,0.0477094164355346,0.0252595282049735,0.047013221445129,0.0238988450750771,0.023451505018702,0.0478787735825762,0.0258124147534712,0.04515061555205,0.0473089991793863,0.0260943942195984,0.125,0,0,"A=.5,Au=.1,B=.5,Bu=.8","FALSE",0,1,1,"FALSE","TRUE","FALSE","disjunctive","A=0,B=1,E=1","Disjunctive: A=0,B=1,E=1","B=0","B",0
"158","2_d3","B=1",0.351071619926521,0.430681856918771,0.461008250678983,0.24908190679472,0.418713247585684,0.214595052295282,0.208030012746938,0.173339951637844,0.431120476568759,0.449708884111858,0.46317116662555,0.356893049227992,0.450353325981084,0.33204748124399,0.356871752220204,0.330958270900363,0.470337231573715,0.488588839363899,0.565333674475436,0.356363679252271,0.520039656025124,0.291290843469767,0.371300555267068,0.245282303453724,0.125,11,0.164179104477612,"A=.5,Au=.1,B=.5,Bu=.8","TRUE",0,1,1,"TRUE","TRUE","TRUE","disjunctive","A=0,B=1,E=1","Disjunctive: A=0,B=1,E=1","B=1","B",0.0452562069842922
"159","2_d3","Bu=0",0.0476312827810749,0.089828466887324,0.0923484260945499,0.0477607714080559,0.0781981308326623,0.0501018007103603,0.0476575755918184,0.19256488374378,0.0471562991061013,0.0587195235428501,0.0543551894637152,0.0477023169240025,0.0505926554036109,0.0503931529910881,0.0477094164355346,0.0718911019057274,0.047013221445129,0.0659698330826459,0.0527328352268587,0.0478787735825762,0.0468732086609499,0.0461995399420261,0.0473089991793863,0.104972600354013,0.125,2,0.0298507462686567,"A=.5,Au=.1,B=.5,Bu=.8","FALSE",0,1,1,"TRUE","FALSE","FALSE","disjunctive","A=0,B=1,E=1","Disjunctive: A=0,B=1,E=1","Bu=0","B",0.0207902385303098
"160","2_d3","Bu=1",0.363140683387029,0.236602334908528,0.245313370073039,0.464353464756945,0.270426403038628,0.406694644876924,0.506024533702151,0.319619589812522,0.285941728794633,0.268085873686592,0.271719176493906,0.356893049227992,0.27151260995441,0.33204748124399,0.356871749166588,0.330958262505729,0.247583439755511,0.202866552441067,0.176831974579725,0.356363679252271,0.191316893479151,0.291290843469767,0.344845449656615,0.195860779595427,0.125,43,0.641791044776119,"A=.5,Au=.1,B=.5,Bu=.8","TRUE",0,1,1,"TRUE","FALSE","TRUE","disjunctive","A=0,B=1,E=1","Disjunctive: A=0,B=1,E=1","Bu=1","B",0.0585770699905353
"161","2_d4","A=0",0.0476312827810749,0.0263365791115213,0.026466908511733,0.0477607714080559,0.030274300534098,0.0429317542596698,0.0476575755918184,0.0379692641487804,0.0471562991061013,0.0244174377484421,0.0238444495128416,0.0477023169240025,0.0251002708177674,0.0274199526275294,0.0477094164355346,0.0252595282049735,0.047013221445129,0.0238988450750771,0.023451505018702,0.0478787735825762,0.0258124147534712,0.04515061555205,0.0473089991793863,0.0260943942195984,0.125,2,0.0246913580246914,"A=.5,Au=.1,B=.5,Bu=.8","FALSE",1,0,0,"FALSE","TRUE","FALSE","disjunctive","A=1,B=0,E=0","Disjunctive: A=1,B=0,E=0","A=0","A",0.0172425309876221
"162","2_d4","A=1",0.0476312827810749,0.0689995289011268,0.0514056465044061,0.0477607714080559,0.0539441183145447,0.0453317078778354,0.0476575755918184,0.0506500485909189,0.0471562991061013,0.0606164205145878,0.0545097037155887,0.0477023169240025,0.0557623986597481,0.0506899226158388,0.0477094164355346,0.0718911004173236,0.047013221445129,0.0690437951705852,0.0520123842234799,0.0478787735825762,0.0555482547715734,0.0463056212959659,0.0473089991793863,0.0871874900347772,0.125,8,0.0987654320987654,"A=.5,Au=.1,B=.5,Bu=.8","FALSE",1,0,0,"TRUE","TRUE","FALSE","disjunctive","A=1,B=0,E=0","Disjunctive: A=1,B=0,E=0","A=1","A",0.0331496460180921
"163","2_d4","Au=0",0.265417471536897,0.189385562495508,0.172555245199943,0.404100628016105,0.191316323647497,0.373369572858361,0.422148064453486,0.318514140026942,0.257135132059136,0.247948287890011,0.250425882012639,0.344903451884315,0.251519328032165,0.33598268382463,0.324953342267033,0.330958265340275,0.207569422984061,0.174968525045061,0.144815346425953,0.34623299759792,0.162009136414099,0.316183856623139,0.270421693236435,0.218995247169405,0.125,34,0.419753086419753,"A=.5,Au=.1,B=.5,Bu=.8","TRUE",1,0,0,"TRUE","FALSE","TRUE","disjunctive","A=1,B=0,E=0","Disjunctive: A=1,B=0,E=0","Au=0","A",0.0548353802230636
"164","2_d4","Au=1",0.0476312827810749,0.0932147250751923,0.0794225346031211,0.0477607714080559,0.0857292426739575,0.0492397020415769,0.0476575755918184,0.123127770124175,0.0471562991061013,0.0624241531025452,0.0545097037155887,0.0477023169240025,0.0559914298451103,0.0506899226158388,0.0477094164355346,0.0718911010575864,0.047013221445129,0.0729745078796644,0.0520123842234799,0.0478787735825762,0.0559952254240148,0.0463056212959659,0.0473089991793863,0.0955127909534559,0.125,5,0.0617283950617284,"A=.5,Au=.1,B=.5,Bu=.8","FALSE",1,0,0,"TRUE","FALSE","FALSE","disjunctive","A=1,B=0,E=0","Disjunctive: A=1,B=0,E=0","Au=1","A",0.0267401765289683
"165","2_d4","B=0",0.367451829484563,0.451928950648379,0.535373094314438,0.289953066809103,0.486531235655079,0.264703583651242,0.259004101264686,0.224949570925428,0.415414459861628,0.456358817724461,0.480968307791338,0.344903451884315,0.467213501565041,0.33598268382463,0.324953343636211,0.330958269537593,0.435442700739401,0.490866719816595,0.593984182427042,0.34623299759792,0.546784257532848,0.316183856623139,0.28012940253069,0.245282303453724,0.125,21,0.259259259259259,"A=.5,Au=.1,B=.5,Bu=.8","TRUE",1,0,0,"TRUE","TRUE","TRUE","disjunctive","A=1,B=0,E=0","Disjunctive: A=1,B=0,E=0","B=0","B",0.048692014675717
"166","2_d4","B=1",0.0476312827810749,0.0263365791115213,0.026466908511733,0.0477607714080559,0.030274300534098,0.0429317542596698,0.0476575755918184,0.0379692641487804,0.0471562991061013,0.0244174377484421,0.0238444495128416,0.0477023169240025,0.0251002708177674,0.0274199526275294,0.0477094164355346,0.0252595282049735,0.047013221445129,0.0238988450750771,0.023451505018702,0.0478787735825762,0.0258124147534712,0.04515061555205,0.0473089991793863,0.0260943942195984,0.125,0,0,"A=.5,Au=.1,B=.5,Bu=.8","FALSE",1,0,0,"FALSE","TRUE","FALSE","disjunctive","A=1,B=0,E=0","Disjunctive: A=1,B=0,E=0","B=1","B",0
"167","2_d4","Bu=0",0.128974285073166,0.0800533135687797,0.0569040158502193,0.0671424481345127,0.0675389987241488,0.0488656997787538,0.0805599563227363,0.0596900768008215,0.0916689125487301,0.0659150146145453,0.0573878000235737,0.0716815116113578,0.063272028090998,0.0595731192602966,0.111546231919082,0.0718911016978491,0.121921769050893,0.0809473119505433,0.0582603084391609,0.0681401368912785,0.0719463382624276,0.0485915137744562,0.212903908335944,0.104972600354013,0.125,2,0.0246913580246914,"A=.5,Au=.1,B=.5,Bu=.8","TRUE",1,0,0,"TRUE","FALSE","FALSE","disjunctive","A=1,B=0,E=0","Disjunctive: A=1,B=0,E=0","Bu=0","B",0.0172425309876221
"168","2_d4","Bu=1",0.0476312827810749,0.0637447610879714,0.0514056465044061,0.0477607714080559,0.0543914799165767,0.13262622527289,0.0476575755918184,0.147129865234154,0.0471562991061013,0.0579024306569657,0.0545097037155887,0.0477023169240025,0.0560407721714033,0.112241762603707,0.0477094164355346,0.0718911055394258,0.047013221445129,0.0634014499873966,0.0520123842234799,0.0478787735825762,0.0560919580880956,0.136128299283233,0.0473089991793863,0.195860779595427,0.125,9,0.111111111111111,"A=.5,Au=.1,B=.5,Bu=.8","FALSE",1,0,0,"TRUE","FALSE","FALSE","disjunctive","A=1,B=0,E=0","Disjunctive: A=1,B=0,E=0","Bu=1","B",0.0349188533919283
"169","2_d5","A=0",0.0476312827810749,0.0263365791115213,0.026466908511733,0.0477607714080559,0.030274300534098,0.0429317542596698,0.0476575755918184,0.0379692641487804,0.0471562991061013,0.0244174377484421,0.0238444495128416,0.0477023169240025,0.0251002708177674,0.0274199526275294,0.0477094164355346,0.0252595282049735,0.047013221445129,0.0238988450750771,0.023451505018702,0.0478787735825762,0.0258124147534712,0.04515061555205,0.0473089991793863,0.0260943942195984,0.125,0,0,"A=.5,Au=.1,B=.5,Bu=.8","FALSE",1,0,1,"FALSE","TRUE","FALSE","disjunctive","A=1,B=0,E=1","Disjunctive: A=1,B=0,E=1","A=0","A",0
"170","2_d5","A=1",0.183915380934665,0.196615639052284,0.152191558405594,0.221859359780353,0.175335436586331,0.203593526147452,0.379064630475617,0.224949570925428,0.309574402953635,0.294070827584852,0.303204574974678,0.356893049227992,0.319507146772197,0.33598268382463,0.356871757564033,0.330958280439758,0.282755501100291,0.238922751705301,0.188942601254198,0.356363679252271,0.230287991242285,0.316183856623139,0.416914277239543,0.245282303453724,0.125,14,0.191780821917808,"A=.5,Au=.1,B=.5,Bu=.8","TRUE",1,0,1,"TRUE","TRUE","TRUE","disjunctive","A=1,B=0,E=1","Disjunctive: A=1,B=0,E=1","A=1","A",0.0460792851956453
"171","2_d5","Au=0",0.0476312827810749,0.0760229787615481,0.151782985869877,0.0477607714080559,0.0730546372150654,0.0455223067079759,0.0476575755918184,0.318514140026942,0.0471562991061013,0.0633369898365657,0.0871005479153602,0.0477023169240025,0.0650942494437692,0.0506899226158388,0.0477094164355346,0.0718911078427152,0.047013221445129,0.0766541929844844,0.144615120656289,0.0478787735825762,0.0707361920935655,0.0463056212959659,0.0473089991793863,0.218995247169405,0.125,2,0.0273972602739726,"A=.5,Au=.1,B=.5,Bu=.8","FALSE",1,0,1,"TRUE","FALSE","FALSE","disjunctive","A=1,B=0,E=1","Disjunctive: A=1,B=0,E=1","Au=0","A",0.0191055648507569
"172","2_d5","Au=1",0.530296922378886,0.486639560372831,0.288156549663417,0.491576011771312,0.359041573621893,0.46520910993266,0.334989915973472,0.123127770124175,0.407487802409757,0.415512959196827,0.300704334338198,0.356893049227992,0.316994370736805,0.33598268382463,0.356871743822759,0.330958242663902,0.435165170228935,0.430454989034151,0.185693906083242,0.356363679252271,0.22680413178113,0.316183856623139,0.29923172768414,0.0955127909534559,0.125,36,0.493150684931507,"A=.5,Au=.1,B=.5,Bu=.8","TRUE",1,0,1,"TRUE","FALSE","TRUE","disjunctive","A=1,B=0,E=1","Disjunctive: A=1,B=0,E=1","Au=1","A",0.0585150825754308
"173","2_d5","B=0",0.0476312827810749,0.0484586889310822,0.118311696345882,0.0477607714080559,0.0377370407873667,0.0446703916772391,0.0476575755918184,0.0506500485909189,0.0471562991061013,0.0507713213334675,0.0871005479153602,0.0477023169240025,0.0454360400625208,0.0506899226158388,0.0477094164355346,0.0718911020803501,0.047013221445129,0.0509503186562997,0.144615120656289,0.0478787735825762,0.0373891648533778,0.0463056212959659,0.0473089991793863,0.0871874900347772,0.125,10,0.136986301369863,"A=.5,Au=.1,B=.5,Bu=.8","FALSE",1,0,1,"TRUE","TRUE","FALSE","disjunctive","A=1,B=0,E=1","Disjunctive: A=1,B=0,E=1","B=0","B",0.0402425956104219
"174","2_d5","B=1",0.0476312827810749,0.0263365791115213,0.026466908511733,0.0477607714080559,0.030274300534098,0.0429317542596698,0.0476575755918184,0.0379692641487804,0.0471562991061013,0.0244174377484421,0.0238444495128416,0.0477023169240025,0.0251002708177674,0.0274199526275294,0.0477094164355346,0.0252595282049735,0.047013221445129,0.0238988450750771,0.023451505018702,0.0478787735825762,0.0258124147534712,0.04515061555205,0.0473089991793863,0.0260943942195984,0.125,3,0.0410958904109589,"A=.5,Au=.1,B=.5,Bu=.8","FALSE",1,0,1,"FALSE","TRUE","FALSE","disjunctive","A=1,B=0,E=1","Disjunctive: A=1,B=0,E=1","B=1","B",0.0232340734085663
"175","2_d5","Bu=0",0.0476312827810749,0.067785098070396,0.118311696345882,0.0477607714080559,0.12203812529195,0.0472305788849485,0.0476575755918184,0.0596900768008215,0.0471562991061013,0.0626578264327524,0.0871005479153602,0.0477023169240025,0.0933789696528204,0.0595731192602966,0.0477094164355346,0.0718911033608756,0.047013221445129,0.0750868925977211,0.144615120656289,0.0478787735825762,0.157087329708797,0.0485915137744562,0.0473089991793863,0.104972600354013,0.125,4,0.0547945205479452,"A=.5,Au=.1,B=.5,Bu=.8","FALSE",1,0,1,"TRUE","FALSE","FALSE","disjunctive","A=1,B=0,E=1","Disjunctive: A=1,B=0,E=1","Bu=0","B",0.026636076335416
"176","2_d5","Bu=1",0.0476312827810749,0.0718048765888157,0.118311696345882,0.0477607714080559,0.172244585429198,0.107910578130385,0.0476575755918184,0.147129865234154,0.0471562991061013,0.0648152001186511,0.0871005479153602,0.0477023169240025,0.109388681696353,0.112241762603707,0.0477094164355346,0.0718911072024524,0.047013221445129,0.0801331648718887,0.144615120656289,0.0478787735825762,0.226070360813902,0.136128299283234,0.0473089991793863,0.195860779595427,0.125,4,0.0547945205479452,"A=.5,Au=.1,B=.5,Bu=.8","FALSE",1,0,1,"TRUE","FALSE","FALSE","disjunctive","A=1,B=0,E=1","Disjunctive: A=1,B=0,E=1","Bu=1","B",0.026636076335416
"177","2_d6","A=0",0.0476312827810749,0.0263365791115213,0.026466908511733,0.0477607714080559,0.030274300534098,0.0429317542596698,0.0476575755918184,0.0379692641487804,0.0471562991061013,0.0244174377484421,0.0238444495128416,0.0477023169240025,0.0251002708177674,0.0274199526275294,0.0477094164355346,0.0252595282049735,0.047013221445129,0.0238988450750771,0.023451505018702,0.0478787735825762,0.0258124147534712,0.04515061555205,0.0473089991793863,0.0260943942195984,0.125,2,0.0294117647058824,"A=.5,Au=.1,B=.5,Bu=.8","FALSE",1,1,0,"FALSE","TRUE","FALSE","disjunctive","A=1,B=1,E=0","Disjunctive: A=1,B=1,E=0","A=0","A",0.0204891337064481
"178","2_d6","A=1",0.0476312827810749,0.0555752090319483,0.0845861087215262,0.0477607714080559,0.089594386590662,0.0442419894214278,0.0476575755918184,0.0468548252177561,0.0471562991061013,0.0609404550596453,0.0824255403763205,0.0477023169240025,0.0910146825613364,0.0529977357099254,0.0477094164355346,0.071891102454527,0.047013221445129,0.0679570750750451,0.132368929719828,0.0478787735825762,0.158263322082774,0.0465002226387024,0.0473089991793863,0.102442170731868,0.125,6,0.0882352941176471,"A=.5,Au=.1,B=.5,Bu=.8","FALSE",1,1,0,"TRUE","TRUE","FALSE","disjunctive","A=1,B=1,E=0","Disjunctive: A=1,B=1,E=0","A=1","A",0.0343960127198461
"179","2_d6","Au=0",0.127202173416942,0.105369365925486,0.148203505028487,0.223627061350222,0.168703004938953,0.223331594250552,0.31203864867238,0.23455005444437,0.237158327143658,0.208081088727415,0.296261664270805,0.356893049227992,0.31548551917791,0.36658457595262,0.356871756037225,0.330958278695401,0.181211932752526,0.127606053563997,0.190149874326813,0.356363679252271,0.241201012925494,0.361848939170545,0.404057328335172,0.267161752380532,0.125,19,0.279411764705882,"A=.5,Au=.1,B=.5,Bu=.8","TRUE",1,1,0,"TRUE","FALSE","TRUE","disjunctive","A=1,B=1,E=0","Disjunctive: A=1,B=1,E=0","Au=0","A",0.0544141026337716
"180","2_d6","Au=1",0.0476312827810749,0.0708901747442191,0.149878872499027,0.0477607714080559,0.165586748765171,0.046375527055873,0.0476575755918184,0.097640738641528,0.0471562991061013,0.0621254162765732,0.0824255403763205,0.0477023169240025,0.0906556825044142,0.0529977357099254,0.0477094164355346,0.0718911030947897,0.047013221445129,0.0704341511269696,0.132368929719828,0.0478787735825762,0.156821011758512,0.0465002226387024,0.0473089991793863,0.112846263133071,0.125,1,0.0147058823529412,"A=.5,Au=.1,B=.5,Bu=.8","FALSE",1,1,0,"TRUE","FALSE","FALSE","disjunctive","A=1,B=1,E=0","Disjunctive: A=1,B=1,E=0","Au=1","A",0.0145973503725659
"181","2_d6","B=0",0.0476312827810749,0.0263365791115213,0.026466908511733,0.0477607714080559,0.030274300534098,0.0429317542596698,0.0476575755918184,0.0379692641487804,0.0471562991061013,0.0244174377484421,0.0238444495128416,0.0477023169240025,0.0251002708177674,0.0274199526275294,0.0477094164355346,0.0252595282049735,0.047013221445129,0.0238988450750771,0.023451505018702,0.0478787735825762,0.0258124147534712,0.04515061555205,0.0473089991793863,0.0260943942195984,0.125,4,0.0588235294117647,"A=.5,Au=.1,B=.5,Bu=.8","FALSE",1,1,0,"FALSE","TRUE","FALSE","disjunctive","A=1,B=1,E=0","Disjunctive: A=1,B=1,E=0","B=0","B",0.0285336029454509
"182","2_d6","B=1",0.0476312827810749,0.0437797465357882,0.0845861087215262,0.0477607714080559,0.0358630068324207,0.0442419894214278,0.0476575755918184,0.0468548252177561,0.0471562991061013,0.0513053397901902,0.0824255403763205,0.0477023169240025,0.0461764268816043,0.0529977357099254,0.0477094164355346,0.071891102454527,0.047013221445129,0.0499700925137129,0.132368929719828,0.0478787735825762,0.039279710578143,0.0465002226387024,0.0473089991793863,0.102442170731868,0.125,6,0.0882352941176471,"A=.5,Au=.1,B=.5,Bu=.8","FALSE",1,1,0,"TRUE","TRUE","FALSE","disjunctive","A=1,B=1,E=0","Disjunctive: A=1,B=1,E=0","B=1","B",0.0343960127198461
"183","2_d6","Bu=0",0.587010129896608,0.604324841043687,0.349001676113794,0.489808310201442,0.418132720908227,0.510237184939638,0.40201589777671,0.187595294340809,0.479903878219734,0.506587408372719,0.32634727519823,0.356893049227992,0.345986905258262,0.36658457595262,0.356871745349567,0.330958249314179,0.5367087385767,0.565800786443152,0.233471396756471,0.356363679252271,0.288952371854147,0.361848939170545,0.312088676588511,0.124668145856896,0.125,26,0.382352941176471,"A=.5,Au=.1,B=.5,Bu=.8","TRUE",1,1,0,"TRUE","FALSE","TRUE","disjunctive","A=1,B=1,E=0","Disjunctive: A=1,B=1,E=0","Bu=0","B",0.0589315616963706
"184","2_d6","Bu=1",0.0476312827810749,0.0673875044958291,0.130809911892173,0.0477607714080559,0.0615715308963714,0.0457082063917416,0.0476575755918184,0.31056573384022,0.0471562991061013,0.0621254162765732,0.0824255403763205,0.0477023169240025,0.0604802419809391,0.0529977357099254,0.0477094164355346,0.0718911075766293,0.047013221445129,0.0704341511269696,0.132368929719828,0.0478787735825762,0.0638577412939875,0.0465002226387024,0.0473089991793863,0.238250708726569,0.125,4,0.0588235294117647,"A=.5,Au=.1,B=.5,Bu=.8","FALSE",1,1,0,"TRUE","FALSE","FALSE","disjunctive","A=1,B=1,E=0","Disjunctive: A=1,B=1,E=0","Bu=1","B",0.0285336029454509
"185","2_d7","A=0",0.0476312827810749,0.0263365791115213,0.026466908511733,0.0477607714080559,0.030274300534098,0.0429317542596698,0.0476575755918184,0.0379692641487804,0.0471562991061013,0.0244174377484421,0.0238444495128416,0.0477023169240025,0.0251002708177674,0.0274199526275294,0.0477094164355346,0.0252595282049735,0.047013221445129,0.0238988450750771,0.023451505018702,0.0478787735825762,0.0258124147534712,0.04515061555205,0.0473089991793863,0.0260943942195984,0.125,1,0.0138888888888889,"A=.5,Au=.1,B=.5,Bu=.8","FALSE",1,1,1,"FALSE","TRUE","FALSE","disjunctive","A=1,B=1,E=1","Disjunctive: A=1,B=1,E=1","A=0","A",0.0137921010275613
"186","2_d7","A=1",0.110192959499473,0.0742323013766956,0.0569714283728132,0.210705921535087,0.0671529191195105,0.195858786688143,0.187459974771449,0.174773274306428,0.174857209974695,0.157174910139105,0.169529340836072,0.270669141895685,0.173525437271723,0.301587894165951,0.299008797396102,0.330958265721862,0.109632835373455,0.075948374336873,0.0605581860090704,0.25536750125279,0.0741719639476852,0.232895302834895,0.219958272188332,0.208780645420824,0.125,7,0.0972222222222222,"A=.5,Au=.1,B=.5,Bu=.8","TRUE",1,1,1,"TRUE","TRUE","TRUE","disjunctive","A=1,B=1,E=1","Disjunctive: A=1,B=1,E=1","A=1","A",0.0349145905763851
"187","2_d7","Au=0",0.0476312827810749,0.0612318338935757,0.0514402327119677,0.0477607714080559,0.0510542233567793,0.124096826125272,0.0476575755918184,0.12903102400806,0.0471562991061013,0.0611501638469399,0.0595757461472348,0.0477023169240025,0.0587799842131255,0.112923056310849,0.0477094164355346,0.0718911055976333,0.047013221445129,0.0628380554481076,0.0558529811659946,0.0478787735825762,0.0555307032578351,0.141642280677816,0.0473089991793863,0.186871208059622,0.125,3,0.0416666666666667,"A=.5,Au=.1,B=.5,Bu=.8","FALSE",1,1,1,"TRUE","FALSE","FALSE","disjunctive","A=1,B=1,E=1","Disjunctive: A=1,B=1,E=1","Au=0","A",0.0235497568858516
"188","2_d7","Au=1",0.105291309527325,0.0733614668584618,0.0548240925330005,0.0569177911397546,0.0641835120492502,0.0455049001537854,0.06145688567642,0.0480391411174381,0.091644188903629,0.068546155457333,0.062068084512381,0.0621590477752,0.068282258168596,0.0526022767803193,0.105572368732676,0.0718911004755312,0.110823998873238,0.077216420859919,0.0610475832196889,0.0587173829315039,0.0747243274388393,0.0467073233370554,0.164986636682432,0.0839524517558002,0.125,10,0.138888888888889,"A=.5,Au=.1,B=.5,Bu=.8","TRUE",1,1,1,"TRUE","FALSE","FALSE","disjunctive","A=1,B=1,E=1","Disjunctive: A=1,B=1,E=1","Au=1","A",0.0407565205130996
"189","2_d7","B=0",0.0476312827810749,0.0263365791115213,0.026466908511733,0.0477607714080559,0.030274300534098,0.0429317542596698,0.0476575755918184,0.0379692641487804,0.0471562991061013,0.0244174377484421,0.0238444495128416,0.0477023169240025,0.0251002708177674,0.0274199526275294,0.0477094164355346,0.0252595282049735,0.047013221445129,0.0238988450750771,0.023451505018702,0.0478787735825762,0.0258124147534712,0.04515061555205,0.0473089991793863,0.0260943942195984,0.125,1,0.0138888888888889,"A=.5,Au=.1,B=.5,Bu=.8","FALSE",1,1,1,"FALSE","TRUE","FALSE","disjunctive","A=1,B=1,E=1","Disjunctive: A=1,B=1,E=1","B=0","B",0.0137921010275613
"190","2_d7","B=1",0.298478880742938,0.417226422282335,0.459444570239357,0.210705921535087,0.420595985451039,0.195858786688143,0.187459974771449,0.174773274306428,0.416317994201217,0.485367901959252,0.504851252425583,0.270669141895685,0.488650498537116,0.301587894165951,0.299008797396102,0.330958265721862,0.379464471480898,0.462971141716365,0.540359302239225,0.25536750125279,0.500113848618862,0.232895302834895,0.219958272188332,0.208780645420824,0.125,14,0.194444444444444,"A=.5,Au=.1,B=.5,Bu=.8","TRUE",1,1,1,"TRUE","TRUE","TRUE","disjunctive","A=1,B=1,E=1","Disjunctive: A=1,B=1,E=1","B=1","B",0.0466422261102081
"191","2_d7","Bu=0",0.0476312827810749,0.0876145230296277,0.0831013380085289,0.0477607714080559,0.0722037050185992,0.0478033817479295,0.0476575755918184,0.119916663608314,0.0471562991061013,0.0648925332858641,0.0595757461472348,0.0477023169240025,0.0555778587036945,0.0489276730089292,0.0477094164355346,0.0718911011157939,0.047013221445129,0.0698789668038398,0.0558529811659946,0.0478787735825762,0.0501365953380755,0.0460646126419205,0.0473089991793863,0.0918369063432109,0.125,1,0.0138888888888889,"A=.5,Au=.1,B=.5,Bu=.8","FALSE",1,1,1,"TRUE","FALSE","FALSE","disjunctive","A=1,B=1,E=1","Disjunctive: A=1,B=1,E=1","Bu=0","B",0.0137921010275613
"192","2_d7","Bu=1",0.295511719105964,0.233660294336261,0.241284521110867,0.330627280157847,0.264261053936626,0.305013810077388,0.372992862413408,0.277528094355772,0.128555410496054,0.114033459814622,0.0967109309058113,0.20569340073742,0.10498342147021,0.127531300312942,0.105572370732982,0.0718911049573706,0.212025808491893,0.203349350684741,0.179425956162623,0.239032520232612,0.193697731891761,0.209493946569319,0.20586082222336,0.167589354560523,0.125,35,0.486111111111111,"A=.5,Au=.1,B=.5,Bu=.8","TRUE",1,1,1,"TRUE","FALSE","FALSE","disjunctive","A=1,B=1,E=1","Disjunctive: A=1,B=1,E=1","Bu=1","B",0.0589028270833309
"193","3_c1","A=0",0.252643894209726,0.246118986969719,0.29334411092548,0.314558332139685,0.272337930977233,0.304781446953662,0.294251753259127,0.261200221354794,0.321040603843588,0.332676560099459,0.362917700292354,0.317298101686202,0.34765955663321,0.317099630921473,0.29900879751224,0.330958265721862,0.264824697593922,0.250785104095286,0.297299566666751,0.318332478698301,0.274596121095511,0.317331580031192,0.222367679859892,0.216919984853308,0.125,23,0.306666666666667,"A=.1,Au=.7,B=.8,Bu=.5","TRUE",0,0,0,"TRUE","TRUE","TRUE","conjunctive","A=0,B=0,E=0","Conjunctive: A=0,B=0,E=0","A=0","A",0.0532443702466558
"194","3_c1","A=1",0.0476312827810749,0.0263365791115213,0.026466908511733,0.0477607714080559,0.030274300534098,0.0429317542596698,0.0476575755918184,0.0379692641487804,0.0471562991061013,0.0244174377484421,0.0238444495128416,0.0477023169240025,0.0251002708177674,0.0274199526275294,0.0477094164355346,0.0252595282049735,0.047013221445129,0.0238988450750771,0.023451505018702,0.0478787735825762,0.0258124147534712,0.04515061555205,0.0473089991793863,0.0260943942195984,0.125,0,0,"A=.1,Au=.7,B=.8,Bu=.5","FALSE",0,0,0,"FALSE","TRUE","FALSE","conjunctive","A=0,B=0,E=0","Conjunctive: A=0,B=0,E=0","A=1","A",0
"195","3_c1","Au=0",0.17870123459636,0.138096975441547,0.125722914628343,0.0770365867443267,0.130711620387752,0.0539486590764719,0.0960955532534715,0.0719083076111282,0.114129596270527,0.0920777560624381,0.0804973940258021,0.076486731709185,0.0861297239579634,0.0629022944019623,0.105572369330933,0.0718911017560567,0.174225914601668,0.13804910372281,0.126014351689303,0.073584942056419,0.132011225438922,0.0511147971514357,0.177238075814276,0.104124014325238,0.125,3,0.04,"A=.1,Au=.7,B=.8,Bu=.5","TRUE",0,0,0,"TRUE","FALSE","FALSE","conjunctive","A=0,B=0,E=0","Conjunctive: A=0,B=0,E=0","Au=0","A",0.0226274169979695
"196","3_c1","Au=1",0.0476312827810749,0.129980601544931,0.119757697433231,0.0477607714080559,0.121329351751739,0.110282282983171,0.0476575755918184,0.137546369433527,0.0471562991061013,0.089119750390921,0.0789382296597033,0.0477023169240025,0.0833080614260781,0.0951635306241036,0.0477094164355346,0.0718911043171078,0.047013221445129,0.12963352710661,0.119892621396471,0.0478787735825762,0.122396023696099,0.0980835809147143,0.0473089991793863,0.156168029178212,0.125,5,0.0666666666666667,"A=.1,Au=.7,B=.8,Bu=.5","FALSE",0,0,0,"TRUE","FALSE","FALSE","conjunctive","A=0,B=0,E=0","Conjunctive: A=0,B=0,E=0","Au=1","A",0.0288032919929238
"197","3_c1","B=0",0.195555309751205,0.160523516779719,0.156159429184827,0.314558332139685,0.157684163717237,0.304781446953662,0.294251753259127,0.261200221354794,0.260567346460382,0.254489774957098,0.268855624758109,0.317298101686202,0.261730673431196,0.317099630921473,0.29900879751224,0.330958265721862,0.194138064370926,0.161350581515344,0.157211877923065,0.318332478698301,0.159500525749336,0.317331580031192,0.222367679859892,0.216919984853308,0.125,24,0.32,"A=.1,Au=.7,B=.8,Bu=.5","TRUE",0,0,0,"TRUE","TRUE","TRUE","conjunctive","A=0,B=0,E=0","Conjunctive: A=0,B=0,E=0","B=0","B",0.0538640263379311
"198","3_c1","B=1",0.0476312827810749,0.0263365791115213,0.026466908511733,0.0477607714080559,0.030274300534098,0.0429317542596698,0.0476575755918184,0.0379692641487804,0.0471562991061013,0.0244174377484421,0.0238444495128416,0.0477023169240025,0.0251002708177674,0.0274199526275294,0.0477094164355346,0.0252595282049735,0.047013221445129,0.0238988450750771,0.023451505018702,0.0478787735825762,0.0258124147534712,0.04515061555205,0.0473089991793863,0.0260943942195984,0.125,7,0.0933333333333333,"A=.1,Au=.7,B=.8,Bu=.5","FALSE",0,0,0,"FALSE","TRUE","FALSE","conjunctive","A=0,B=0,E=0","Conjunctive: A=0,B=0,E=0","B=1","B",0.0335901220047843
"199","3_c1","Bu=0",0.182574430318409,0.14312733878636,0.132324333371423,0.102803663344079,0.136631285701345,0.0701713277568468,0.124770637861,0.0961031759740981,0.115637257001098,0.0938672231105191,0.0821639225786454,0.0981077972224008,0.0878402630499359,0.0764475039379651,0.105572369902449,0.0718911030365822,0.178758437652968,0.143269788919311,0.132785950890536,0.0982350062166747,0.138062768543076,0.0629186153836834,0.188790567748395,0.126839599175369,0.125,7,0.0933333333333333,"A=.1,Au=.7,B=.8,Bu=.5","TRUE",0,0,0,"TRUE","FALSE","FALSE","conjunctive","A=0,B=0,E=0","Conjunctive: A=0,B=0,E=0","Bu=0","B",0.0335901220047843
"200","3_c1","Bu=1",0.0476312827810749,0.129479422254682,0.119757697433231,0.0477607714080559,0.120757046396498,0.0701713277568468,0.0476575755918184,0.0961031759740981,0.0471562991061013,0.0889340598826802,0.0789382296597033,0.0477023169240025,0.0831311798660817,0.0764475039379651,0.0477094164355346,0.0718911030365822,0.047013221445129,0.129114204490485,0.119892621396471,0.0478787735825762,0.121808505970115,0.0629186153836834,0.0473089991793863,0.126839599175369,0.125,6,0.08,"A=.1,Au=.7,B=.8,Bu=.5","FALSE",0,0,0,"TRUE","FALSE","FALSE","conjunctive","A=0,B=0,E=0","Conjunctive: A=0,B=0,E=0","Bu=1","B",0.0313262403319219
"201","3_c2","A=0",0.383534066633081,0.383811686636869,0.500328774802702,0.517285875403366,0.453708538622975,0.475393168591781,0.457652182940531,0.356359721065744,0.506567422625211,0.496349400360418,0.554647418358373,0.525683627128885,0.527055274203711,0.468396421637862,0.471071543842838,0.477929657179683,0.412369068269285,0.394677892644007,0.509038742039382,0.529419944178506,0.457554627876731,0.517907950383516,0.291007427105447,0.25710438749683,0.125,34,0.557377049180328,"A=.1,Au=.7,B=.8,Bu=.5","TRUE",0,1,0,"TRUE","TRUE","TRUE","conjunctive","A=0,B=1,E=0","Conjunctive: A=0,B=1,E=0","A=0","A",0.0635955295659716
"202","3_c2","A=1",0.0476312827810749,0.0263365791115213,0.026466908511733,0.0477607714080559,0.030274300534098,0.0429317542596698,0.0476575755918184,0.0379692641487804,0.0471562991061013,0.0244174377484421,0.0238444495128416,0.0477023169240025,0.0251002708177674,0.0274199526275294,0.0477094164355346,0.0252595282049735,0.047013221445129,0.0238988450750771,0.023451505018702,0.0478787735825762,0.0258124147534712,0.04515061555205,0.0473089991793863,0.0260943942195984,0.125,2,0.0327868852459016,"A=.1,Au=.7,B=.8,Bu=.5","FALSE",0,1,0,"FALSE","TRUE","FALSE","conjunctive","A=0,B=1,E=0","Conjunctive: A=0,B=1,E=0","A=1","A",0.0228005987129378
"203","3_c2","Au=0",0.184905154454645,0.118748652895464,0.091988699422834,0.0992819704872965,0.103149172549151,0.0611268729539825,0.128191957303573,0.0863759353853741,0.126950698853644,0.0937746669265941,0.0806490649096132,0.0987358013853344,0.087204699175108,0.0814343656511109,0.14519068650833,0.0943102563339908,0.171616730573232,0.117729296745974,0.0915398095877174,0.093648449591022,0.104459953840165,0.0555099388161592,0.22818270161289,0.120555634749067,0.125,4,0.0655737704918033,"A=.1,Au=.7,B=.8,Bu=.5","TRUE",0,1,0,"TRUE","FALSE","FALSE","conjunctive","A=0,B=1,E=0","Conjunctive: A=0,B=1,E=0","Au=0","A",0.0316936801672788
"204","3_c2","Au=1",0.0476312827810749,0.105934391154018,0.0844842336476141,0.0477607714080559,0.0902884754542982,0.154165434193062,0.0476575755918184,0.179994368761937,0.0471562991061013,0.0879000006711037,0.0776215829795261,0.0477023169240025,0.0816486391284165,0.130545321997563,0.0477094164355346,0.0943102601263235,0.047013221445129,0.104528553206643,0.0837932307132047,0.0478787735825762,0.0909877339667367,0.137091092276671,0.0473089991793863,0.183559173642251,0.125,3,0.0491803278688525,"A=.1,Au=.7,B=.8,Bu=.5","FALSE",0,1,0,"TRUE","FALSE","FALSE","conjunctive","A=0,B=1,E=0","Conjunctive: A=0,B=1,E=0","Au=1","A",0.0276872531538608
"205","3_c2","B=0",0.0476312827810749,0.0263365791115213,0.026466908511733,0.0477607714080559,0.030274300534098,0.0429317542596698,0.0476575755918184,0.0379692641487804,0.0471562991061013,0.0244174377484421,0.0238444495128416,0.0477023169240025,0.0251002708177674,0.0274199526275294,0.0477094164355346,0.0252595282049735,0.047013221445129,0.0238988450750771,0.023451505018702,0.0478787735825762,0.0258124147534712,0.04515061555205,0.0473089991793863,0.0260943942195984,0.125,0,0,"A=.1,Au=.7,B=.8,Bu=.5","FALSE",0,1,0,"FALSE","TRUE","FALSE","conjunctive","A=0,B=1,E=0","Conjunctive: A=0,B=1,E=0","B=0","B",0
"206","3_c2","B=1",0.0476312827810749,0.106118273773092,0.0844842336476141,0.0477607714080559,0.0904688749497678,0.0476117325007782,0.0476575755918184,0.0595621303826603,0.0471562991061013,0.0879869132817648,0.0776215829795261,0.0477023169240025,0.0817306240977704,0.060675780898204,0.0477094164355346,0.0943102534897414,0.047013221445129,0.104717757076843,0.0837932307132047,0.0478787735825762,0.0911773142747873,0.0471652667256509,0.0473089991793863,0.0904825974871186,0.125,9,0.147540983606557,"A=.1,Au=.7,B=.8,Bu=.5","FALSE",0,1,0,"TRUE","TRUE","FALSE","conjunctive","A=0,B=1,E=0","Conjunctive: A=0,B=1,E=0","B=1","B",0.0454075608932934
"207","3_c2","Bu=0",0.1934043650069,0.127534191066869,0.101296007808155,0.144628297069057,0.112286995641861,0.087919641620528,0.175867981796804,0.120884658053362,0.130700382990638,0.0976117343138872,0.084149868767752,0.137068986865768,0.0908488304649886,0.102054102280101,0.145190687471159,0.0943102582301571,0.180948093931838,0.126796770618222,0.101138746195882,0.137537738317591,0.113984748698065,0.0760122603469513,0.244264875384732,0.148054709092769,0.125,6,0.0983606557377049,"A=.1,Au=.7,B=.8,Bu=.5","TRUE",0,1,0,"TRUE","FALSE","FALSE","conjunctive","A=0,B=1,E=0","Conjunctive: A=0,B=1,E=0","Bu=0","B",0.0381295971999709
"208","3_c2","Bu=1",0.0476312827810749,0.105179646250645,0.0844842336476141,0.0477607714080559,0.0895493417137505,0.087919641620528,0.0476575755918184,0.120884658053362,0.0471562991061013,0.0875424089493477,0.0776215829795261,0.0477023169240025,0.0813113912944708,0.102054102280101,0.0477094164355346,0.0943102582301571,0.047013221445129,0.103752039558156,0.0837932307132047,0.0478787735825762,0.0902107918365721,0.0760122603469513,0.0473089991793863,0.148054709092769,0.125,3,0.0491803278688525,"A=.1,Au=.7,B=.8,Bu=.5","FALSE",0,1,0,"TRUE","FALSE","FALSE","conjunctive","A=0,B=1,E=0","Conjunctive: A=0,B=1,E=0","Bu=1","B",0.0276872531538608
"209","3_c3","A=0",0.0476312827810749,0.0263365791115213,0.026466908511733,0.0477607714080559,0.030274300534098,0.0429317542596698,0.0476575755918184,0.0379692641487804,0.0471562991061013,0.0244174377484421,0.0238444495128416,0.0477023169240025,0.0251002708177674,0.0274199526275294,0.0477094164355346,0.0252595282049735,0.047013221445129,0.0238988450750771,0.023451505018702,0.0478787735825762,0.0258124147534712,0.04515061555205,0.0473089991793863,0.0260943942195984,0.125,6,0.0789473684210526,"A=.1,Au=.7,B=.8,Bu=.5","FALSE",1,0,0,"FALSE","TRUE","FALSE","conjunctive","A=1,B=0,E=0","Conjunctive: A=1,B=0,E=0","A=0","A",0.0309317332882649
"210","3_c3","A=1",0.0476312827810749,0.0895315694618951,0.0930060066163537,0.0477607714080559,0.07583445569867,0.0476117325007782,0.0476575755918184,0.0595621303826603,0.0471562991061013,0.0813848576378025,0.0825093490025479,0.0477023169240025,0.0758348237979205,0.060675780898204,0.0477094164355346,0.0943102534897414,0.047013221445129,0.0877402474716121,0.0924865104129851,0.0478787735825762,0.0755575303656096,0.0471652667256509,0.0473089991793863,0.0904825974871186,0.125,10,0.131578947368421,"A=.1,Au=.7,B=.8,Bu=.5","FALSE",1,0,0,"TRUE","TRUE","FALSE","conjunctive","A=1,B=0,E=0","Conjunctive: A=1,B=0,E=0","A=1","A",0.0387749797206909
"211","3_c3","Au=0",0.200101063667947,0.142880322739623,0.117023317290029,0.0992819704872965,0.131276454302867,0.0611268729539825,0.128191957303573,0.0863759353853741,0.138020491159004,0.106306753574861,0.0912415445141099,0.0987358013853344,0.0996064588047238,0.0814343656511109,0.14519068650833,0.0943102563339908,0.190216317883691,0.142775228773798,0.117200358252385,0.093648449591022,0.133294269855338,0.0555099388161592,0.22818270161289,0.120555634749067,0.125,10,0.131578947368421,"A=.1,Au=.7,B=.8,Bu=.5","TRUE",1,0,0,"TRUE","FALSE","FALSE","conjunctive","A=1,B=0,E=0","Conjunctive: A=1,B=0,E=0","Au=0","A",0.0387749797206909
"212","3_c3","Au=1",0.0476312827810749,0.105706358600275,0.0930060066163537,0.0477607714080559,0.0915548869577195,0.154165434193062,0.0476575755918184,0.179994368761937,0.0471562991061013,0.0896266413416972,0.0825093490025479,0.0477023169240025,0.0836391611034133,0.130545321997563,0.0477094164355346,0.0943102601263235,0.047013221445129,0.104368827828698,0.0924865104129851,0.0478787735825762,0.0920847819707976,0.137091092276671,0.0473089991793863,0.183559173642251,0.125,8,0.105263157894737,"A=.1,Au=.7,B=.8,Bu=.5","FALSE",1,0,0,"TRUE","FALSE","FALSE","conjunctive","A=1,B=0,E=0","Conjunctive: A=1,B=0,E=0","Au=1","A",0.035202950213681
"213","3_c3","B=0",0.335869675701062,0.331547006824088,0.396654191818905,0.517285875403366,0.383607467133952,0.475393168591781,0.457652182940531,0.356359721065744,0.476655924318996,0.466568877544656,0.510962953386963,0.525683627128885,0.496480423009111,0.468396421637862,0.471071543842838,0.477929657179683,0.354926380691623,0.339975094513327,0.402895442158264,0.529419944178506,0.386917177983691,0.517907950383516,0.291007427105447,0.25710438749683,0.125,31,0.407894736842105,"A=.1,Au=.7,B=.8,Bu=.5","TRUE",1,0,0,"TRUE","TRUE","TRUE","conjunctive","A=1,B=0,E=0","Conjunctive: A=1,B=0,E=0","B=0","B",0.0563724247280407
"214","3_c3","B=1",0.0476312827810749,0.0263365791115213,0.026466908511733,0.0477607714080559,0.030274300534098,0.0429317542596698,0.0476575755918184,0.0379692641487804,0.0471562991061013,0.0244174377484421,0.0238444495128416,0.0477023169240025,0.0251002708177674,0.0274199526275294,0.0477094164355346,0.0252595282049735,0.047013221445129,0.0238988450750771,0.023451505018702,0.0478787735825762,0.0258124147534712,0.04515061555205,0.0473089991793863,0.0260943942195984,0.125,2,0.0263157894736842,"A=.1,Au=.7,B=.8,Bu=.5","FALSE",1,0,0,"FALSE","TRUE","FALSE","conjunctive","A=1,B=0,E=0","Conjunctive: A=1,B=0,E=0","B=1","B",0.0183615977611674
"215","3_c3","Bu=0",0.225872846725616,0.173916014391425,0.154370654018538,0.144628297069057,0.167585089641427,0.087919641620528,0.175867981796804,0.120884658053362,0.149542088991494,0.118611375255483,0.1025785560656,0.137068986865768,0.111511642688171,0.102054102280101,0.145190687471159,0.0943102582301571,0.21979119419904,0.174992969645186,0.155541658312992,0.137537738317591,0.17049086291017,0.0760122603469513,0.244264875384732,0.148054709092769,0.125,5,0.0657894736842105,"A=.1,Au=.7,B=.8,Bu=.5","TRUE",1,0,0,"TRUE","FALSE","FALSE","conjunctive","A=1,B=0,E=0","Conjunctive: A=1,B=0,E=0","Bu=0","B",0.0284376554562703
"216","3_c3","Bu=1",0.0476312827810749,0.103745569759651,0.0930060066163537,0.0477607714080559,0.0895930451971675,0.087919641620528,0.0476575755918184,0.120884658053362,0.0471562991061013,0.0886666191486154,0.0825093490025479,0.0477023169240025,0.0827269489611263,0.102054102280101,0.0477094164355346,0.0943102582301571,0.047013221445129,0.102349941617225,0.0924865104129851,0.0478787735825762,0.0900305474074514,0.0760122603469513,0.0473089991793863,0.148054709092769,0.125,4,0.0526315789473684,"A=.1,Au=.7,B=.8,Bu=.5","FALSE",1,0,0,"TRUE","FALSE","FALSE","conjunctive","A=1,B=0,E=0","Conjunctive: A=1,B=0,E=0","Bu=1","B",0.0256139085995941
"217","3_c4","A=0",0.0476312827810749,0.0263365791115213,0.026466908511733,0.0477607714080559,0.030274300534098,0.0429317542596698,0.0476575755918184,0.0379692641487804,0.0471562991061013,0.0244174377484421,0.0238444495128416,0.0477023169240025,0.0251002708177674,0.0274199526275294,0.0477094164355346,0.0252595282049735,0.047013221445129,0.0238988450750771,0.023451505018702,0.0478787735825762,0.0258124147534712,0.04515061555205,0.0473089991793863,0.0260943942195984,0.125,5,0.0649350649350649,"A=.1,Au=.7,B=.8,Bu=.5","FALSE",1,1,0,"FALSE","TRUE","FALSE","conjunctive","A=1,B=1,E=0","Conjunctive: A=1,B=1,E=0","A=0","A",0.028081167668433
"218","3_c4","A=1",0.0476312827810749,0.0730112174567203,0.093213166363338,0.0477607714080559,0.0535150336358115,0.0510424001554721,0.0476575755918184,0.0685637319860346,0.0471562991061013,0.106410538200337,0.136941537823415,0.0477023169240025,0.0985989368554762,0.0957915543311818,0.0477094164355346,0.158246817845183,0.047013221445129,0.0758259668042791,0.107680509952739,0.0478787735825762,0.0595595779081406,0.0513267569812805,0.0473089991793863,0.107658520752962,0.125,6,0.0779220779220779,"A=.1,Au=.7,B=.8,Bu=.5","FALSE",1,1,0,"TRUE","TRUE","FALSE","conjunctive","A=1,B=1,E=0","Conjunctive: A=1,B=1,E=0","A=1","A",0.0305470103314023
"219","3_c4","Au=0",0.213084328733467,0.178462270658773,0.153991243103457,0.156531041818106,0.177889595284724,0.109595221365773,0.146745637778951,0.108612904958451,0.301036838549332,0.188970348755469,0.174292338779006,0.231319955323066,0.203197359562512,0.171611633123147,0.356871749166588,0.158246823323026,0.269873728318614,0.195164254886699,0.181493549445949,0.20966220869926,0.224812052665129,0.121845382390441,0.344845449656615,0.145753713536722,0.125,12,0.155844155844156,"A=.1,Au=.7,B=.8,Bu=.5","TRUE",1,1,0,"TRUE","FALSE","FALSE","conjunctive","A=1,B=1,E=0","Conjunctive: A=1,B=1,E=0","Au=0","A",0.0413343596158096
"220","3_c4","Au=1",0.0476312827810749,0.0844533628414707,0.0771934782081123,0.0477607714080559,0.0649466016342229,0.108177712717247,0.0476575755918184,0.14884936230268,0.0471562991061013,0.125507907712977,0.136941537823415,0.0477023169240025,0.128378050568163,0.190706702577559,0.0477094164355346,0.158246830626817,0.047013221445129,0.0982308239005062,0.107680509952739,0.0478787735825762,0.0925556272317156,0.161860368024946,0.0473089991793863,0.225563808516117,0.125,4,0.051948051948052,"A=.1,Au=.7,B=.8,Bu=.5","FALSE",1,1,0,"TRUE","FALSE","FALSE","conjunctive","A=1,B=1,E=0","Conjunctive: A=1,B=1,E=0","Au=1","A",0.0252903790153167
"221","3_c4","B=0",0.0476312827810749,0.0263365791115213,0.026466908511733,0.0477607714080559,0.030274300534098,0.0429317542596698,0.0476575755918184,0.0379692641487804,0.0471562991061013,0.0244174377484421,0.0238444495128416,0.0477023169240025,0.0251002708177674,0.0274199526275294,0.0477094164355346,0.0252595282049735,0.047013221445129,0.0238988450750771,0.023451505018702,0.0478787735825762,0.0258124147534712,0.04515061555205,0.0473089991793863,0.0260943942195984,0.125,0,0,"A=.1,Au=.7,B=.8,Bu=.5","FALSE",1,1,0,"FALSE","TRUE","FALSE","conjunctive","A=1,B=1,E=0","Conjunctive: A=1,B=1,E=0","B=0","B",0
"222","3_c4","B=1",0.0476312827810749,0.0891600596033934,0.093213166363338,0.0477607714080559,0.0791668826494493,0.0510424001554721,0.0476575755918184,0.0685637319860346,0.0471562991061013,0.122205928060737,0.136941537823415,0.0477023169240025,0.130341428751491,0.0957915543311818,0.0477094164355346,0.158246817845183,0.047013221445129,0.0941199849572837,0.107680509952739,0.0478787735825762,0.0951237298192006,0.0513267569812805,0.0473089991793863,0.107658520752962,0.125,10,0.12987012987013,"A=.1,Au=.7,B=.8,Bu=.5","FALSE",1,1,0,"TRUE","TRUE","FALSE","conjunctive","A=1,B=1,E=0","Conjunctive: A=1,B=1,E=0","B=1","B",0.0383090439353705
"223","3_c4","Bu=0",0.501127974580084,0.4250097466223,0.434400312012568,0.556904329733558,0.489898064932193,0.527477208410909,0.567308908670138,0.366867978222576,0.41602536681406,0.279424116789331,0.230252610901652,0.482466143132919,0.265871342562576,0.264548133510671,0.356871752220204,0.158246826974922,0.448046943010612,0.386633470669501,0.340881400705692,0.503065149805283,0.390046856310174,0.456424750414704,0.371300555267068,0.18058832400102,0.125,36,0.467532467532468,"A=.1,Au=.7,B=.8,Bu=.5","TRUE",1,1,0,"TRUE","FALSE","FALSE","conjunctive","A=1,B=1,E=0","Conjunctive: A=1,B=1,E=0","Bu=0","B",0.0568600308499112
"224","3_c4","Bu=1",0.0476312827810749,0.0972301845943002,0.0950548169257209,0.0477607714080559,0.0740352207954037,0.0668015486757877,0.0476575755918184,0.162603762246662,0.0471562991061013,0.128646284984265,0.136941537823415,0.0477023169240025,0.123412340064246,0.126710516871201,0.0477094164355346,0.158246826974922,0.047013221445129,0.102227808631576,0.107680509952739,0.0478787735825762,0.0862773265586982,0.0669147541032484,0.0473089991793863,0.18058832400102,0.125,4,0.051948051948052,"A=.1,Au=.7,B=.8,Bu=.5","FALSE",1,1,0,"TRUE","FALSE","FALSE","conjunctive","A=1,B=1,E=0","Conjunctive: A=1,B=1,E=0","Bu=1","B",0.0252903790153167
"225","3_c5","A=0",0.0476312827810749,0.0263365791115213,0.026466908511733,0.0477607714080559,0.030274300534098,0.0429317542596698,0.0476575755918184,0.0379692641487804,0.0471562991061013,0.0244174377484421,0.0238444495128416,0.0477023169240025,0.0251002708177674,0.0274199526275294,0.0477094164355346,0.0252595282049735,0.047013221445129,0.0238988450750771,0.023451505018702,0.0478787735825762,0.0258124147534712,0.04515061555205,0.0473089991793863,0.0260943942195984,0.125,0,0,"A=.1,Au=.7,B=.8,Bu=.5","FALSE",1,1,1,"FALSE","TRUE","FALSE","conjunctive","A=1,B=1,E=1","Conjunctive: A=1,B=1,E=1","A=0","A",0
"226","3_c5","A=1",0.163102411907527,0.25191734466849,0.16783092704174,0.117567988591076,0.167245016374267,0.114038280888407,0.0991455249389149,0.0927044984829588,0.256821850192013,0.287867583392781,0.261793118180901,0.202297683075997,0.262352413692453,0.215488539035606,0.202290585091274,0.210604154682686,0.291042844992883,0.333538600761907,0.304391712928365,0.202121226417424,0.307424269178672,0.204509830510036,0.215824695886471,0.216919984853308,0.125,11,0.148648648648649,"A=.1,Au=.7,B=.8,Bu=.5","TRUE",1,1,1,"TRUE","TRUE","TRUE","conjunctive","A=1,B=1,E=1","Conjunctive: A=1,B=1,E=1","A=1","A",0.0413541441930583
"227","3_c5","Au=0",0.0476312827810749,0.0899637245376987,0.137248500521633,0.0477607714080559,0.111723002545587,0.0464377257157503,0.0476575755918184,0.146296919175648,0.0471562991061013,0.0533851750128988,0.056508961324184,0.0477023169240025,0.053451929885269,0.041602969301258,0.0477094164355346,0.0535321722207703,0.047013221445129,0.07156776298474,0.09167031911967,0.0478787735825762,0.0736599569245999,0.0458297234278774,0.0473089991793863,0.104124014325238,0.125,1,0.0135135135135135,"A=.1,Au=.7,B=.8,Bu=.5","FALSE",1,1,1,"TRUE","FALSE","FALSE","conjunctive","A=1,B=1,E=1","Conjunctive: A=1,B=1,E=1","Au=0","A",0.0134218954163718
"228","3_c5","Au=1",0.208889098711543,0.164563707432002,0.171564100934317,0.24032808562256,0.198145110426271,0.24569528580614,0.259966290059617,0.181778510433031,0.180969779782469,0.180017395683326,0.190535385202767,0.202297683075997,0.194079848010303,0.215488539035606,0.202290582801061,0.210604147048207,0.167443888725092,0.149524655931152,0.151607972826093,0.202121226417424,0.168434184605603,0.204509830510036,0.195612051371383,0.156168029178212,0.125,22,0.297297297297297,"A=.1,Au=.7,B=.8,Bu=.5","TRUE",1,1,1,"TRUE","FALSE","TRUE","conjunctive","A=1,B=1,E=1","Conjunctive: A=1,B=1,E=1","Au=1","A",0.0531331339486292
"229","3_c5","B=0",0.0476312827810749,0.0263365791115213,0.026466908511733,0.0477607714080559,0.030274300534098,0.0429317542596698,0.0476575755918184,0.0379692641487804,0.0471562991061013,0.0244174377484421,0.0238444495128416,0.0477023169240025,0.0251002708177674,0.0274199526275294,0.0477094164355346,0.0252595282049735,0.047013221445129,0.0238988450750771,0.023451505018702,0.0478787735825762,0.0258124147534712,0.04515061555205,0.0473089991793863,0.0260943942195984,0.125,1,0.0135135135135135,"A=.1,Au=.7,B=.8,Bu=.5","FALSE",1,1,1,"FALSE","TRUE","FALSE","conjunctive","A=1,B=1,E=1","Conjunctive: A=1,B=1,E=1","B=0","B",0.0134218954163718
"230","3_c5","B=1",0.104385998212382,0.103419947509114,0.088024474705128,0.117567988591076,0.0956645369820685,0.114038280888407,0.0991455249389149,0.0927044984829588,0.168978224600715,0.163796453189916,0.187494519793791,0.202297683075997,0.191139473312387,0.215488539035606,0.202290585091274,0.210604154682686,0.150912869141002,0.127931515750651,0.146508854652421,0.202121226417424,0.163502213311184,0.204509830510036,0.215824695886471,0.216919984853308,0.125,12,0.162162162162162,"A=.1,Au=.7,B=.8,Bu=.5","TRUE",1,1,1,"TRUE","TRUE","TRUE","conjunctive","A=1,B=1,E=1","Conjunctive: A=1,B=1,E=1","B=1","B",0.0428488221360481
"231","3_c5","Bu=0",0.0476312827810749,0.0885023241314081,0.132095499474625,0.0477607714080559,0.0716347850375301,0.0462298405964864,0.0476575755918184,0.205288522563922,0.0471562991061013,0.0533851750128988,0.056508961324184,0.0477023169240025,0.0460707086089562,0.041602969301258,0.0477094164355346,0.0535321729971507,0.047013221445129,0.07156776298474,0.09167031911967,0.0478787735825762,0.0519511040542697,0.0458297234278774,0.0473089991793863,0.126839599175369,0.125,2,0.027027027027027,"A=.1,Au=.7,B=.8,Bu=.5","FALSE",1,1,1,"TRUE","FALSE","FALSE","conjunctive","A=1,B=1,E=1","Conjunctive: A=1,B=1,E=1","Bu=0","B",0.0188509684449437
"232","3_c5","Bu=1",0.333097360044248,0.248959793498244,0.25030268029909,0.333492851563065,0.29503894756608,0.347697077585469,0.35111235769528,0.205288522563922,0.204604949000398,0.212713342211295,0.19947015514849,0.202297683075997,0.202705084855098,0.215488539035606,0.202290581274253,0.210604141958554,0.202547511360507,0.198072011436655,0.167247811316377,0.202121226417424,0.183403442418729,0.204509830510036,0.18350256013813,0.126839599175369,0.125,25,0.337837837837838,"A=.1,Au=.7,B=.8,Bu=.5","TRUE",1,1,1,"TRUE","FALSE","TRUE","conjunctive","A=1,B=1,E=1","Conjunctive: A=1,B=1,E=1","Bu=1","B",0.0549819912977524
"233","3_d1","A=0",0.213840590499536,0.205381812146975,0.199418760892999,0.314558332139685,0.202470728781491,0.304781446953662,0.294251753259127,0.261200221354794,0.267369973184393,0.277893476990959,0.28740411792225,0.317298101686202,0.28329113073018,0.317099630921473,0.29900879751224,0.330958265721862,0.214007314941485,0.207562875113222,0.201889330705476,0.318332478698301,0.206486864716087,0.317331580031192,0.222367679859892,0.216919984853308,0.125,17,0.232876712328767,"A=.1,Au=.7,B=.8,Bu=.5","TRUE",0,0,0,"TRUE","TRUE","TRUE","disjunctive","A=0,B=0,E=0","Disjunctive: A=0,B=0,E=0","A=0","A",0.0494691199076192
"234","3_d1","A=1",0.0476312827810749,0.0263365791115213,0.026466908511733,0.0477607714080559,0.030274300534098,0.0429317542596698,0.0476575755918184,0.0379692641487804,0.0471562991061013,0.0244174377484421,0.0238444495128416,0.0477023169240025,0.0251002708177674,0.0274199526275294,0.0477094164355346,0.0252595282049735,0.047013221445129,0.0238988450750771,0.023451505018702,0.0478787735825762,0.0258124147534712,0.04515061555205,0.0473089991793863,0.0260943942195984,0.125,1,0.0136986301369863,"A=.1,Au=.7,B=.8,Bu=.5","FALSE",0,0,0,"FALSE","TRUE","FALSE","disjunctive","A=0,B=0,E=0","Disjunctive: A=0,B=0,E=0","A=1","A",0.0136044803605869
"235","3_d1","Au=0",0.134336590758644,0.0932816762315914,0.0674934304836193,0.0770365867443267,0.0781692734502654,0.0539486590764719,0.0960955532534715,0.0719083076111282,0.0932515244757776,0.0707810929879321,0.0598086932299634,0.076486731709185,0.0653745082306392,0.0629022944019623,0.105572369330933,0.0718911017560567,0.123390180886415,0.0915149858814597,0.0662118736684904,0.073584942056419,0.0781847265135158,0.0511147971514357,0.177238075814276,0.104124014325238,0.125,4,0.0547945205479452,"A=.1,Au=.7,B=.8,Bu=.5","TRUE",0,0,0,"TRUE","FALSE","FALSE","disjunctive","A=0,B=0,E=0","Disjunctive: A=0,B=0,E=0","Au=0","A",0.026636076335416
"236","3_d1","Au=1",0.0476312827810749,0.0877450527921951,0.0654116313739822,0.0477607714080559,0.0730822572168198,0.110282282983171,0.0476575755918184,0.137546369433527,0.0471562991061013,0.0684677492532682,0.058975244662042,0.0477023169240025,0.0632497531001946,0.0951635306241036,0.0477094164355346,0.0718911043171078,0.047013221445129,0.0858385846237529,0.0640570322812856,0.0478787735825762,0.072792139595131,0.0980835809147143,0.0473089991793863,0.156168029178212,0.125,4,0.0547945205479452,"A=.1,Au=.7,B=.8,Bu=.5","FALSE",0,0,0,"TRUE","FALSE","FALSE","disjunctive","A=0,B=0,E=0","Disjunctive: A=0,B=0,E=0","Au=1","A",0.026636076335416
"237","3_d1","B=0",0.293924808748263,0.350804272276946,0.439101109588706,0.314558332139685,0.403427391413493,0.304781446953662,0.294251753259127,0.261200221354794,0.34460039450412,0.385023365294074,0.413707771213472,0.317298101686202,0.400124347160565,0.317099630921473,0.29900879751224,0.330958265721862,0.31494562449199,0.359868449496474,0.446566737719545,0.318332478698301,0.407684510447695,0.317331580031192,0.222367679859892,0.216919984853308,0.125,24,0.328767123287671,"A=.1,Au=.7,B=.8,Bu=.5","TRUE",0,0,0,"TRUE","TRUE","TRUE","disjunctive","A=0,B=0,E=0","Disjunctive: A=0,B=0,E=0","B=0","B",0.0549818527885886
"238","3_d1","B=1",0.0476312827810749,0.0263365791115213,0.026466908511733,0.0477607714080559,0.030274300534098,0.0429317542596698,0.0476575755918184,0.0379692641487804,0.0471562991061013,0.0244174377484421,0.0238444495128416,0.0477023169240025,0.0251002708177674,0.0274199526275294,0.0477094164355346,0.0252595282049735,0.047013221445129,0.0238988450750771,0.023451505018702,0.0478787735825762,0.0258124147534712,0.04515061555205,0.0473089991793863,0.0260943942195984,0.125,9,0.123287671232877,"A=.1,Au=.7,B=.8,Bu=.5","FALSE",0,0,0,"FALSE","TRUE","FALSE","disjunctive","A=0,B=0,E=0","Disjunctive: A=0,B=0,E=0","B=1","B",0.0384792812699607
"239","3_d1","Bu=0",0.167372878869258,0.135397595369801,0.110229619263245,0.102803663344079,0.120635751844218,0.0701713277568468,0.124770637861,0.0961031759740981,0.106152911411303,0.0863396649940869,0.0734400292845474,0.0981077972224008,0.0798147434777074,0.0764475039379651,0.105572369902449,0.0718911030365822,0.159603993899595,0.13490311662764,0.110314983306513,0.0982350062166747,0.122616921603249,0.0629186153836834,0.188790567748395,0.126839599175369,0.125,12,0.164383561643836,"A=.1,Au=.7,B=.8,Bu=.5","TRUE",0,0,0,"TRUE","FALSE","FALSE","disjunctive","A=0,B=0,E=0","Disjunctive: A=0,B=0,E=0","Bu=0","B",0.0433781723888433
"240","3_d1","Bu=1",0.0476312827810749,0.0747164329594485,0.0654116313739822,0.0477607714080559,0.0616659962255169,0.0701713277568468,0.0476575755918184,0.0961031759740981,0.0471562991061013,0.0626597749827962,0.058975244662042,0.0477023169240025,0.0579449756651792,0.0764475039379651,0.0477094164355346,0.0718911030365822,0.047013221445129,0.0725142981072972,0.0640570322812856,0.0478787735825762,0.060610007617379,0.0629186153836834,0.0473089991793863,0.126839599175369,0.125,2,0.0273972602739726,"A=.1,Au=.7,B=.8,Bu=.5","FALSE",0,0,0,"TRUE","FALSE","FALSE","disjunctive","A=0,B=0,E=0","Disjunctive: A=0,B=0,E=0","Bu=1","B",0.0191055648507569
"241","3_d2","A=0",0.0943486622504248,0.0856236838607682,0.0824209626030804,0.166524347993978,0.0901705648196306,0.159288484629811,0.134925248517607,0.127464539177491,0.21595398958991,0.197245537539524,0.257834320597144,0.341223593947782,0.266565723330957,0.338782719512813,0.324953345950499,0.330958274988675,0.157405706347914,0.116267416946597,0.154296122023618,0.342368312295301,0.18003446888461,0.33226079814359,0.291007427105447,0.25710438749683,0.125,13,0.183098591549296,"A=.1,Au=.7,B=.8,Bu=.5","TRUE",0,1,0,"TRUE","TRUE","TRUE","disjunctive","A=0,B=1,E=0","Disjunctive: A=0,B=1,E=0","A=0","A",0.0458984637691245
"242","3_d2","A=1",0.0476312827810749,0.0263365791115213,0.026466908511733,0.0477607714080559,0.030274300534098,0.0429317542596698,0.0476575755918184,0.0379692641487804,0.0471562991061013,0.0244174377484421,0.0238444495128416,0.0477023169240025,0.0251002708177674,0.0274199526275294,0.0477094164355346,0.0252595282049735,0.047013221445129,0.0238988450750771,0.023451505018702,0.0478787735825762,0.0258124147534712,0.04515061555205,0.0473089991793863,0.0260943942195984,0.125,1,0.0140845070422535,"A=.1,Au=.7,B=.8,Bu=.5","FALSE",0,1,0,"FALSE","TRUE","FALSE","disjunctive","A=0,B=1,E=0","Disjunctive: A=0,B=1,E=0","A=1","A",0.0139849686427412
"243","3_d2","Au=0",0.0758092776021984,0.0539436838139872,0.0547741515750287,0.0607927516378224,0.0629484263642592,0.0478272766110373,0.064799381743733,0.0515757283546883,0.0866354803787956,0.060422427567805,0.0687488696551695,0.0790412274844229,0.0772374330334531,0.0655582168493166,0.111546232767219,0.0718911031696251,0.107128618747246,0.0663956518778828,0.0899654698995518,0.0758695074965166,0.111604403496748,0.0514419345327348,0.22818270161289,0.120555634749067,0.125,6,0.0845070422535211,"A=.1,Au=.7,B=.8,Bu=.5","TRUE",0,1,0,"TRUE","FALSE","FALSE","disjunctive","A=0,B=1,E=0","Disjunctive: A=0,B=1,E=0","Au=0","A",0.0330099434577776
"244","3_d2","Au=1",0.0476312827810749,0.0521937552488098,0.0541842737734719,0.0477607714080559,0.0613991385359543,0.0728599440938472,0.0476575755918184,0.0778906107915622,0.0471562991061013,0.0590512510780291,0.0683251121733347,0.0477023169240025,0.0760291476344532,0.100234269489339,0.0477094164355346,0.0718911057306763,0.047013221445129,0.0636608761467388,0.088589116197548,0.0478787735825762,0.10766471133416,0.10098697199773,0.0473089991793863,0.183559173642251,0.125,8,0.112676056338028,"A=.1,Au=.7,B=.8,Bu=.5","FALSE",0,1,0,"TRUE","FALSE","FALSE","disjunctive","A=0,B=1,E=0","Disjunctive: A=0,B=1,E=0","Au=1","A",0.0375256086580467
"245","3_d2","B=0",0.0476312827810749,0.0263365791115213,0.026466908511733,0.0477607714080559,0.030274300534098,0.0429317542596698,0.0476575755918184,0.0379692641487804,0.0471562991061013,0.0244174377484421,0.0238444495128416,0.0477023169240025,0.0251002708177674,0.0274199526275294,0.0477094164355346,0.0252595282049735,0.047013221445129,0.0238988450750771,0.023451505018702,0.0478787735825762,0.0258124147534712,0.04515061555205,0.0473089991793863,0.0260943942195984,0.125,2,0.028169014084507,"A=.1,Au=.7,B=.8,Bu=.5","FALSE",0,1,0,"FALSE","TRUE","FALSE","disjunctive","A=0,B=1,E=0","Disjunctive: A=0,B=1,E=0","B=0","B",0.0196359546370233
"246","3_d2","B=1",0.0476312827810749,0.0468242469567069,0.0541842737734719,0.0477607714080559,0.0409482554570203,0.0441909347282436,0.0476575755918184,0.0440387284190717,0.0471562991061013,0.05458660540992,0.0683251121733347,0.0477023169240025,0.0554823676403123,0.0509010846903299,0.0477094164355346,0.0718911012488369,0.047013221445129,0.0552885831799911,0.088589116197548,0.0478787735825762,0.0548695222635491,0.0463741330391282,0.0473089991793863,0.0904825974871186,0.125,7,0.0985915492957746,"A=.1,Au=.7,B=.8,Bu=.5","FALSE",0,1,0,"TRUE","TRUE","FALSE","disjunctive","A=0,B=1,E=0","Disjunctive: A=0,B=1,E=0","B=1","B",0.0353794831336766
"247","3_d2","Bu=0",0.591685646242002,0.635568283192473,0.588881006270312,0.53387904332792,0.629338288144126,0.541641200968282,0.561987491779568,0.311545932479813,0.461629034500788,0.519959227300696,0.420752574201999,0.341223593947782,0.424736566313211,0.338782719512813,0.324953339104609,0.330958254002089,0.500399567679195,0.585244871272296,0.443068049446782,0.342368312295301,0.449285009685484,0.33226079814359,0.244264875384732,0.148054709092769,0.125,30,0.422535211267606,"A=.1,Au=.7,B=.8,Bu=.5","TRUE",0,1,0,"TRUE","FALSE","TRUE","disjunctive","A=0,B=1,E=0","Disjunctive: A=0,B=1,E=0","Bu=0","B",0.0586225941284341
"248","3_d2","Bu=1",0.0476312827810749,0.0731731887042126,0.112621514981169,0.0477607714080559,0.0546467256108134,0.0483286504494398,0.0476575755918184,0.311545932479813,0.0471562991061013,0.0599000756071418,0.0683251121733347,0.0477023169240025,0.0497482204120789,0.0509010846903299,0.0477094164355346,0.0718911044501507,0.047013221445129,0.0653449104263396,0.088589116197548,0.0478787735825762,0.0449170548285052,0.0463741330391282,0.0473089991793863,0.148054709092769,0.125,4,0.0563380281690141,"A=.1,Au=.7,B=.8,Bu=.5","FALSE",0,1,0,"TRUE","FALSE","FALSE","disjunctive","A=0,B=1,E=0","Disjunctive: A=0,B=1,E=0","Bu=1","B",0.0273640184098717
"249","3_d3","A=0",0.0476312827810749,0.0508679241916143,0.0556956589160692,0.0477607714080559,0.0481933999361325,0.0441909347282436,0.0476575755918184,0.0440387284190717,0.0471562991061013,0.0555707736952891,0.066395346076395,0.0477023169240025,0.0612506451073687,0.0509010846903299,0.0477094164355346,0.0718911012488369,0.047013221445129,0.0595806216539634,0.0861996517633259,0.0478787735825762,0.0686895956226379,0.0463741330391282,0.0473089991793863,0.0904825974871186,0.125,10,0.119047619047619,"A=.1,Au=.7,B=.8,Bu=.5","FALSE",0,1,1,"TRUE","TRUE","FALSE","disjunctive","A=0,B=1,E=1","Disjunctive: A=0,B=1,E=1","A=0","A",0.0353343356967062
"250","3_d3","A=1",0.0476312827810749,0.0263365791115213,0.026466908511733,0.0477607714080559,0.030274300534098,0.0429317542596698,0.0476575755918184,0.0379692641487804,0.0471562991061013,0.0244174377484421,0.0238444495128416,0.0477023169240025,0.0251002708177674,0.0274199526275294,0.0477094164355346,0.0252595282049735,0.047013221445129,0.0238988450750771,0.023451505018702,0.0478787735825762,0.0258124147534712,0.04515061555205,0.0473089991793863,0.0260943942195984,0.125,0,0,"A=.1,Au=.7,B=.8,Bu=.5","FALSE",0,1,1,"FALSE","TRUE","FALSE","disjunctive","A=0,B=1,E=1","Disjunctive: A=0,B=1,E=1","A=1","A",0
"251","3_d3","Au=0",0.0476312827810749,0.0553175240437309,0.0556956589160692,0.0477607714080559,0.0632342494551561,0.0478272766110373,0.0476575755918184,0.0515757283546883,0.0471562991061013,0.0588069814730129,0.066395346076395,0.0477023169240025,0.0736142636094089,0.0655582168493166,0.0477094164355346,0.0718911031696251,0.047013221445129,0.06616355774093,0.0861996517633259,0.0478787735825762,0.103143296699708,0.0514419345327348,0.0473089991793863,0.120555634749067,0.125,2,0.0238095238095238,"A=.1,Au=.7,B=.8,Bu=.5","FALSE",0,1,1,"TRUE","FALSE","FALSE","disjunctive","A=0,B=1,E=1","Disjunctive: A=0,B=1,E=1","Au=0","A",0.0166342412144231
"252","3_d3","Au=1",0.0476312827810749,0.0557587947683183,0.0556956589160692,0.0477607714080559,0.0649883669243666,0.0728599440938472,0.0476575755918184,0.0778906107915622,0.0471562991061013,0.0591164905036978,0.066395346076395,0.0477023169240025,0.0748438164330948,0.100234269489339,0.0477094164355346,0.0718911057306763,0.047013221445129,0.066817304870796,0.0861996517633259,0.0478787735825762,0.107122610486367,0.10098697199773,0.0473089991793863,0.183559173642251,0.125,1,0.0119047619047619,"A=.1,Au=.7,B=.8,Bu=.5","FALSE",0,1,1,"TRUE","FALSE","FALSE","disjunctive","A=0,B=1,E=1","Disjunctive: A=0,B=1,E=1","Au=1","A",0.0118336880641429
"253","3_d3","B=0",0.0476312827810749,0.0263365791115213,0.026466908511733,0.0477607714080559,0.030274300534098,0.0429317542596698,0.0476575755918184,0.0379692641487804,0.0471562991061013,0.0244174377484421,0.0238444495128416,0.0477023169240025,0.0251002708177674,0.0274199526275294,0.0477094164355346,0.0252595282049735,0.047013221445129,0.0238988450750771,0.023451505018702,0.0478787735825762,0.0258124147534712,0.04515061555205,0.0473089991793863,0.0260943942195984,0.125,0,0,"A=.1,Au=.7,B=.8,Bu=.5","FALSE",0,1,1,"FALSE","TRUE","FALSE","disjunctive","A=0,B=1,E=1","Disjunctive: A=0,B=1,E=1","B=0","B",0
"254","3_d3","B=1",0.128039853237247,0.146582821169581,0.127017315088369,0.169083070140969,0.131247656216893,0.159288484629811,0.137411836827954,0.127464539177491,0.285874990370807,0.26834649396367,0.30839885010456,0.356893049227992,0.31299037819294,0.338782719512813,0.356871754510417,0.330958274988675,0.247486430490218,0.203236169498765,0.237436467089492,0.356363679252271,0.254308064797573,0.33226079814359,0.39103739736319,0.25710438749683,0.125,26,0.30952380952381,"A=.1,Au=.7,B=.8,Bu=.5","TRUE",0,1,1,"TRUE","TRUE","TRUE","disjunctive","A=0,B=1,E=1","Disjunctive: A=0,B=1,E=1","B=1","B",0.0504407739524756
"255","3_d3","Bu=0",0.0476312827810749,0.0770458252724449,0.11731939268183,0.0477607714080559,0.0526333222607076,0.0483286504494398,0.0476575755918184,0.311545932479813,0.0471562991061013,0.0589342461908953,0.066395346076395,0.0477023169240025,0.0470081212373151,0.0509010846903299,0.0477094164355346,0.0718911044501507,0.047013221445129,0.0664318614504117,0.0861996517633259,0.0478787735825762,0.0415213754595137,0.0463741330391282,0.0473089991793863,0.148054709092769,0.125,1,0.0119047619047619,"A=.1,Au=.7,B=.8,Bu=.5","FALSE",0,1,1,"TRUE","FALSE","FALSE","disjunctive","A=0,B=1,E=1","Disjunctive: A=0,B=1,E=1","Bu=0","B",0.0118336880641429
"256","3_d3","Bu=1",0.586172450076304,0.561753952331268,0.535642498458127,0.544352301410696,0.579154404138548,0.541641200968282,0.576642709621136,0.311545932479813,0.431187214992585,0.450390138676551,0.378330866564177,0.356893049227992,0.380092233784338,0.338782719512813,0.356871746876376,0.330958254002089,0.470434240839008,0.48997279463498,0.370861915819801,0.356363679252271,0.373590227427258,0.33226079814359,0.325108607560493,0.148054709092769,0.125,44,0.523809523809524,"A=.1,Au=.7,B=.8,Bu=.5","TRUE",0,1,1,"TRUE","FALSE","TRUE","disjunctive","A=0,B=1,E=1","Disjunctive: A=0,B=1,E=1","Bu=1","B",0.0544925843115552
"257","3_d4","A=0",0.0476312827810749,0.0263365791115213,0.026466908511733,0.0477607714080559,0.030274300534098,0.0429317542596698,0.0476575755918184,0.0379692641487804,0.0471562991061013,0.0244174377484421,0.0238444495128416,0.0477023169240025,0.0251002708177674,0.0274199526275294,0.0477094164355346,0.0252595282049735,0.047013221445129,0.0238988450750771,0.023451505018702,0.0478787735825762,0.0258124147534712,0.04515061555205,0.0473089991793863,0.0260943942195984,0.125,3,0.0434782608695652,"A=.1,Au=.7,B=.8,Bu=.5","FALSE",1,0,0,"FALSE","TRUE","FALSE","disjunctive","A=1,B=0,E=0","Disjunctive: A=1,B=0,E=0","A=0","A",0.0245504218510122
"258","3_d4","A=1",0.0476312827810749,0.0517120447777694,0.0782221208495782,0.0477607714080559,0.0365662809336877,0.0441554957156442,0.0476575755918184,0.0455911353814548,0.0471562991061013,0.0556740470099127,0.0761645317966349,0.0477023169240025,0.045911075939615,0.0510694601985825,0.0477094164355346,0.0718911016645935,0.047013221445129,0.0594076653949871,0.113654207222045,0.0478787735825762,0.0392094442046886,0.0464232259663127,0.0473089991793863,0.0904825974871186,0.125,6,0.0869565217391304,"A=.1,Au=.7,B=.8,Bu=.5","FALSE",1,0,0,"TRUE","TRUE","FALSE","disjunctive","A=1,B=0,E=0","Disjunctive: A=1,B=0,E=0","A=1","A",0.0339212825045867
"259","3_d4","Au=0",0.535341650564744,0.493103419005191,0.39452771533864,0.531346442588207,0.469836060108599,0.558155231610631,0.51873847765304,0.260394323692946,0.378044867138463,0.405299905988026,0.308851545599938,0.330459899044693,0.321684558514588,0.341015399946833,0.324953337311362,0.330958248332995,0.375419798702016,0.404648157428406,0.219146108987177,0.330090902528296,0.255096586759214,0.343780927146018,0.22818270161289,0.120555634749067,0.125,36,0.521739130434783,"A=.1,Au=.7,B=.8,Bu=.5","TRUE",1,0,0,"TRUE","FALSE","TRUE","disjunctive","A=1,B=0,E=0","Disjunctive: A=1,B=0,E=0","Au=0","A",0.0601360065050543
"260","3_d4","Au=1",0.0476312827810749,0.0923553174597758,0.143571309379733,0.0477607714080559,0.0816132765478531,0.0464213093128751,0.0476575755918184,0.333247327352886,0.0471562991061013,0.0679266590151594,0.0761645317966349,0.0477023169240025,0.062110274884817,0.0510694601985825,0.0477094164355346,0.0718911061464329,0.047013221445129,0.08647541347403,0.113654207222045,0.0478787735825762,0.0683016677176097,0.0464232259663127,0.0473089991793863,0.183559173642251,0.125,1,0.0144927536231884,"A=.1,Au=.7,B=.8,Bu=.5","FALSE",1,0,0,"TRUE","FALSE","FALSE","disjunctive","A=1,B=0,E=0","Disjunctive: A=1,B=0,E=0","Au=1","A",0.0143873503797889
"261","3_d4","B=0",0.131502090283672,0.163883050905002,0.162391917211112,0.159115402177121,0.169901826414299,0.156013681901749,0.160141079866962,0.150355041842611,0.28591286777603,0.284195530385639,0.333688134371895,0.330459899044693,0.346278381103434,0.341015399946833,0.324953346895609,0.330958277714217,0.243588428128592,0.221565700631441,0.258740645385676,0.330090902528296,0.294803023700248,0.343780927146018,0.291007427105447,0.25710438749683,0.125,12,0.173913043478261,"A=.1,Au=.7,B=.8,Bu=.5","TRUE",1,0,0,"TRUE","TRUE","TRUE","disjunctive","A=1,B=0,E=0","Disjunctive: A=1,B=0,E=0","B=0","B",0.0456304145941567
"262","3_d4","B=1",0.0476312827810749,0.0263365791115213,0.026466908511733,0.0477607714080559,0.030274300534098,0.0429317542596698,0.0476575755918184,0.0379692641487804,0.0471562991061013,0.0244174377484421,0.0238444495128416,0.0477023169240025,0.0251002708177674,0.0274199526275294,0.0477094164355346,0.0252595282049735,0.047013221445129,0.0238988450750771,0.023451505018702,0.0478787735825762,0.0258124147534712,0.04515061555205,0.0473089991793863,0.0260943942195984,0.125,5,0.072463768115942,"A=.1,Au=.7,B=.8,Bu=.5","FALSE",1,0,0,"FALSE","TRUE","FALSE","disjunctive","A=1,B=0,E=0","Disjunctive: A=1,B=0,E=0","B=1","B",0.0312105450468502
"263","3_d4","Bu=0",0.0949998452462087,0.0843255427320762,0.0901309993478927,0.0707342981943926,0.101396832895679,0.0546953864698807,0.0828325645209056,0.0672368217162705,0.100260769555,0.075439478296652,0.0812778256125792,0.100568617290601,0.0921920824328278,0.0804951872270551,0.111546233615356,0.0718911048659073,0.145925665943747,0.1061082085086,0.134247613923609,0.100424327030528,0.165845358138059,0.0646452313356195,0.244264875384732,0.148054709092769,0.125,2,0.0289855072463768,"A=.1,Au=.7,B=.8,Bu=.5","TRUE",1,0,0,"TRUE","FALSE","FALSE","disjunctive","A=1,B=0,E=0","Disjunctive: A=1,B=0,E=0","Bu=0","B",0.0201966231989004
"264","3_d4","Bu=1",0.0476312827810749,0.0619474668971429,0.0782221208495782,0.0477607714080559,0.0801371220316867,0.0546953864698807,0.0476575755918184,0.0672368217162705,0.0471562991061013,0.0626295038077263,0.0761645317966349,0.0477023169240025,0.0816230854891832,0.0804951872270551,0.0477094164355346,0.0718911048659073,0.047013221445129,0.0739971644123827,0.113654207222045,0.0478787735825762,0.125119089973238,0.0646452313356195,0.0473089991793863,0.148054709092769,0.125,4,0.0579710144927536,"A=.1,Au=.7,B=.8,Bu=.5","FALSE",1,0,0,"TRUE","FALSE","FALSE","disjunctive","A=1,B=0,E=0","Disjunctive: A=1,B=0,E=0","Bu=1","B",0.0281328051253992
"265","3_d5","A=0",0.0476312827810749,0.0263365791115213,0.026466908511733,0.0477607714080559,0.030274300534098,0.0429317542596698,0.0476575755918184,0.0379692641487804,0.0471562991061013,0.0244174377484421,0.0238444495128416,0.0477023169240025,0.0251002708177674,0.0274199526275294,0.0477094164355346,0.0252595282049735,0.047013221445129,0.0238988450750771,0.023451505018702,0.0478787735825762,0.0258124147534712,0.04515061555205,0.0473089991793863,0.0260943942195984,0.125,0,0,"A=.1,Au=.7,B=.8,Bu=.5","FALSE",1,0,1,"FALSE","TRUE","FALSE","disjunctive","A=1,B=0,E=1","Disjunctive: A=1,B=0,E=1","A=0","A",0
"266","3_d5","A=1",0.324163575158218,0.422742327296145,0.40218121279996,0.212162569910292,0.372983507792943,0.202298066923166,0.168423404021078,0.150355041842611,0.440763795194348,0.456730488883682,0.453586283802017,0.356893049227992,0.446944725885475,0.341015399946833,0.356871752983608,0.330958272263134,0.484199129370153,0.494415958661421,0.533416379138175,0.356363679252271,0.505063263078136,0.343780927146018,0.377899361691719,0.25710438749683,0.125,17,0.223684210526316,"A=.1,Au=.7,B=.8,Bu=.5","TRUE",1,0,1,"TRUE","TRUE","TRUE","disjunctive","A=1,B=0,E=1","Disjunctive: A=1,B=0,E=1","A=1","A",0.0478002401017333
"267","3_d5","Au=0",0.0476312827810749,0.102834858154782,0.125235147516799,0.0477607714080559,0.0981849657087898,0.0507894541045278,0.0476575755918184,0.260394323692946,0.0471562991061013,0.062373837165857,0.0599201312125568,0.0477023169240025,0.0547594262054659,0.0510694601985825,0.0477094164355346,0.0718911027538685,0.047013221445129,0.0731627743163192,0.065312843293262,0.0478787735825762,0.0539270788886374,0.0464232259663127,0.0473089991793863,0.120555634749067,0.125,1,0.0131578947368421,"A=.1,Au=.7,B=.8,Bu=.5","FALSE",1,0,1,"TRUE","FALSE","FALSE","disjunctive","A=1,B=0,E=1","Disjunctive: A=1,B=0,E=1","Au=0","A",0.0130710429973524
"268","3_d5","Au=1",0.390048728155333,0.228852766386871,0.249357048562615,0.501272801641373,0.288218064083225,0.497372125590226,0.545631142428011,0.333247327352886,0.276298410169044,0.253655113676777,0.259044292322073,0.356893049227992,0.262547600586334,0.341015399946833,0.356871748403184,0.330958259671182,0.233721541959073,0.182600788652101,0.158429237651373,0.356363679252271,0.177232976396156,0.343780927146018,0.338246643231963,0.183559173642251,0.125,39,0.513157894736842,"A=.1,Au=.7,B=.8,Bu=.5","TRUE",1,0,1,"TRUE","FALSE","TRUE","disjunctive","A=1,B=0,E=1","Disjunctive: A=1,B=0,E=1","Au=1","A",0.0573340706329434
"269","3_d5","B=0",0.0476312827810749,0.0535620212330947,0.0567642580323866,0.0477607714080559,0.0457359075609456,0.0446563725745377,0.0476575755918184,0.0455911353814548,0.0471562991061013,0.053370872956959,0.0599201312125568,0.0477023169240025,0.0524493486849606,0.0510694601985825,0.0477094164355346,0.0718911008330803,0.047013221445129,0.0548793721848597,0.065312843293262,0.0478787735825762,0.0497086937205687,0.0464232259663127,0.0473089991793863,0.0904825974871186,0.125,6,0.0789473684210526,"A=.1,Au=.7,B=.8,Bu=.5","FALSE",1,0,1,"TRUE","TRUE","FALSE","disjunctive","A=1,B=0,E=1","Disjunctive: A=1,B=0,E=1","B=0","B",0.0309317332882649
"270","3_d5","B=1",0.0476312827810749,0.0263365791115213,0.026466908511733,0.0477607714080559,0.030274300534098,0.0429317542596698,0.0476575755918184,0.0379692641487804,0.0471562991061013,0.0244174377484421,0.0238444495128416,0.0477023169240025,0.0251002708177674,0.0274199526275294,0.0477094164355346,0.0252595282049735,0.047013221445129,0.0238988450750771,0.023451505018702,0.0478787735825762,0.0258124147534712,0.04515061555205,0.0473089991793863,0.0260943942195984,0.125,5,0.0657894736842105,"A=.1,Au=.7,B=.8,Bu=.5","FALSE",1,0,1,"FALSE","TRUE","FALSE","disjunctive","A=1,B=0,E=1","Disjunctive: A=1,B=0,E=1","B=1","B",0.0284376554562703
"271","3_d5","Bu=0",0.0476312827810749,0.0657071409825305,0.0567642580323866,0.0477607714080559,0.0606315764609824,0.0595102361441016,0.0476575755918184,0.0672368217162705,0.0471562991061013,0.0604490084062139,0.0599201312125568,0.0477023169240025,0.0629772505471151,0.0804951872270551,0.0477094164355346,0.0718911040343941,0.047013221445129,0.0689606741348158,0.065312843293262,0.0478787735825762,0.0717195386730517,0.0646452313356195,0.0473089991793863,0.148054709092769,0.125,5,0.0657894736842105,"A=.1,Au=.7,B=.8,Bu=.5","FALSE",1,0,1,"TRUE","FALSE","FALSE","disjunctive","A=1,B=0,E=1","Disjunctive: A=1,B=0,E=1","Bu=0","B",0.0284376554562703
"272","3_d5","Bu=1",0.0476312827810749,0.073627727723534,0.0567642580323866,0.0477607714080559,0.0736973773249192,0.0595102361441016,0.0476575755918184,0.0672368217162705,0.0471562991061013,0.0645858034136268,0.0599201312125568,0.0477023169240025,0.0701211064551146,0.0804951872270551,0.0477094164355346,0.0718911040343941,0.047013221445129,0.0781827419003293,0.065312843293262,0.0478787735825762,0.090723619736508,0.0646452313356195,0.0473089991793863,0.148054709092769,0.125,3,0.0394736842105263,"A=.1,Au=.7,B=.8,Bu=.5","FALSE",1,0,1,"TRUE","FALSE","FALSE","disjunctive","A=1,B=0,E=1","Disjunctive: A=1,B=0,E=1","Bu=1","B",0.0223358080649171
"273","3_d6","A=0",0.0476312827810749,0.0263365791115213,0.026466908511733,0.0477607714080559,0.030274300534098,0.0429317542596698,0.0476575755918184,0.0379692641487804,0.0471562991061013,0.0244174377484421,0.0238444495128416,0.0477023169240025,0.0251002708177674,0.0274199526275294,0.0477094164355346,0.0252595282049735,0.047013221445129,0.0238988450750771,0.023451505018702,0.0478787735825762,0.0258124147534712,0.04515061555205,0.0473089991793863,0.0260943942195984,0.125,4,0.0481927710843374,"A=.1,Au=.7,B=.8,Bu=.5","FALSE",1,1,0,"FALSE","TRUE","FALSE","disjunctive","A=1,B=1,E=0","Disjunctive: A=1,B=1,E=0","A=0","A",0.0235085803099071
"274","3_d6","A=1",0.0476312827810749,0.045648522184682,0.0675432715777175,0.0477607714080559,0.0406232495475142,0.0437263929468231,0.0476575755918184,0.0423188463059683,0.0471562991061013,0.0531945280076361,0.0811655592871799,0.0477023169240025,0.0581184872036312,0.0529977357099254,0.0477094164355346,0.071891103078162,0.047013221445129,0.055911311820816,0.128837821677923,0.0478787735825762,0.0614310232299067,0.0465002226387024,0.0473089991793863,0.107658520752962,0.125,8,0.0963855421686747,"A=.1,Au=.7,B=.8,Bu=.5","FALSE",1,1,0,"TRUE","TRUE","FALSE","disjunctive","A=1,B=1,E=0","Disjunctive: A=1,B=1,E=0","A=1","A",0.0323935456589075
"275","3_d6","Au=0",0.346439717341339,0.320214209262526,0.238223848464809,0.365858801097388,0.299199978585831,0.377493034041379,0.304685583736658,0.16490083262731,0.343937934587446,0.337798046896891,0.293986769224994,0.356893049227992,0.317043494100854,0.36658457595262,0.356871749166588,0.330958257599808,0.335993291929662,0.307024705976539,0.189567299251139,0.356363679252271,0.259917165754634,0.361848939170545,0.344845449656615,0.145753713536722,0.125,17,0.204819277108434,"A=.1,Au=.7,B=.8,Bu=.5","TRUE",1,1,0,"TRUE","FALSE","TRUE","disjunctive","A=1,B=1,E=0","Disjunctive: A=1,B=1,E=0","Au=0","A",0.0442975074543163
"276","3_d6","Au=1",0.0476312827810749,0.07425836787887,0.119408714165599,0.0477607714080559,0.0877175485862119,0.0451977030290692,0.0476575755918184,0.206475941303822,0.0471562991061013,0.063367144565011,0.0811655592871799,0.0477023169240025,0.0738555064366773,0.0529977357099254,0.0477094164355346,0.0718911075600016,0.047013221445129,0.0776669654255086,0.128837821677923,0.0478787735825762,0.103621706349788,0.0465002226387024,0.0473089991793863,0.225563808516117,0.125,1,0.0120481927710843,"A=.1,Au=.7,B=.8,Bu=.5","FALSE",1,1,0,"TRUE","FALSE","FALSE","disjunctive","A=1,B=1,E=0","Disjunctive: A=1,B=1,E=0","Au=1","A",0.0119753933567385
"277","3_d6","B=0",0.0476312827810749,0.0263365791115213,0.026466908511733,0.0477607714080559,0.030274300534098,0.0429317542596698,0.0476575755918184,0.0379692641487804,0.0471562991061013,0.0244174377484421,0.0238444495128416,0.0477023169240025,0.0251002708177674,0.0274199526275294,0.0477094164355346,0.0252595282049735,0.047013221445129,0.0238988450750771,0.023451505018702,0.0478787735825762,0.0258124147534712,0.04515061555205,0.0473089991793863,0.0260943942195984,0.125,2,0.0240963855421687,"A=.1,Au=.7,B=.8,Bu=.5","FALSE",1,1,0,"FALSE","TRUE","FALSE","disjunctive","A=1,B=1,E=0","Disjunctive: A=1,B=1,E=0","B=0","B",0.016832180075559
"278","3_d6","B=1",0.0476312827810749,0.0529272034254246,0.0675432715777175,0.0477607714080559,0.0547673983348467,0.0437263929468231,0.0476575755918184,0.0423188463059683,0.0471562991061013,0.0592034275868392,0.0811655592871799,0.0477023169240025,0.0751442163739479,0.0529977357099254,0.0477094164355346,0.071891103078162,0.047013221445129,0.0681994471544356,0.128837821677923,0.0478787735825762,0.107799767471062,0.0465002226387024,0.0473089991793863,0.107658520752962,0.125,7,0.0843373493975904,"A=.1,Au=.7,B=.8,Bu=.5","FALSE",1,1,0,"TRUE","TRUE","FALSE","disjunctive","A=1,B=1,E=0","Disjunctive: A=1,B=1,E=0","B=1","B",0.0305027276864777
"279","3_d6","Bu=0",0.367772585972212,0.371990898249653,0.300201442301936,0.347576570454276,0.364641681384144,0.357655362109428,0.409368962712431,0.234023502579685,0.373124270775946,0.374234832881727,0.333662094600604,0.356893049227992,0.357791643107529,0.36658457595262,0.356871752220204,0.330958265994443,0.381927379399564,0.365732914047038,0.248178403999764,0.356363679252271,0.330020763909296,0.361848939170545,0.371300555267068,0.18058832400102,0.125,40,0.481927710843373,"A=.1,Au=.7,B=.8,Bu=.5","TRUE",1,1,0,"TRUE","FALSE","TRUE","disjunctive","A=1,B=1,E=0","Disjunctive: A=1,B=1,E=0","Bu=0","B",0.0548462684329549
"280","3_d6","Bu=1",0.0476312827810749,0.0822876407758014,0.154145634888756,0.0477607714080559,0.092501542493256,0.0463376064071377,0.0476575755918184,0.234023502579685,0.0471562991061013,0.063367144565011,0.0811655592871799,0.0477023169240025,0.0678461111418263,0.0529977357099254,0.0477094164355346,0.0718911062794759,0.047013221445129,0.0776669654255086,0.128837821677923,0.0478787735825762,0.0855847437783707,0.0465002226387024,0.0473089991793863,0.18058832400102,0.125,4,0.0481927710843374,"A=.1,Au=.7,B=.8,Bu=.5","FALSE",1,1,0,"TRUE","FALSE","FALSE","disjunctive","A=1,B=1,E=0","Disjunctive: A=1,B=1,E=0","Bu=1","B",0.0235085803099071
"281","3_d7","A=0",0.0476312827810749,0.0263365791115213,0.026466908511733,0.0477607714080559,0.030274300534098,0.0429317542596698,0.0476575755918184,0.0379692641487804,0.0471562991061013,0.0244174377484421,0.0238444495128416,0.0477023169240025,0.0251002708177674,0.0274199526275294,0.0477094164355346,0.0252595282049735,0.047013221445129,0.0238988450750771,0.023451505018702,0.0478787735825762,0.0258124147534712,0.04515061555205,0.0473089991793863,0.0260943942195984,0.125,1,0.0133333333333333,"A=.1,Au=.7,B=.8,Bu=.5","FALSE",1,1,1,"FALSE","TRUE","FALSE","disjunctive","A=1,B=1,E=1","Disjunctive: A=1,B=1,E=1","A=0","A",0.0132441461562234
"282","3_d7","A=1",0.229553073001366,0.267594529553078,0.297818147501791,0.244678892494009,0.285180264212164,0.267079671663396,0.225385810509585,0.229899750135945,0.3272305066046,0.35897086603369,0.38251778918294,0.276548603414644,0.374156325493189,0.313598349055575,0.299008797047689,0.330958265721862,0.262826821953003,0.283930512443659,0.325371063845954,0.26798940355421,0.314221701516264,0.296760549879991,0.215824695886471,0.216919984853308,0.125,22,0.293333333333333,"A=.1,Au=.7,B=.8,Bu=.5","TRUE",1,1,1,"TRUE","TRUE","TRUE","disjunctive","A=1,B=1,E=1","Disjunctive: A=1,B=1,E=1","A=1","A",0.0525723487382089
"283","3_d7","Au=0",0.0476312827810749,0.0923180156886668,0.0838150869136514,0.0477607714080559,0.0745435313652386,0.0497173018000122,0.0476575755918184,0.0810305053246439,0.0471562991061013,0.0726866643374015,0.0667063923035134,0.0477023169240025,0.0645052459844129,0.0561275068892221,0.0477094164355346,0.0718911017560567,0.047013221445129,0.0876571642836194,0.0774496823307617,0.0478787735825762,0.0695317386252298,0.0479599408580202,0.0473089991793863,0.104124014325238,0.125,0,0,"A=.1,Au=.7,B=.8,Bu=.5","FALSE",1,1,1,"TRUE","FALSE","FALSE","disjunctive","A=1,B=1,E=1","Disjunctive: A=1,B=1,E=1","Au=0","A",0
"284","3_d7","Au=1",0.212976469976883,0.172539856638687,0.172404583095219,0.210039833391658,0.186900615563559,0.189728463460585,0.236394236620405,0.199593626697556,0.11678419141829,0.0992856895324867,0.0858655861142208,0.153606955599999,0.0933408378581214,0.109138726925721,0.105572370367,0.0718911043171078,0.176377107444606,0.159140212052903,0.145422363880413,0.169491757541535,0.157277616635422,0.141182427434142,0.195612051371383,0.156168029178212,0.125,20,0.266666666666667,"A=.1,Au=.7,B=.8,Bu=.5","TRUE",1,1,1,"TRUE","FALSE","FALSE","disjunctive","A=1,B=1,E=1","Disjunctive: A=1,B=1,E=1","Au=1","A",0.051062779080338
"285","3_d7","B=0",0.0476312827810749,0.0263365791115213,0.026466908511733,0.0477607714080559,0.030274300534098,0.0429317542596698,0.0476575755918184,0.0379692641487804,0.0471562991061013,0.0244174377484421,0.0238444495128416,0.0477023169240025,0.0251002708177674,0.0274199526275294,0.0477094164355346,0.0252595282049735,0.047013221445129,0.0238988450750771,0.023451505018702,0.0478787735825762,0.0258124147534712,0.04515061555205,0.0473089991793863,0.0260943942195984,0.125,0,0,"A=.1,Au=.7,B=.8,Bu=.5","FALSE",1,1,1,"FALSE","TRUE","FALSE","disjunctive","A=1,B=1,E=1","Disjunctive: A=1,B=1,E=1","B=0","B",0
"286","3_d7","B=1",0.160286419869563,0.143240471435426,0.129199019467668,0.244678892494009,0.137727563709454,0.267079671663396,0.225385810509585,0.229899750135945,0.241321603462503,0.242139797287323,0.255461746144221,0.276548603414644,0.255142895880323,0.313598349055575,0.299008797047689,0.330958265721862,0.168316123405845,0.148469950878849,0.138543764487861,0.26798940355421,0.150826545280586,0.296760549879991,0.215824695886471,0.216919984853308,0.125,9,0.12,"A=.1,Au=.7,B=.8,Bu=.5","TRUE",1,1,1,"TRUE","TRUE","TRUE","disjunctive","A=1,B=1,E=1","Disjunctive: A=1,B=1,E=1","B=1","B",0.0375233260785874
"287","3_d7","Bu=0",0.0476312827810749,0.0738318661318858,0.0715593756342406,0.0477607714080559,0.0561774638670658,0.0573897297812676,0.0476575755918184,0.0817275682988828,0.0471562991061013,0.0669988831272466,0.0667063923035134,0.0477023169240025,0.0597065906655589,0.0694157200151581,0.0477094164355346,0.0718911030365822,0.047013221445129,0.075333532112909,0.0774496823307617,0.0478787735825762,0.0595108096221299,0.0552979563514802,0.0473089991793863,0.126839599175369,0.125,4,0.0533333333333333,"A=.1,Au=.7,B=.8,Bu=.5","FALSE",1,1,1,"TRUE","FALSE","FALSE","disjunctive","A=1,B=1,E=1","Disjunctive: A=1,B=1,E=1","Bu=0","B",0.0259458124788025
"288","3_d7","Bu=1",0.206658906027888,0.197802102329213,0.192269970363963,0.1095592959881,0.198921960214323,0.0831416531120024,0.12220383999315,0.101910271109466,0.126038502090202,0.111083224184969,0.0950531949259078,0.102486569874704,0.10294756248286,0.08328144280369,0.105572369795484,0.0718911030365822,0.20442706141603,0.197670938077906,0.188860433086844,0.10301434101974,0.197006758813425,0.071737344492275,0.18350256013813,0.126839599175369,0.125,19,0.253333333333333,"A=.1,Au=.7,B=.8,Bu=.5","TRUE",1,1,1,"TRUE","FALSE","FALSE","disjunctive","A=1,B=1,E=1","Disjunctive: A=1,B=1,E=1","Bu=1","B",0.0502202556153797
