"","A","uAuB","Au","B","Bu","E.x","E.y","pA","peA","pB","peB","Pr","PrUn","index","structure","posterior","groupPost","pgroup","trialtype","node","cesm","node2","node3","noSelect","Actual","logits","soft1"
"1","0","00","0","0","0","0","0",0.9,0.5,0.2,0.5,0.045,0.25,1,"disjunctive",0.25,1,"1","d1","A",0.125560625740942,"A","A=0",1,TRUE,0.0930175993490875,0.229136832352614
"2","0","00","0","0","0","0","0",0.9,0.5,0.2,0.5,0.045,0.25,1,"disjunctive",0.25,1,"1","d1","Au=0",0.0522092394914649,"Au","Au=0",1,TRUE,0.0386775559032127,0.217017783729735
"3","0","00","0","0","0","0","0",0.9,0.5,0.2,0.5,0.045,0.25,1,"disjunctive",0.25,1,"1","d1","B",0.325489996097285,"B","B=0",1,TRUE,0.24112891975849,0.265716690189003
"4","0","00","0","0","0","0","0",0.9,0.5,0.2,0.5,0.045,0.25,1,"disjunctive",0.25,1,"1","d1","Bu=0",0.434796928056041,"Bu","Bu=0",1,TRUE,0.322105486600353,0.288128693728649
"5","0","01","0","0","1","0","0",0.9,0.5,0.2,0.5,0.045,0.25,2,"disjunctive",0.25,1,"1","d1","A",0.0514015923343844,"A","A=0",1,TRUE,0.0380792361733657,0.214408332015321
"6","0","01","0","0","1","0","0",0.9,0.5,0.2,0.5,0.045,0.25,2,"disjunctive",0.25,1,"1","d1","Au=0",0.0210312345265695,"Au","Au=0",1,TRUE,0.0155803217407131,0.209638239468843
"7","0","01","0","0","1","0","0",0.9,0.5,0.2,0.5,0.045,0.25,2,"disjunctive",0.25,1,"1","d1","B",0.891077486880123,"B","B=0",1,TRUE,0.660126438320069,0.399386449234222
"8","0","01","0","0","1","0","0",0.9,0.5,0.2,0.5,0.045,0.25,2,"disjunctive",0.25,1,"1","d1","Bu=1",-0.21071669070818,"Bu","Bu=1",1,FALSE,-0.156102763878374,0.176566979281614
"9","0","10","1","0","0","0","0",0.9,0.5,0.2,0.5,0.045,0.25,3,"disjunctive",0.25,1,"1","d1","A",0.585836734226141,"A","A=0",1,TRUE,0.433998527059399,0.307344428169675
"10","0","10","1","0","0","0","0",0.9,0.5,0.2,0.5,0.045,0.25,3,"disjunctive",0.25,1,"1","d1","Au=1",-0.0420069330271872,"Au","Au=1",1,FALSE,-0.0311195013814969,0.193031040220504
"11","0","10","1","0","0","0","0",0.9,0.5,0.2,0.5,0.045,0.25,3,"disjunctive",0.25,1,"1","d1","B",0.26170471527877,"B","B=0",1,TRUE,0.193875621516834,0.241735977624468
"12","0","10","1","0","0","0","0",0.9,0.5,0.2,0.5,0.045,0.25,3,"disjunctive",0.25,1,"1","d1","Bu=0",0.349015474473335,"Bu","Bu=0",1,TRUE,0.258557022789722,0.257888553985352
"13","0","11","1","0","1","0","0",0.9,0.5,0.2,0.5,0.045,0.25,4,"disjunctive",0.25,1,"1","d1","A",0.277255619969956,"A","A=0",1,TRUE,0.20539601506015,0.248081578574434
"14","0","11","1","0","1","0","0",0.9,0.5,0.2,0.5,0.045,0.25,4,"disjunctive",0.25,1,"1","d1","Au=1",-0.0205827678314564,"Au","Au=1",1,FALSE,-0.0152480894416044,0.198961936674506
"15","0","11","1","0","1","0","0",0.9,0.5,0.2,0.5,0.045,0.25,4,"disjunctive",0.25,1,"1","d1","B",0.848322234942127,"B","B=0",1,TRUE,0.628452568654565,0.378726455628105
"16","0","11","1","0","1","0","0",0.9,0.5,0.2,0.5,0.045,0.25,4,"disjunctive",0.25,1,"1","d1","Bu=1",-0.199759112505794,"Bu","Bu=1",1,FALSE,-0.147985190291502,0.174230029122955
"17","0","00","0","1","0","0","0",0.9,0.5,0.8,0.5,0.18,0.25,5,"disjunctive",0.5,2,"1","d2","A",0.0634359718888258,"A","A=0",1,TRUE,0.0469945238218954,0.208883098835615
"18","0","00","0","1","0","0","0",0.9,0.5,0.8,0.5,0.18,0.25,5,"disjunctive",0.5,2,"1","d2","Au=0",0.027341590620048,"Au","Au=0",1,TRUE,0.0202551485137519,0.203371709198692
"19","0","00","0","1","0","0","0",0.9,0.5,0.8,0.5,0.18,0.25,5,"disjunctive",0.5,2,"1","d2","B",-0.100355365026207,"B","B=1",1,FALSE,-0.0743450829545791,0.185014676245215
"20","0","00","0","1","0","0","0",0.9,0.5,0.8,0.5,0.18,0.25,5,"disjunctive",0.5,2,"1","d2","Bu=0",0.949608672149709,"Bu","Bu=0",1,TRUE,0.703487406845876,0.402730515720478
"21","0","00","0","1","0","1","0",0.9,0.5,0.8,0.5,0.18,0.25,6,"disjunctive",0,3,"1","d3","A",-0.0593510612463115,"A","A=0",1,FALSE,-0.0439683475880641,0.272494414361918
"22","0","00","0","1","0","1","0",0.9,0.5,0.8,0.5,0.18,0.25,6,"disjunctive",0,3,"1","d3","Au=0",-0.0241590957114912,"Au","Au=0",1,FALSE,-0.0178974982982662,0.279691990966891
"23","0","00","0","1","0","1","0",0.9,0.5,0.8,0.5,0.18,0.25,6,"disjunctive",0,3,"1","d3","B",0.101124766776097,"B","B=1",1,TRUE,0.0749150697899217,0.306893730677408
"24","0","00","0","1","0","1","0",0.9,0.5,0.8,0.5,0.18,0.25,6,"disjunctive",0,3,"1","d3","Bu=0",-0.949484037713988,"Bu","Bu=0",1,FALSE,-0.703395075384969,0.140919863993783
"25","0","01","0","1","1","0","1",0.9,0.5,0.8,0.5,0.18,0.25,7,"disjunctive",0,2,"1","d2","A",0.0126385464941144,"A","A=0",1,TRUE,0.00936286552577301,0.311362639940382
"26","0","01","0","1","1","0","1",0.9,0.5,0.8,0.5,0.18,0.25,7,"disjunctive",0,2,"1","d2","Au=0",0.00655684044490218,"Au","Au=0",1,TRUE,0.00485742687168635,0.309962970097917
"27","0","01","0","1","1","0","1",0.9,0.5,0.8,0.5,0.18,0.25,7,"disjunctive",0,2,"1","d2","B",-0.502840724089759,"B","B=1",1,FALSE,-0.372513570506482,0.21252972090547
"28","0","01","0","1","1","0","1",0.9,0.5,0.8,0.5,0.18,0.25,7,"disjunctive",0,2,"1","d2","Bu=1",-0.83520691816524,"Bu","Bu=1",1,FALSE,-0.618736503016234,0.16614466905623
"29","0","01","0","1","1","1","1",0.9,0.5,0.8,0.5,0.18,0.25,8,"disjunctive",0.5,3,"1","d3","A",-0.0138478442310303,"A","A=0",1,FALSE,-0.0102587353235095,0.18694501114807
"30","0","01","0","1","1","1","1",0.9,0.5,0.8,0.5,0.18,0.25,8,"disjunctive",0.5,3,"1","d3","Au=0",-0.00498710937387446,"Au","Au=0",1,FALSE,-0.00369454149269879,0.188176190867289
"31","0","01","0","1","1","1","1",0.9,0.5,0.8,0.5,0.18,0.25,8,"disjunctive",0.5,3,"1","d3","B",0.504287116395641,"B","B=1",1,TRUE,0.373585084280933,0.274419603652941
"32","0","01","0","1","1","1","1",0.9,0.5,0.8,0.5,0.18,0.25,8,"disjunctive",0.5,3,"1","d3","Bu=1",0.834443606041303,"Bu","Bu=1",1,TRUE,0.618171027486754,0.3504591943317
"33","0","10","1","1","0","0","0",0.9,0.5,0.8,0.5,0.18,0.25,9,"disjunctive",0.5,2,"1","d2","A",0.336217882326205,"A","A=0",1,TRUE,0.249076333346274,0.250316115067804
"34","0","10","1","1","0","0","0",0.9,0.5,0.8,0.5,0.18,0.25,9,"disjunctive",0.5,2,"1","d2","Au=1",-0.0262686411111888,"Au","Au=1",1,FALSE,-0.0194602879677175,0.191366025504701
"35","0","10","1","1","0","0","0",0.9,0.5,0.8,0.5,0.18,0.25,9,"disjunctive",0.5,2,"1","d2","B",-0.093614735328838,"B","B=1",1,FALSE,-0.0693515016558997,0.182052798085076
"36","0","10","1","1","0","0","0",0.9,0.5,0.8,0.5,0.18,0.25,9,"disjunctive",0.5,2,"1","d2","Bu=0",0.886378845775473,"Bu","Bu=0",1,TRUE,0.6566455993773,0.376265061342418
"37","0","10","1","1","0","1","0",0.9,0.5,0.8,0.5,0.18,0.25,10,"disjunctive",0,3,"1","d3","A",-0.336853040432788,"A","A=0",1,FALSE,-0.249546870044644,0.229944830998612
"38","0","10","1","1","0","1","0",0.9,0.5,0.8,0.5,0.18,0.25,10,"disjunctive",0,3,"1","d3","Au=1",0.0250244072378201,"Au","Au=1",1,TRUE,0.0185385368435366,0.300643393087443
"39","0","10","1","1","0","1","0",0.9,0.5,0.8,0.5,0.18,0.25,10,"disjunctive",0,3,"1","d3","B",0.0937822464687759,"B","B=1",1,TRUE,0.0694755969605329,0.316354013349049
"40","0","10","1","1","0","1","0",0.9,0.5,0.8,0.5,0.18,0.25,10,"disjunctive",0,3,"1","d3","Bu=0",-0.886278014489594,"Bu","Bu=0",1,FALSE,-0.656570901723507,0.153057762564896
"41","0","11","1","1","1","0","1",0.9,0.5,0.8,0.5,0.18,0.25,11,"disjunctive",0,2,"1","d2","A",0.0743878741677015,"A","A=0",1,TRUE,0.0551078925812121,0.32128531960675
"42","0","11","1","1","1","0","1",0.9,0.5,0.8,0.5,0.18,0.25,11,"disjunctive",0,2,"1","d2","Au=1",-0.00498576858879627,"Au","Au=1",1,FALSE,-0.00369354821468285,0.302937990779043
"43","0","11","1","1","1","0","1",0.9,0.5,0.8,0.5,0.18,0.25,11,"disjunctive",0,2,"1","d2","B",-0.494655413001773,"B","B=1",1,FALSE,-0.366449742910554,0.210770937386156
"44","0","11","1","1","1","0","1",0.9,0.5,0.8,0.5,0.18,0.25,11,"disjunctive",0,2,"1","d2","Bu=1",-0.825089515269173,"Bu","Bu=1",1,FALSE,-0.61124134660485,0.165005752228051
"45","0","11","1","1","1","1","1",0.9,0.5,0.8,0.5,0.18,0.25,12,"disjunctive",0.5,3,"1","d3","A",-0.0733514980243343,"A","A=0",1,FALSE,-0.0543401262507259,0.180888696164716
"46","0","11","1","1","1","1","1",0.9,0.5,0.8,0.5,0.18,0.25,12,"disjunctive",0.5,3,"1","d3","Au=1",0.00471125548345684,"Au","Au=1",1,TRUE,0.00349018390443149,0.191657938714831
"47","0","11","1","1","1","1","1",0.9,0.5,0.8,0.5,0.18,0.25,12,"disjunctive",0.5,3,"1","d3","B",0.494470280257981,"B","B=1",1,TRUE,0.366312593200708,0.275485397414653
"48","0","11","1","1","1","1","1",0.9,0.5,0.8,0.5,0.18,0.25,12,"disjunctive",0.5,3,"1","d3","Bu=1",0.82519317628416,"Bu","Bu=1",1,TRUE,0.611318140573527,0.3519679677058
"49","1","00","0","0","0","0","0",0.1,0.5,0.2,0.5,0.005,0.25,13,"disjunctive",0.5,4,"1","d4","A",-0.185290938837516,"A","A=1",1,FALSE,-0.137266903618054,0.178606517411143
"50","1","00","0","0","0","0","0",0.1,0.5,0.2,0.5,0.005,0.25,13,"disjunctive",0.5,4,"1","d4","Au=0",0.7202288295543,"Au","Au=0",1,TRUE,0.533558639994093,0.349327788353307
"51","1","00","0","0","0","0","0",0.1,0.5,0.2,0.5,0.005,0.25,13,"disjunctive",0.5,4,"1","d4","B",0.162957337577656,"B","B=0",1,TRUE,0.120721764871309,0.231174729170783
"52","1","00","0","0","0","0","0",0.1,0.5,0.2,0.5,0.005,0.25,13,"disjunctive",0.5,4,"1","d4","Bu=0",0.218531802295733,"Bu","Bu=0",1,TRUE,0.161892340939094,0.240890965064766
"53","1","00","0","0","0","1","0",0.1,0.5,0.2,0.5,0.005,0.25,14,"disjunctive",0,5,"1","d5","A",0.184814614379104,"A","A=1",1,TRUE,0.136914033780306,0.330592090038508
"54","1","00","0","0","0","1","0",0.1,0.5,0.2,0.5,0.005,0.25,14,"disjunctive",0,5,"1","d5","Au=0",-0.720463897632459,"Au","Au=0",1,FALSE,-0.533732782709494,0.169057423719665
"55","1","00","0","0","0","1","0",0.1,0.5,0.2,0.5,0.005,0.25,14,"disjunctive",0,5,"1","d5","B",-0.164500135543697,"B","B=0",1,FALSE,-0.121864697715383,0.255215051133328
"56","1","00","0","0","0","1","0",0.1,0.5,0.2,0.5,0.005,0.25,14,"disjunctive",0,5,"1","d5","Bu=0",-0.218893605130987,"Bu","Bu=0",1,FALSE,-0.162160371071744,0.245135435108499
"57","1","01","0","0","1","0","0",0.1,0.5,0.2,0.5,0.005,0.25,15,"disjunctive",0.5,4,"1","d4","A",-0.117753078876938,"A","A=1",1,FALSE,-0.0872336263734075,0.187086283152778
"58","1","01","0","0","1","0","0",0.1,0.5,0.2,0.5,0.005,0.25,15,"disjunctive",0.5,4,"1","d4","Au=0",0.458994989590159,"Au","Au=0",1,TRUE,0.340031851490006,0.286814422620041
"59","1","01","0","0","1","0","0",0.1,0.5,0.2,0.5,0.005,0.25,15,"disjunctive",0.5,4,"1","d4","B",0.710723461078484,"B","B=0",1,TRUE,0.526516889832914,0.345613270240523
"60","1","01","0","0","1","0","0",0.1,0.5,0.2,0.5,0.005,0.25,15,"disjunctive",0.5,4,"1","d4","Bu=1",-0.166235380380983,"Bu","Bu=1",1,FALSE,-0.123150198708189,0.180486023986658
"61","1","01","0","0","1","1","0",0.1,0.5,0.2,0.5,0.005,0.25,16,"disjunctive",0,5,"1","d5","A",0.116387038447897,"A","A=1",1,TRUE,0.0862216387333856,0.309109500908209
"62","1","01","0","0","1","1","0",0.1,0.5,0.2,0.5,0.005,0.25,16,"disjunctive",0,5,"1","d5","Au=0",-0.455003610228553,"Au","Au=0",1,FALSE,-0.337074964933274,0.202430978661121
"63","1","01","0","0","1","1","0",0.1,0.5,0.2,0.5,0.005,0.25,16,"disjunctive",0,5,"1","d5","B",-0.712900313200885,"B","B=0",1,FALSE,-0.528129541548919,0.167225701461402
"64","1","01","0","0","1","1","0",0.1,0.5,0.2,0.5,0.005,0.25,16,"disjunctive",0,5,"1","d5","Bu=1",0.168321074228117,"Bu","Bu=1",1,TRUE,0.124695318712909,0.321233818969269
"65","1","10","1","0","0","0","1",0.1,0.5,0.2,0.5,0.005,0.25,17,"disjunctive",0,4,"1","d4","A",-0.755728234267497,"A","A=1",1,FALSE,-0.559857245828984,0.171020462516684
"66","1","10","1","0","0","0","1",0.1,0.5,0.2,0.5,0.005,0.25,17,"disjunctive",0,4,"1","d4","Au=1",-0.522409579938592,"Au","Au=1",1,FALSE,-0.387010535477191,0.203289266633174
"67","1","10","1","0","0","0","1",0.1,0.5,0.2,0.5,0.005,0.25,17,"disjunctive",0,4,"1","d4","B",0.0523493791241952,"B","B=0",1,TRUE,0.0387813738965789,0.311195655866627
"68","1","10","1","0","0","0","1",0.1,0.5,0.2,0.5,0.005,0.25,17,"disjunctive",0,4,"1","d4","Bu=0",0.0665838030641407,"Bu","Bu=0",1,TRUE,0.0493264945121986,0.314494614983515
"69","1","10","1","0","0","1","1",0.1,0.5,0.2,0.5,0.005,0.25,18,"disjunctive",0.5,5,"1","d5","A",0.754565556984801,"A","A=1",1,TRUE,0.55899591331319,0.340695296281933
"70","1","10","1","0","0","1","1",0.1,0.5,0.2,0.5,0.005,0.25,18,"disjunctive",0.5,5,"1","d5","Au=1",0.521615351299232,"Au","Au=1",1,TRUE,0.386422156429766,0.286693804123917
"71","1","10","1","0","0","1","1",0.1,0.5,0.2,0.5,0.005,0.25,18,"disjunctive",0.5,5,"1","d5","B",-0.0518093248472086,"B","B=0",1,FALSE,-0.0383812918480302,0.187468590373488
"72","1","10","1","0","0","1","1",0.1,0.5,0.2,0.5,0.005,0.25,18,"disjunctive",0.5,5,"1","d5","Bu=0",-0.0686643975558355,"Bu","Bu=0",1,FALSE,-0.0508678368214962,0.185142309220662
"73","1","11","1","0","1","0","1",0.1,0.5,0.2,0.5,0.005,0.25,19,"disjunctive",0,4,"1","d4","A",-0.654874393483219,"A","A=1",1,FALSE,-0.485142882950258,0.174476971910904
"74","1","11","1","0","1","0","1",0.1,0.5,0.2,0.5,0.005,0.25,19,"disjunctive",0,4,"1","d4","Au=1",-0.452290051447733,"Au","Au=1",1,FALSE,-0.335064711145552,0.202729167619122
"75","1","11","1","0","1","0","1",0.1,0.5,0.2,0.5,0.005,0.25,19,"disjunctive",0,4,"1","d4","B",0.300380662831539,"B","B=0",1,TRUE,0.222527468166056,0.354058841385419
"76","1","11","1","0","1","0","1",0.1,0.5,0.2,0.5,0.005,0.25,19,"disjunctive",0,4,"1","d4","Bu=1",-0.0718257371718888,"Bu","Bu=1",1,FALSE,-0.0532098148108313,0.268735019084555
"77","1","11","1","0","1","1","1",0.1,0.5,0.2,0.5,0.005,0.25,20,"disjunctive",0.5,5,"1","d5","A",0.654507449154734,"A","A=1",1,TRUE,0.48487104390574,0.333139892692239
"78","1","11","1","0","1","1","1",0.1,0.5,0.2,0.5,0.005,0.25,20,"disjunctive",0.5,5,"1","d5","Au=1",0.451242518432209,"Au","Au=1",1,TRUE,0.334288679600886,0.286569226612998
"79","1","11","1","0","1","1","1",0.1,0.5,0.2,0.5,0.005,0.25,20,"disjunctive",0.5,5,"1","d5","B",-0.300990252296827,"B","B=0",1,FALSE,-0.222979063149077,0.164138796970221
"80","1","11","1","0","1","1","1",0.1,0.5,0.2,0.5,0.005,0.25,20,"disjunctive",0.5,5,"1","d5","Bu=1",0.0705851904726336,"Bu","Bu=1",1,TRUE,0.0522907952124166,0.216152083724541
"81","1","00","0","1","0","0","0",0.1,0.5,0.8,0.5,0.02,0.25,21,"disjunctive",1,6,"1","d6","A",-0.133858999830891,"A","A=1",1,FALSE,-0.0991651860769547,0.180518270050094
"82","1","00","0","1","0","0","0",0.1,0.5,0.8,0.5,0.02,0.25,21,"disjunctive",1,6,"1","d6","Au=0",0.528596101343894,"Au","Au=0",1,TRUE,0.391593623256877,0.294886578013733
"83","1","00","0","1","0","0","0",0.1,0.5,0.8,0.5,0.02,0.25,21,"disjunctive",1,6,"1","d6","B",-0.0751147349458994,"B","B=1",1,FALSE,-0.0556463642896001,0.188547660080305
"84","1","00","0","1","0","0","0",0.1,0.5,0.8,0.5,0.02,0.25,21,"disjunctive",1,6,"1","d6","Bu=0",0.704970939378135,"Bu","Bu=0",1,TRUE,0.522255316942429,0.336047491855869
"85","1","00","0","1","0","1","0",0.1,0.5,0.8,0.5,0.02,0.25,22,"disjunctive",0,7,"1","d7","A",0.135342725981068,"A","A=1",1,TRUE,0.100264357443508,0.322140309703145
"86","1","00","0","1","0","1","0",0.1,0.5,0.8,0.5,0.02,0.25,22,"disjunctive",0,7,"1","d7","Au=0",-0.52849356432349,"Au","Au=0",1,FALSE,-0.391517661963867,0.197000285041421
"87","1","00","0","1","0","1","0",0.1,0.5,0.8,0.5,0.02,0.25,22,"disjunctive",0,7,"1","d7","B",0.0747876321541773,"B","B=1",1,TRUE,0.0554040405814565,0.308008345440654
"88","1","00","0","1","0","1","0",0.1,0.5,0.8,0.5,0.02,0.25,22,"disjunctive",0,7,"1","d7","Bu=0",-0.705021185047079,"Bu","Bu=0",1,FALSE,-0.522292539849493,0.17285105981478
"89","1","01","0","1","1","0","1",0.1,0.5,0.8,0.5,0.02,0.25,23,"disjunctive",0,6,"1","d6","A",-0.0345013291935347,"A","A=1",1,FALSE,-0.0255592133043086,0.291091568540437
"90","1","01","0","1","1","0","1",0.1,0.5,0.8,0.5,0.02,0.25,23,"disjunctive",0,6,"1","d6","Au=0",0.136711495032189,"Au","Au=0",1,TRUE,0.101278366496484,0.330456643460646
"91","1","01","0","1","1","0","1",0.1,0.5,0.8,0.5,0.02,0.25,23,"disjunctive",0,6,"1","d6","B",-0.469753252056487,"B","B=1",1,FALSE,-0.348001768347937,0.210860195046675
"92","1","01","0","1","1","0","1",0.1,0.5,0.8,0.5,0.02,0.25,23,"disjunctive",0,6,"1","d6","Bu=1",-0.779768987813569,"Bu","Bu=1",1,FALSE,-0.577667074094832,0.167591592952242
"93","1","01","0","1","1","1","1",0.1,0.5,0.8,0.5,0.02,0.25,24,"disjunctive",0.333333333333333,7,"1","d7","A",0.033985956902214,"A","A=1",1,TRUE,0.0251774161204637,0.200057840851155
"94","1","01","0","1","1","1","1",0.1,0.5,0.8,0.5,0.02,0.25,24,"disjunctive",0.333333333333333,7,"1","d7","Au=0",-0.136346038532426,"Au","Au=0",1,FALSE,-0.101007629662593,0.176341328471279
"95","1","01","0","1","1","1","1",0.1,0.5,0.8,0.5,0.02,0.25,24,"disjunctive",0.333333333333333,7,"1","d7","B",0.470295342870476,"B","B=1",1,TRUE,0.348403359100204,0.276395406291884
"96","1","01","0","1","1","1","1",0.1,0.5,0.8,0.5,0.02,0.25,24,"disjunctive",0.333333333333333,7,"1","d7","Bu=1",0.778176719914435,"Bu","Bu=1",1,TRUE,0.576487493022947,0.347205424385682
"97","1","10","1","1","0","0","1",0.1,0.5,0.8,0.5,0.02,0.25,25,"disjunctive",0,6,"1","d6","A",-0.691549525329079,"A","A=1",1,FALSE,-0.512312488867575,0.171008407954674
"98","1","10","1","1","0","0","1",0.1,0.5,0.8,0.5,0.02,0.25,25,"disjunctive",0,6,"1","d6","Au=1",-0.476578386468621,"Au","Au=1",1,FALSE,-0.353057952279048,0.20053068174682
"99","1","10","1","1","0","0","1",0.1,0.5,0.8,0.5,0.02,0.25,25,"disjunctive",0,6,"1","d6","B",-0.0299343926807807,"B","B=1",1,FALSE,-0.0221759435229638,0.279177915895428
"100","1","10","1","1","0","0","1",0.1,0.5,0.8,0.5,0.02,0.25,25,"disjunctive",0,6,"1","d6","Bu=0",0.272478789959427,"Bu","Bu=0",1,TRUE,0.201857252351251,0.349282994403079
"101","1","10","1","1","0","1","1",0.1,0.5,0.8,0.5,0.02,0.25,26,"disjunctive",0.333333333333333,7,"1","d7","A",0.691565096045171,"A","A=1",1,TRUE,0.512324023937765,0.338350845156456
"102","1","10","1","1","0","1","1",0.1,0.5,0.8,0.5,0.02,0.25,26,"disjunctive",0.333333333333333,7,"1","d7","Au=1",0.477065390376797,"Au","Au=1",1,TRUE,0.353418733647768,0.288639374629556
"103","1","10","1","1","0","1","1",0.1,0.5,0.8,0.5,0.02,0.25,26,"disjunctive",0.333333333333333,7,"1","d7","B",0.0293976783978591,"B","B=1",1,TRUE,0.0217783358028753,0.207169577406521
"104","1","10","1","1","0","1","1",0.1,0.5,0.8,0.5,0.02,0.25,26,"disjunctive",0.333333333333333,7,"1","d7","Bu=0",-0.270963429317039,"Bu","Bu=0",1,FALSE,-0.200734645576466,0.165840202807467
"105","1","11","1","1","1","0","1",0.1,0.5,0.8,0.5,0.02,0.25,27,"disjunctive",0,6,"1","d6","A",-0.285065939895786,"A","A=1",1,FALSE,-0.211182042370558,0.254452583857173
"106","1","11","1","1","1","0","1",0.1,0.5,0.8,0.5,0.02,0.25,27,"disjunctive",0,6,"1","d6","Au=1",-0.198222023391939,"Au","Au=1",1,FALSE,-0.146846486669146,0.271361006952786
"107","1","11","1","1","1","0","1",0.1,0.5,0.8,0.5,0.02,0.25,27,"disjunctive",0,6,"1","d6","B",-0.287906208515671,"B","B=1",1,FALSE,-0.213286165115799,0.253917747266136
"108","1","11","1","1","1","0","1",0.1,0.5,0.8,0.5,0.02,0.25,27,"disjunctive",0,6,"1","d6","Bu=1",-0.479805366873055,"Bu","Bu=1",1,FALSE,-0.355448558160435,0.220268661923905
"109","1","11","1","1","1","1","1",0.1,0.5,0.8,0.5,0.02,0.25,28,"disjunctive",0.333333333333333,7,"1","d7","A",0.285376502214326,"A","A=1",1,TRUE,0.211412112594789,0.244228283408604
"110","1","11","1","1","1","1","1",0.1,0.5,0.8,0.5,0.02,0.25,28,"disjunctive",0.333333333333333,7,"1","d7","Au=1",0.198357628552606,"Au","Au=1",1,TRUE,0.146946945442986,0.228980811734735
"111","1","11","1","1","1","1","1",0.1,0.5,0.8,0.5,0.02,0.25,28,"disjunctive",0.333333333333333,7,"1","d7","B",0.287829415689019,"B","B=1",1,TRUE,0.213229275590598,0.24467248948293
"112","1","11","1","1","1","1","1",0.1,0.5,0.8,0.5,0.02,0.25,28,"disjunctive",0.333333333333333,7,"1","d7","Bu=1",0.480057890714172,"Bu","Bu=1",1,TRUE,0.355635632423092,0.282118415373731
"113","0","00","0","0","0","0","0",0.9,0.5,0.2,0.5,0.045,0.25,1,"conjunctive",0.25,1,"1","c1","A",0.0691630118498526,"A","A=0",1,TRUE,0.0512372193755963,0.255964194290749
"114","0","00","0","0","0","0","0",0.9,0.5,0.2,0.5,0.045,0.25,1,"conjunctive",0.25,1,"1","c1","Au=0",0.0290281767599624,"Au","Au=0",1,TRUE,0.0215046022569497,0.248465735701065
"115","0","00","0","0","0","0","0",0.9,0.5,0.2,0.5,0.045,0.25,1,"conjunctive",0.25,1,"1","c1","B",0.0216606861563693,"B","B=0",1,TRUE,0.0160466309771066,0.247113310956621
"116","0","00","0","0","0","0","0",0.9,0.5,0.2,0.5,0.045,0.25,1,"conjunctive",0.25,1,"1","c1","Bu=0",0.0289794077486227,"Bu","Bu=0",1,TRUE,0.0214684732847447,0.248456759051565
"117","0","01","0","0","1","0","0",0.9,0.5,0.2,0.5,0.045,0.25,2,"conjunctive",0.25,1,"1","c1","A",0.177780895310137,"A","A=0",1,TRUE,0.131703326534859,0.269709706141175
"118","0","01","0","0","1","0","0",0.9,0.5,0.2,0.5,0.045,0.25,2,"conjunctive",0.25,1,"1","c1","Au=0",0.0742408080467579,"Au","Au=0",1,TRUE,0.0549989433191722,0.24979531310886
"119","0","01","0","0","1","0","0",0.9,0.5,0.2,0.5,0.045,0.25,2,"conjunctive",0.25,1,"1","c1","B",0.055510872908194,"B","B=0",1,TRUE,0.0411234660963372,0.246353219502188
"120","0","01","0","0","1","0","0",0.9,0.5,0.2,0.5,0.045,0.25,2,"conjunctive",0.25,1,"1","c1","Bu=1",-0.0131154203929372,"Bu","Bu=1",1,FALSE,-0.00971614239898842,0.234141761247777
"121","0","10","1","0","0","0","0",0.9,0.5,0.2,0.5,0.045,0.25,3,"conjunctive",0.25,1,"1","c1","A",0.172473294108098,"A","A=0",1,TRUE,0.127771358856276,0.269104468087371
"122","0","10","1","0","0","0","0",0.9,0.5,0.2,0.5,0.045,0.25,3,"conjunctive",0.25,1,"1","c1","Au=1",-0.0127193187268204,"Au","Au=1",1,FALSE,-0.00942270306748676,0.234605551468751
"123","0","10","1","0","0","0","0",0.9,0.5,0.2,0.5,0.045,0.25,3,"conjunctive",0.25,1,"1","c1","B",0.0538164825505848,"B","B=0",1,TRUE,0.039868230846473,0.246459217464381
"124","0","10","1","0","0","0","0",0.9,0.5,0.2,0.5,0.045,0.25,3,"conjunctive",0.25,1,"1","c1","Bu=0",0.0721572937848205,"Bu","Bu=0",1,TRUE,0.0534554379908787,0.249830762979497
"125","0","11","1","0","1","0","0",0.9,0.5,0.2,0.5,0.045,0.25,4,"conjunctive",0.25,1,"1","c1","A",0.409615640016647,"A","A=0",1,TRUE,0.303450729600536,0.307167460002713
"126","0","11","1","0","1","0","0",0.9,0.5,0.2,0.5,0.045,0.25,4,"conjunctive",0.25,1,"1","c1","Au=1",-0.0301266573920124,"Au","Au=1",1,FALSE,-0.0223183767242383,0.221766264557113
"127","0","11","1","0","1","0","0",0.9,0.5,0.2,0.5,0.045,0.25,4,"conjunctive",0.25,1,"1","c1","B",0.127854074251846,"B","B=0",1,TRUE,0.094716627794161,0.249300493329514
"128","0","11","1","0","1","0","0",0.9,0.5,0.2,0.5,0.045,0.25,4,"conjunctive",0.25,1,"1","c1","Bu=1",-0.0301295939761862,"Bu","Bu=1",1,FALSE,-0.0223205521993009,0.22176578211066
"129","0","00","0","1","0","0","0",0.9,0.5,0.8,0.5,0.18,0.25,5,"conjunctive",0.25,2,"1","c2","A",0.14466318914144,"A","A=0",1,TRUE,0.107169126377904,0.265003957273121
"130","0","00","0","1","0","0","0",0.9,0.5,0.8,0.5,0.18,0.25,5,"conjunctive",0.25,2,"1","c2","Au=0",0.0606440366908821,"Au","Au=0",1,TRUE,0.0449262073562961,0.249012187228377
"131","0","00","0","1","0","0","0",0.9,0.5,0.8,0.5,0.18,0.25,5,"conjunctive",0.25,2,"1","c2","B",-0.00642403753734289,"B","B=1",1,FALSE,-0.00475904405800692,0.236942285064718
"132","0","00","0","1","0","0","0",0.9,0.5,0.8,0.5,0.18,0.25,5,"conjunctive",0.25,2,"1","c2","Bu=0",0.0608033093719919,"Bu","Bu=0",1,TRUE,0.0450441994605191,0.249041570433784
"133","0","01","0","1","1","0","0",0.9,0.5,0.8,0.5,0.18,0.25,6,"conjunctive",0.25,2,"1","c2","A",0.343599259204331,"A","A=0",1,TRUE,0.254544591831309,0.29497795227894
"134","0","01","0","1","1","0","0",0.9,0.5,0.8,0.5,0.18,0.25,6,"conjunctive",0.25,2,"1","c2","Au=0",0.144401203483118,"Au","Au=0",1,TRUE,0.106975042628662,0.254507693731733
"135","0","01","0","1","1","0","0",0.9,0.5,0.8,0.5,0.18,0.25,6,"conjunctive",0.25,2,"1","c2","B",-0.0153047052586204,"B","B=1",1,FALSE,-0.0113380045177493,0.226109188862752
"136","0","01","0","1","1","0","0",0.9,0.5,0.8,0.5,0.18,0.25,6,"conjunctive",0.25,2,"1","c2","Bu=1",-0.0255161553381507,"Bu","Bu=1",1,FALSE,-0.0189028327962471,0.224405165126575
"137","0","10","1","1","0","0","0",0.9,0.5,0.8,0.5,0.18,0.25,7,"conjunctive",0.25,2,"1","c2","A",0.342686902140041,"A","A=0",1,TRUE,0.253868701094315,0.294856873838813
"138","0","10","1","1","0","0","0",0.9,0.5,0.8,0.5,0.18,0.25,7,"conjunctive",0.25,2,"1","c2","Au=1",-0.0252882879335965,"Au","Au=1",1,FALSE,-0.0187340244710539,0.224502611495652
"139","0","10","1","1","0","0","0",0.9,0.5,0.8,0.5,0.18,0.25,7,"conjunctive",0.25,2,"1","c2","B",-0.0152385863388066,"B","B=1",1,FALSE,-0.0112890224172195,0.22618027124034
"140","0","10","1","1","0","0","0",0.9,0.5,0.8,0.5,0.18,0.25,7,"conjunctive",0.25,2,"1","c2","Bu=0",0.143791340833183,"Bu","Bu=0",1,TRUE,0.106523245265477,0.254460243425195
"141","0","11","1","1","1","0","0",0.9,0.5,0.8,0.5,0.18,0.25,8,"conjunctive",0.25,2,"1","c2","A",0.815837154147256,"A","A=0",1,TRUE,0.604387028901406,0.388083166921879
"142","0","11","1","1","1","0","0",0.9,0.5,0.8,0.5,0.18,0.25,8,"conjunctive",0.25,2,"1","c2","Au=1",-0.0605324469230962,"Au","Au=1",1,FALSE,-0.0448435396230786,0.202753122956121
"143","0","11","1","1","1","0","0",0.9,0.5,0.8,0.5,0.18,0.25,8,"conjunctive",0.25,2,"1","c2","B",-0.0363918766644165,"B","B=1",1,FALSE,-0.0269597653178015,0.206411731400247
"144","0","11","1","1","1","0","0",0.9,0.5,0.8,0.5,0.18,0.25,8,"conjunctive",0.25,2,"1","c2","Bu=1",-0.0605400648535825,"Bu","Bu=1",1,FALSE,-0.0448491831247868,0.202751978721754
"145","1","00","0","0","0","0","0",0.1,0.5,0.2,0.5,0.005,0.25,9,"conjunctive",0.25,3,"1","c3","A",-0.0381870018660387,"A","A=1",1,FALSE,-0.0282896267755682,0.226426061063108
"146","1","00","0","0","0","0","0",0.1,0.5,0.2,0.5,0.005,0.25,9,"conjunctive",0.25,3,"1","c3","Au=0",0.149865996945695,"Au","Au=0",1,TRUE,0.111023461198002,0.260273119264806
"147","1","00","0","0","0","0","0",0.1,0.5,0.2,0.5,0.005,0.25,9,"conjunctive",0.25,3,"1","c3","B",0.112036748287811,"B","B=0",1,TRUE,0.0829988645175419,0.253080328351646
"148","1","00","0","0","0","0","0",0.1,0.5,0.2,0.5,0.005,0.25,9,"conjunctive",0.25,3,"1","c3","Bu=0",0.149593024163615,"Bu","Bu=0",1,TRUE,0.110821237987287,0.26022049132044
"149","1","01","0","0","1","0","0",0.1,0.5,0.2,0.5,0.005,0.25,10,"conjunctive",0.25,3,"1","c3","A",-0.091975023479138,"A","A=1",1,FALSE,-0.0681367732409742,0.211634675619587
"150","1","01","0","0","1","0","0",0.1,0.5,0.2,0.5,0.005,0.25,10,"conjunctive",0.25,3,"1","c3","Au=0",0.359754714237101,"Au","Au=0",1,TRUE,0.266512847282989,0.295749017420266
"151","1","01","0","0","1","0","0",0.1,0.5,0.2,0.5,0.005,0.25,10,"conjunctive",0.25,3,"1","c3","B",0.268825671835054,"B","B=0",1,TRUE,0.199150955882412,0.276482986969075
"152","1","01","0","0","1","0","0",0.1,0.5,0.2,0.5,0.005,0.25,10,"conjunctive",0.25,3,"1","c3","Bu=1",-0.0635822560259165,"Bu","Bu=1",1,FALSE,-0.0471028937760489,0.216133319991072
"153","1","10","1","0","0","0","0",0.1,0.5,0.2,0.5,0.005,0.25,11,"conjunctive",0.25,3,"1","c3","A",-0.092240757200037,"A","A=1",1,FALSE,-0.0683336336232658,0.211516601781783
"154","1","10","1","0","0","0","0",0.1,0.5,0.2,0.5,0.005,0.25,11,"conjunctive",0.25,3,"1","c3","Au=1",-0.0635375972872484,"Au","Au=1",1,FALSE,-0.0470698097687309,0.216062412926951
"155","1","10","1","0","0","0","0",0.1,0.5,0.2,0.5,0.005,0.25,11,"conjunctive",0.25,3,"1","c3","B",0.26959958642421,"B","B=0",1,TRUE,0.19972428591131,0.276541641104391
"156","1","10","1","0","0","0","0",0.1,0.5,0.2,0.5,0.005,0.25,11,"conjunctive",0.25,3,"1","c3","Bu=0",0.360837002006557,"Bu","Bu=0",1,TRUE,0.267314625782623,0.295879344186876
"157","1","11","1","0","1","0","0",0.1,0.5,0.2,0.5,0.005,0.25,12,"conjunctive",0.25,3,"1","c3","A",-0.231725224037501,"A","A=1",1,FALSE,-0.171666268158534,0.197188527951239
"158","1","11","1","0","1","0","0",0.1,0.5,0.2,0.5,0.005,0.25,12,"conjunctive",0.25,3,"1","c3","Au=1",-0.160485303505183,"Au","Au=1",1,FALSE,-0.118890436988275,0.207874825269501
"159","1","11","1","0","1","0","0",0.1,0.5,0.2,0.5,0.005,0.25,12,"conjunctive",0.25,3,"1","c3","B",0.678454050315623,"B","B=0",1,TRUE,0.502611122369125,0.387005016823711
"160","1","11","1","0","1","0","0",0.1,0.5,0.2,0.5,0.005,0.25,12,"conjunctive",0.25,3,"1","c3","Bu=1",-0.160116486209126,"Bu","Bu=1",1,FALSE,-0.118617210415253,0.207931629955549
"161","1","00","0","1","0","0","0",0.1,0.5,0.8,0.5,0.02,0.25,13,"conjunctive",0.333333333333333,4,"1","c4","A",-0.0766711677278618,"A","A=1",1,FALSE,-0.0567993980537442,0.213815966638617
"162","1","00","0","1","0","0","0",0.1,0.5,0.8,0.5,0.02,0.25,13,"conjunctive",0.333333333333333,4,"1","c4","Au=0",0.299363352763462,"Au","Au=0",1,TRUE,0.221773826331541,0.282502923849665
"163","1","00","0","1","0","0","0",0.1,0.5,0.8,0.5,0.02,0.25,13,"conjunctive",0.333333333333333,4,"1","c4","B",-0.0318680632792916,"B","B=1",1,FALSE,-0.0236084419351372,0.221031810964832
"164","1","00","0","1","0","0","0",0.1,0.5,0.8,0.5,0.02,0.25,13,"conjunctive",0.333333333333333,4,"1","c4","Bu=0",0.300062580938944,"Bu","Bu=0",1,TRUE,0.222291827304353,0.282649298546886
"165","1","00","0","1","0","1","0",0.1,0.5,0.8,0.5,0.02,0.25,14,"conjunctive",0,5,"1","c5","A",0.0758711917202182,"A","A=1",1,TRUE,0.0562067612511736,0.286956200240751
"166","1","00","0","1","0","1","0",0.1,0.5,0.8,0.5,0.02,0.25,14,"conjunctive",0,5,"1","c5","Au=0",-0.297043357332842,"Au","Au=0",1,FALSE,-0.22005513144464,0.217689056664838
"167","1","00","0","1","0","1","0",0.1,0.5,0.8,0.5,0.02,0.25,14,"conjunctive",0,5,"1","c5","B",0.0314905215830523,"B","B=1",1,TRUE,0.023328752167496,0.277675060415072
"168","1","00","0","1","0","1","0",0.1,0.5,0.8,0.5,0.02,0.25,14,"conjunctive",0,5,"1","c5","Bu=0",-0.297101485332151,"Bu","Bu=0",1,FALSE,-0.220098193725659,0.217679682679339
"169","1","01","0","1","1","0","0",0.1,0.5,0.8,0.5,0.02,0.25,15,"conjunctive",0.333333333333333,4,"1","c4","A",-0.18787396762471,"A","A=1",1,FALSE,-0.139180458408152,0.195666159672665
"170","1","01","0","1","1","0","0",0.1,0.5,0.8,0.5,0.02,0.25,15,"conjunctive",0.333333333333333,4,"1","c4","Au=0",0.735769429496297,"Au","Au=0",1,TRUE,0.54507139959145,0.387866728761237
"171","1","01","0","1","1","0","0",0.1,0.5,0.8,0.5,0.02,0.25,15,"conjunctive",0.333333333333333,4,"1","c4","B",-0.0780314000015248,"B","B=1",1,FALSE,-0.057807082906433,0.212253924614377
"172","1","01","0","1","1","0","0",0.1,0.5,0.8,0.5,0.02,0.25,15,"conjunctive",0.333333333333333,4,"1","c4","Bu=1",-0.130161372262152,"Bu","Bu=1",1,FALSE,-0.0964259162007384,0.204213186951722
"173","1","01","0","1","1","1","0",0.1,0.5,0.8,0.5,0.02,0.25,16,"conjunctive",0,5,"1","c5","A",0.188253569295369,"A","A=1",1,TRUE,0.139461674242377,0.295603700877264
"174","1","01","0","1","1","1","0",0.1,0.5,0.8,0.5,0.02,0.25,16,"conjunctive",0,5,"1","c5","Au=0",-0.736949165521414,"Au","Au=0",1,FALSE,-0.54594536953445,0.148950295806361
"175","1","01","0","1","1","1","0",0.1,0.5,0.8,0.5,0.02,0.25,16,"conjunctive",0,5,"1","c5","B",0.0781915237519949,"B","B=1",1,TRUE,0.0579257054983452,0.272457800111318
"176","1","01","0","1","1","1","0",0.1,0.5,0.8,0.5,0.02,0.25,16,"conjunctive",0,5,"1","c5","Bu=1",0.129380156528315,"Bu","Bu=1",1,TRUE,0.0958471773508285,0.282988203205056
"177","1","10","1","1","0","0","0",0.1,0.5,0.8,0.5,0.02,0.25,17,"conjunctive",0.333333333333333,4,"1","c4","A",-0.18755011931989,"A","A=1",1,FALSE,-0.138940545683205,0.195694486547785
"178","1","10","1","1","0","0","0",0.1,0.5,0.8,0.5,0.02,0.25,17,"conjunctive",0.333333333333333,4,"1","c4","Au=1",-0.129596840718844,"Au","Au=1",1,FALSE,-0.0960077009473057,0.204279171438216
"179","1","10","1","1","0","0","0",0.1,0.5,0.8,0.5,0.02,0.25,17,"conjunctive",0.333333333333333,4,"1","c4","B",-0.077900247864801,"B","B=1",1,FALSE,-0.0577099230138667,0.212254350851833
"180","1","10","1","1","0","0","0",0.1,0.5,0.8,0.5,0.02,0.25,17,"conjunctive",0.333333333333333,4,"1","c4","Bu=0",0.735568123627948,"Bu","Bu=0",1,TRUE,0.544922268536246,0.387771991162166
"181","1","10","1","1","0","1","0",0.1,0.5,0.8,0.5,0.02,0.25,18,"conjunctive",0,5,"1","c5","A",0.188746109596678,"A","A=1",1,TRUE,0.139826557072007,0.295602471691814
"182","1","10","1","1","0","1","0",0.1,0.5,0.8,0.5,0.02,0.25,18,"conjunctive",0,5,"1","c5","Au=1",0.130202016549453,"Au","Au=1",1,TRUE,0.0964560262293372,0.283056074126663
"183","1","10","1","1","0","1","0",0.1,0.5,0.8,0.5,0.02,0.25,18,"conjunctive",0,5,"1","c5","B",0.0784256143257295,"B","B=1",1,TRUE,0.0580991240606576,0.272404506449095
"184","1","10","1","1","0","1","0",0.1,0.5,0.8,0.5,0.02,0.25,18,"conjunctive",0,5,"1","c5","Bu=0",-0.736571984246927,"Bu","Bu=0",1,FALSE,-0.545665946773811,0.148936947732428
"185","1","11","1","1","1","0","1",0.1,0.5,0.8,0.5,0.02,0.25,19,"conjunctive",0,4,"1","c4","A",-0.602226963250444,"A","A=1",1,FALSE,-0.446140707361748,0.217793919847766
"186","1","11","1","1","1","0","1",0.1,0.5,0.8,0.5,0.02,0.25,19,"conjunctive",0,4,"1","c4","Au=1",-0.416775202739952,"Au","Au=1",1,FALSE,-0.308754664118074,0.249868639341549
"187","1","11","1","1","1","0","1",0.1,0.5,0.8,0.5,0.02,0.25,19,"conjunctive",0,4,"1","c4","B",-0.250667193630116,"B","B=1",1,FALSE,-0.185698824368342,0.282588330735812
"188","1","11","1","1","1","0","1",0.1,0.5,0.8,0.5,0.02,0.25,19,"conjunctive",0,4,"1","c4","Bu=1",-0.417421087065125,"Bu","Bu=1",1,FALSE,-0.309233146994615,0.249749110074873
"189","1","11","1","1","1","1","1",0.1,0.5,0.8,0.5,0.02,0.25,20,"conjunctive",1,5,"1","c5","A",0.602074907726985,"A","A=1",1,TRUE,0.446028061859415,0.284549969959483
"190","1","11","1","1","1","1","1",0.1,0.5,0.8,0.5,0.02,0.25,20,"conjunctive",1,5,"1","c5","Au=1",0.416229647199041,"Au","Au=1",1,TRUE,0.308350506632973,0.247951044197884
"191","1","11","1","1","1","1","1",0.1,0.5,0.8,0.5,0.02,0.25,20,"conjunctive",1,5,"1","c5","B",0.251042929223674,"B","B=1",1,TRUE,0.185977176142209,0.219391541397638
"192","1","11","1","1","1","1","1",0.1,0.5,0.8,0.5,0.02,0.25,20,"conjunctive",1,5,"1","c5","Bu=1",0.417080830125649,"Bu","Bu=1",1,TRUE,0.308981078454137,0.248107444444995
"193","0","00","0","0","0","0","0",0.5,0.9,0.5,0.2,0.045,0.18,1,"disjunctive",0.18,1,"2","d1","A",0.0520449679264038,"A","A=0",1,TRUE,0.0385558605346756,0.217213515151076
"194","0","00","0","0","0","0","0",0.5,0.9,0.5,0.2,0.045,0.18,1,"disjunctive",0.18,1,"2","d1","Au=0",0.122815360889296,"Au","Au=0",1,TRUE,0.0909838571263914,0.228905397573611
"195","0","00","0","0","0","0","0",0.5,0.9,0.5,0.2,0.045,0.18,1,"disjunctive",0.18,1,"2","d1","B",0.433230895954517,"B","B=0",1,TRUE,0.320945341485372,0.288089239503641
"196","0","00","0","0","0","0","0",0.5,0.9,0.5,0.2,0.045,0.18,1,"disjunctive",0.18,1,"2","d1","Bu=0",0.324490568024101,"Bu","Bu=0",1,TRUE,0.240388525231614,0.265791847771672
"197","0","01","0","0","1","0","0",0.5,0.9,0.5,0.8,0.18,0.72,2,"disjunctive",0.72,1,"2","d1","A",0.026381248890985,"A","A=0",1,TRUE,0.019543709862781,0.203331703977921
"198","0","01","0","0","1","0","0",0.5,0.9,0.5,0.8,0.18,0.72,2,"disjunctive",0.72,1,"2","d1","Au=0",0.060949791567803,"Au","Au=0",1,TRUE,0.0451527161401814,0.208606074302353
"199","0","01","0","0","1","0","0",0.5,0.9,0.5,0.8,0.18,0.72,2,"disjunctive",0.72,1,"2","d1","B",0.949755779595053,"B","B=0",1,TRUE,0.703596386721785,0.402981772785127
"200","0","01","0","0","1","0","0",0.5,0.9,0.5,0.8,0.18,0.72,2,"disjunctive",0.72,1,"2","d1","Bu=1",-0.100570360772188,"Bu","Bu=1",1,FALSE,-0.0745043557205705,0.185080448934599
"201","0","10","1","0","0","0","0",0.5,0.1,0.5,0.2,0.005,0.02,3,"disjunctive",0.02,1,"2","d1","A",0.72282717094627,"A","A=0",1,TRUE,0.535483538640816,0.349808711893914
"202","0","10","1","0","0","0","0",0.5,0.1,0.5,0.2,0.005,0.02,3,"disjunctive",0.02,1,"2","d1","Au=1",-0.184233806805912,"Au","Au=1",1,FALSE,-0.136483760947375,0.17864831776339
"203","0","10","1","0","0","0","0",0.5,0.1,0.5,0.2,0.005,0.02,3,"disjunctive",0.02,1,"2","d1","B",0.21764267248908,"B","B=0",1,TRUE,0.161233657377774,0.240600188348454
"204","0","10","1","0","0","0","0",0.5,0.1,0.5,0.2,0.005,0.02,3,"disjunctive",0.02,1,"2","d1","Bu=0",0.162343541906784,"Bu","Bu=0",1,TRUE,0.120267053854552,0.230942781994242
"205","0","11","1","0","1","0","0",0.5,0.1,0.5,0.8,0.02,0.08,4,"disjunctive",0.08,1,"2","d1","A",0.528172341075081,"A","A=0",1,TRUE,0.391279693928539,0.295059058564655
"206","0","11","1","0","1","0","0",0.5,0.1,0.5,0.8,0.02,0.08,4,"disjunctive",0.08,1,"2","d1","Au=1",-0.13555877124434,"Au","Au=1",1,FALSE,-0.100424407711032,0.180453194371976
"207","0","11","1","0","1","0","0",0.5,0.1,0.5,0.8,0.02,0.08,4,"disjunctive",0.08,1,"2","d1","B",0.703900331699271,"B","B=0",1,TRUE,0.521462191266725,0.336082959299625
"208","0","11","1","0","1","0","0",0.5,0.1,0.5,0.8,0.02,0.08,4,"disjunctive",0.08,1,"2","d1","Bu=1",-0.0773510487736851,"Bu","Bu=1",1,FALSE,-0.0573030663203862,0.188404787763745
"209","0","00","0","1","0","0","0",0.5,0.9,0.5,0.2,0.045,0.18,5,"disjunctive",0.9,2,"2","d2","A",0.0201815568535794,"A","A=0",1,TRUE,0.0149508650388556,0.209609286999461
"210","0","00","0","1","0","0","0",0.5,0.9,0.5,0.2,0.045,0.18,5,"disjunctive",0.9,2,"2","d2","Au=0",0.0492810810785921,"Au","Au=0",1,TRUE,0.0365083227979141,0.214176987462796
"211","0","00","0","1","0","0","0",0.5,0.9,0.5,0.2,0.045,0.18,5,"disjunctive",0.9,2,"2","d2","B",-0.210326903775764,"B","B=1",1,FALSE,-0.155814002616656,0.176704773206382
"212","0","00","0","1","0","0","0",0.5,0.9,0.5,0.2,0.045,0.18,5,"disjunctive",0.9,2,"2","d2","Bu=0",0.890828223092872,"Bu","Bu=0",1,TRUE,0.659941779164718,0.399508952331361
"213","0","00","0","1","0","1","0",0.5,0.9,0.5,0.2,0.045,0.18,6,"disjunctive",0,3,"2","d3","A",-0.0207674691166954,"A","A=0",1,FALSE,-0.0153849195190928,0.27096802966462
"214","0","00","0","1","0","1","0",0.5,0.9,0.5,0.2,0.045,0.18,6,"disjunctive",0,3,"2","d3","Au=0",-0.0501885754590872,"Au","Au=0",1,FALSE,-0.0371806111701511,0.265125990950899
"215","0","00","0","1","0","1","0",0.5,0.9,0.5,0.2,0.045,0.18,6,"disjunctive",0,3,"2","d3","B",0.210539446816922,"B","B=1",1,TRUE,0.155971458374226,0.321615656766924
"216","0","00","0","1","0","1","0",0.5,0.9,0.5,0.2,0.045,0.18,6,"disjunctive",0,3,"2","d3","Bu=0",-0.890253840187944,"Bu","Bu=0",1,FALSE,-0.659516265843099,0.142290322617558
"217","0","01","0","1","1","0","1",0.5,0.9,0.5,0.8,0.18,0.72,7,"disjunctive",0,2,"2","d2","A",0.0076601075814617,"A","A=0",1,TRUE,0.00567474726872899,0.310164387150749
"218","0","01","0","1","1","0","1",0.5,0.9,0.5,0.8,0.18,0.72,7,"disjunctive",0,2,"2","d2","Au=0",0.0120864450386276,"Au","Au=0",1,TRUE,0.00895385870788346,0.311183120097269
"219","0","01","0","1","1","0","1",0.5,0.9,0.5,0.8,0.18,0.72,7,"disjunctive",0,2,"2","d2","B",-0.835175971234952,"B","B=1",1,FALSE,-0.618713576966403,0.1661206138251
"220","0","01","0","1","1","0","1",0.5,0.9,0.5,0.8,0.18,0.72,7,"disjunctive",0,2,"2","d2","Bu=1",-0.502600617541041,"Bu","Bu=1",1,FALSE,-0.372335695200286,0.212531878926882
"221","0","01","0","1","1","1","1",0.5,0.9,0.5,0.8,0.18,0.72,8,"disjunctive",0.9,3,"2","d3","A",-0.00594382029712572,"A","A=0",1,FALSE,-0.00440329037656855,0.188044438307918
"222","0","01","0","1","1","1","1",0.5,0.9,0.5,0.8,0.18,0.72,8,"disjunctive",0.9,3,"2","d3","Au=0",-0.0124281152989063,"Au","Au=0",1,FALSE,-0.00920697426216299,0.187143298398319
"223","0","01","0","1","1","1","1",0.5,0.9,0.5,0.8,0.18,0.72,8,"disjunctive",0.9,3,"2","d3","B",0.834976402964678,"B","B=1",1,TRUE,0.618565733155514,0.350600476788717
"224","0","01","0","1","1","1","1",0.5,0.9,0.5,0.8,0.18,0.72,8,"disjunctive",0.9,3,"2","d3","Bu=1",0.503253215983593,"Bu","Bu=1",1,TRUE,0.372819152017318,0.274211786505046
"225","0","10","1","1","0","0","0",0.5,0.1,0.5,0.2,0.005,0.02,9,"disjunctive",0.1,2,"2","d2","A",0.456822172581082,"A","A=0",1,TRUE,0.338422189059474,0.286428737448728
"226","0","10","1","1","0","0","0",0.5,0.1,0.5,0.2,0.005,0.02,9,"disjunctive",0.1,2,"2","d2","Au=1",-0.115219525471551,"Au","Au=1",1,FALSE,-0.0853567238476262,0.187487252681297
"227","0","10","1","1","0","0","0",0.5,0.1,0.5,0.2,0.005,0.02,9,"disjunctive",0.1,2,"2","d2","B",-0.167417774643184,"B","B=1",1,FALSE,-0.124026137921657,0.180375618007568
"228","0","10","1","1","0","0","0",0.5,0.1,0.5,0.2,0.005,0.02,9,"disjunctive",0.1,2,"2","d2","Bu=0",0.710738512730538,"Bu","Bu=0",1,TRUE,0.526528040371007,0.345708391862407
"229","0","10","1","1","0","1","0",0.5,0.1,0.5,0.2,0.005,0.02,10,"disjunctive",0,3,"2","d3","A",-0.456771635145984,"A","A=0",1,FALSE,-0.338384750006726,0.202192493050689
"230","0","10","1","1","0","1","0",0.5,0.1,0.5,0.2,0.005,0.02,10,"disjunctive",0,3,"2","d3","Au=1",0.116950956753359,"Au","Au=1",1,TRUE,0.0866393996890477,0.309279169205848
"231","0","10","1","1","0","1","0",0.5,0.1,0.5,0.2,0.005,0.02,10,"disjunctive",0,3,"2","d3","B",0.167680712786906,"B","B=1",1,TRUE,0.124220927289438,0.321123523280108
"232","0","10","1","1","0","1","0",0.5,0.1,0.5,0.2,0.005,0.02,10,"disjunctive",0,3,"2","d3","Bu=0",-0.711632080519335,"Bu","Bu=0",1,FALSE,-0.527190011670363,0.167404814463355
"233","0","11","1","1","1","0","1",0.5,0.1,0.5,0.8,0.02,0.08,11,"disjunctive",0,2,"2","d2","A",0.13618487432348,"A","A=0",1,TRUE,0.100888236280084,0.330327823576518
"234","0","11","1","1","1","0","1",0.5,0.1,0.5,0.8,0.02,0.08,11,"disjunctive",0,2,"2","d2","Au=1",-0.0340624161537931,"Au","Au=1",1,FALSE,-0.0252340585271732,0.291186300820593
"235","0","11","1","1","1","0","1",0.5,0.1,0.5,0.8,0.02,0.08,11,"disjunctive",0,2,"2","d2","B",-0.779504245871679,"B","B=1",1,FALSE,-0.577470948440502,0.167624503799797
"236","0","11","1","1","1","0","1",0.5,0.1,0.5,0.8,0.02,0.08,11,"disjunctive",0,2,"2","d2","Bu=1",-0.46974602981125,"Bu","Bu=1",1,FALSE,-0.347996417977071,0.210861371803092
"237","0","11","1","1","1","1","1",0.5,0.1,0.5,0.8,0.02,0.08,12,"disjunctive",0.1,3,"2","d3","A",-0.135587784439843,"A","A=0",1,FALSE,-0.100445901214901,0.176328071159613
"238","0","11","1","1","1","1","1",0.5,0.1,0.5,0.8,0.02,0.08,12,"disjunctive",0.1,3,"2","d3","Au=1",0.036779760613243,"Au","Au=1",1,TRUE,0.0272471168146022,0.200344687088418
"239","0","11","1","1","1","1","1",0.5,0.1,0.5,0.8,0.02,0.08,12,"disjunctive",0.1,3,"2","d3","B",0.778970160095507,"B","B=1",1,TRUE,0.577075287966107,0.347188371405941
"240","0","11","1","1","1","1","1",0.5,0.1,0.5,0.8,0.02,0.08,12,"disjunctive",0.1,3,"2","d3","Bu=1",0.469901631901567,"Bu","Bu=1",1,TRUE,0.348111690840755,0.276138870346028
"241","1","00","0","0","0","0","0",0.5,0.9,0.5,0.2,0.045,0.18,13,"disjunctive",0.2,4,"2","d4","A",-0.0436257345818307,"A","A=1",1,FALSE,-0.0323187390688447,0.192808581473306
"242","1","00","0","0","0","0","0",0.5,0.9,0.5,0.2,0.045,0.18,13,"disjunctive",0.2,4,"2","d4","Au=0",0.588873051439723,"Au","Au=0",1,TRUE,0.436247886174989,0.308050741996458
"243","1","00","0","0","0","0","0",0.5,0.9,0.5,0.2,0.045,0.18,13,"disjunctive",0.2,4,"2","d4","B",0.348060459525878,"B","B=0",1,TRUE,0.257849530315622,0.257718050617483
"244","1","00","0","0","0","0","0",0.5,0.9,0.5,0.2,0.045,0.18,13,"disjunctive",0.2,4,"2","d4","Bu=0",0.259891558840766,"Bu","Bu=0",1,TRUE,0.192532402190614,0.241422625912754
"245","1","00","0","0","0","1","0",0.5,0.9,0.5,0.2,0.045,0.18,14,"disjunctive",0,5,"2","d5","A",0.0427744233997294,"A","A=1",1,TRUE,0.031688072233674,0.315125211266895
"246","1","00","0","0","0","1","0",0.5,0.9,0.5,0.2,0.045,0.18,14,"disjunctive",0,5,"2","d5","Au=0",-0.58395909951135,"Au","Au=0",1,FALSE,-0.432607541050897,0.198080684001048
"247","1","00","0","0","0","1","0",0.5,0.9,0.5,0.2,0.045,0.18,14,"disjunctive",0,5,"2","d5","B",-0.351336760851421,"B","B=0",1,FALSE,-0.260276674034028,0.235333888917757
"248","1","00","0","0","0","1","0",0.5,0.9,0.5,0.2,0.045,0.18,14,"disjunctive",0,5,"2","d5","Bu=0",-0.26186882135332,"Bu","Bu=0",1,FALSE,-0.193997194286985,0.2514602158143
"249","1","01","0","0","1","0","0",0.5,0.9,0.5,0.8,0.18,0.72,15,"disjunctive",0.8,4,"2","d4","A",-0.0251260069805976,"A","A=1",1,FALSE,-0.0186138037842027,0.191487488054878
"250","1","01","0","0","1","0","0",0.5,0.9,0.5,0.8,0.18,0.72,15,"disjunctive",0.8,4,"2","d4","Au=0",0.338068542024132,"Au","Au=0",1,TRUE,0.25044733577078,0.250606407184922
"251","1","01","0","0","1","0","0",0.5,0.9,0.5,0.8,0.18,0.72,15,"disjunctive",0.8,4,"2","d4","B",0.885345915127222,"B","B=0",1,TRUE,0.655880385532376,0.375897559929969
"252","1","01","0","0","1","0","0",0.5,0.9,0.5,0.8,0.18,0.72,15,"disjunctive",0.8,4,"2","d4","Bu=1",-0.0936567652009604,"Bu","Bu=1",1,FALSE,-0.0693826381509809,0.182008544830231
"253","1","01","0","0","1","1","0",0.5,0.9,0.5,0.8,0.18,0.72,16,"disjunctive",0,5,"2","d5","A",0.0265033293627571,"A","A=1",1,TRUE,0.0196341493006592,0.300864232615627
"254","1","01","0","0","1","1","0",0.5,0.9,0.5,0.8,0.18,0.72,16,"disjunctive",0,5,"2","d5","Au=0",-0.335894387815776,"Au","Au=0",1,FALSE,-0.248836682718658,0.230025063917597
"255","1","01","0","0","1","1","0",0.5,0.9,0.5,0.8,0.18,0.72,16,"disjunctive",0,5,"2","d5","B",-0.886753835131234,"B","B=0",1,FALSE,-0.65692339832461,0.1529485455041
"256","1","01","0","0","1","1","0",0.5,0.9,0.5,0.8,0.18,0.72,16,"disjunctive",0,5,"2","d5","Bu=1",0.0934511043112706,"Bu","Bu=1",1,TRUE,0.0692302808166171,0.316162157962677
"257","1","10","1","0","0","0","1",0.5,0.1,0.5,0.2,0.005,0.02,17,"disjunctive",0,4,"2","d4","A",-0.52266365285886,"A","A=1",1,FALSE,-0.387198757325908,0.203264630028411
"258","1","10","1","0","0","0","1",0.5,0.1,0.5,0.2,0.005,0.02,17,"disjunctive",0,4,"2","d4","Au=1",-0.754484642124381,"Au","Au=1",1,FALSE,-0.558935970110266,0.171189565644613
"259","1","10","1","0","0","0","1",0.5,0.1,0.5,0.2,0.005,0.02,17,"disjunctive",0,4,"2","d4","B",0.068198521556632,"B","B=0",1,TRUE,0.0505227073927079,0.314892147407852
"260","1","10","1","0","0","0","1",0.5,0.1,0.5,0.2,0.005,0.02,17,"disjunctive",0,4,"2","d4","Bu=0",0.049905852226317,"Bu","Bu=0",1,TRUE,0.0369711646479049,0.310653656919124
"261","1","10","1","0","0","1","1",0.5,0.1,0.5,0.2,0.005,0.02,18,"disjunctive",0.2,5,"2","d5","A",0.520819213471375,"A","A=1",1,TRUE,0.385832363020716,0.286511006724306
"262","1","10","1","0","0","1","1",0.5,0.1,0.5,0.2,0.005,0.02,18,"disjunctive",0.2,5,"2","d5","Au=1",0.755510709333171,"Au","Au=1",1,TRUE,0.559696099394183,0.340917560392744
"263","1","10","1","0","0","1","1",0.5,0.1,0.5,0.2,0.005,0.02,18,"disjunctive",0.2,5,"2","d5","B",-0.0685606067899469,"B","B=0",1,FALSE,-0.0507909467309874,0.185147655310685
"264","1","10","1","0","0","1","1",0.5,0.1,0.5,0.2,0.005,0.02,18,"disjunctive",0.2,5,"2","d5","Bu=0",-0.0520672225126204,"Bu","Bu=0",1,FALSE,-0.0385723471376385,0.187423777572265
"265","1","11","1","0","1","0","1",0.5,0.1,0.5,0.8,0.02,0.08,19,"disjunctive",0,4,"2","d4","A",-0.477454911072647,"A","A=1",1,FALSE,-0.353707297676586,0.200320072635098
"266","1","11","1","0","1","0","1",0.5,0.1,0.5,0.8,0.02,0.08,19,"disjunctive",0,4,"2","d4","Au=1",-0.691829386978224,"Au","Au=1",1,FALSE,-0.512519815476531,0.170904331102745
"267","1","11","1","0","1","0","1",0.5,0.1,0.5,0.8,0.02,0.08,19,"disjunctive",0,4,"2","d4","B",0.271838159554581,"B","B=0",1,TRUE,0.201382661674618,0.348977136940782
"268","1","11","1","0","1","0","1",0.5,0.1,0.5,0.8,0.02,0.08,19,"disjunctive",0,4,"2","d4","Bu=1",-0.0263953987337801,"Bu","Bu=1",1,FALSE,-0.0195541923241434,0.279798459321375
"269","1","11","1","0","1","1","1",0.5,0.1,0.5,0.8,0.02,0.08,20,"disjunctive",0.8,5,"2","d5","A",0.476236084650861,"A","A=1",1,TRUE,0.352804368855478,0.288534191678984
"270","1","11","1","0","1","1","1",0.5,0.1,0.5,0.8,0.02,0.08,20,"disjunctive",0.8,5,"2","d5","Au=1",0.692483673833346,"Au","Au=1",1,TRUE,0.513004523100358,0.338665789200111
"271","1","11","1","0","1","1","1",0.5,0.1,0.5,0.8,0.02,0.08,20,"disjunctive",0.8,5,"2","d5","B",-0.271138843796635,"B","B=0",1,FALSE,-0.200864595819121,0.165860094636404
"272","1","11","1","0","1","1","1",0.5,0.1,0.5,0.8,0.02,0.08,20,"disjunctive",0.8,5,"2","d5","Bu=1",0.027563179832361,"Bu","Bu=1",1,TRUE,0.0204193058397399,0.206939924484501
"273","1","00","0","1","0","0","0",0.5,0.9,0.5,0.2,0.045,0.18,21,"disjunctive",1,6,"2","d6","A",-0.0188867200516921,"A","A=1",1,FALSE,-0.0139916263432082,0.199228975864286
"274","1","00","0","1","0","0","0",0.5,0.9,0.5,0.2,0.045,0.18,21,"disjunctive",1,6,"2","d6","Au=0",0.276696708835207,"Au","Au=0",1,TRUE,0.204981963507785,0.247999910577207
"275","1","00","0","1","0","0","0",0.5,0.9,0.5,0.2,0.045,0.18,21,"disjunctive",1,6,"2","d6","B",-0.200049889969472,"B","B=1",1,FALSE,-0.148200603534757,0.174207273720984
"276","1","00","0","1","0","0","0",0.5,0.9,0.5,0.2,0.045,0.18,21,"disjunctive",1,6,"2","d6","Bu=0",0.847628047475179,"Bu","Bu=0",1,TRUE,0.627938301930481,0.378563839837523
"277","1","00","0","1","0","1","0",0.5,0.9,0.5,0.2,0.045,0.18,22,"disjunctive",0,7,"2","d7","A",0.0202813400500981,"A","A=1",1,TRUE,0.0150247862489545,0.288154433026202
"278","1","00","0","1","0","1","0",0.5,0.9,0.5,0.2,0.045,0.18,22,"disjunctive",0,7,"2","d7","Au=0",-0.276942313547929,"Au","Au=0",1,FALSE,-0.205163911954055,0.231205716999892
"279","1","00","0","1","0","1","0",0.5,0.9,0.5,0.2,0.045,0.18,22,"disjunctive",0,7,"2","d7","B",0.200189117822652,"B","B=1",1,TRUE,0.14830374606522,0.329236231512713
"280","1","00","0","1","0","1","0",0.5,0.9,0.5,0.2,0.045,0.18,22,"disjunctive",0,7,"2","d7","Bu=0",-0.848416679939018,"Bu","Bu=0",1,FALSE,-0.628522535229114,0.151403618461193
"281","1","01","0","1","1","0","1",0.5,0.9,0.5,0.8,0.18,0.72,23,"disjunctive",0,6,"2","d6","A",-0.00600402818469493,"A","A=1",1,FALSE,-0.00444789347670858,0.302893523457778
"282","1","01","0","1","1","0","1",0.5,0.9,0.5,0.8,0.18,0.72,23,"disjunctive",0,6,"2","d6","Au=0",0.073583999390758,"Au","Au=0",1,TRUE,0.0545123674993059,0.321289182292347
"283","1","01","0","1","1","0","1",0.5,0.9,0.5,0.8,0.18,0.72,23,"disjunctive",0,6,"2","d6","B",-0.824558419183066,"B","B=1",1,FALSE,-0.610847900947329,0.165171004569882
"284","1","01","0","1","1","0","1",0.5,0.9,0.5,0.8,0.18,0.72,23,"disjunctive",0,6,"2","d6","Bu=1",-0.496274044881872,"Bu","Bu=1",1,FALSE,-0.367648854899907,0.210646289679993
"285","1","01","0","1","1","1","1",0.5,0.9,0.5,0.8,0.18,0.72,24,"disjunctive",0.878048780487805,7,"2","d7","A",0.00592789729354854,"A","A=1",1,TRUE,0.0043914943253906,0.191842008525142
"286","1","01","0","1","1","1","1",0.5,0.9,0.5,0.8,0.18,0.72,24,"disjunctive",0.878048780487805,7,"2","d7","Au=0",-0.0737040464785195,"Au","Au=0",1,FALSE,-0.0546013005692594,0.180852063098818
"287","1","01","0","1","1","1","1",0.5,0.9,0.5,0.8,0.18,0.72,24,"disjunctive",0.878048780487805,7,"2","d7","B",0.823896731303596,"B","B=1",1,TRUE,0.610357710509813,0.351650708381376
"288","1","01","0","1","1","1","1",0.5,0.9,0.5,0.8,0.18,0.72,24,"disjunctive",0.878048780487805,7,"2","d7","Bu=1",0.49522299122855,"Bu","Bu=1",1,TRUE,0.366870215202612,0.275655219994664
"289","1","10","1","1","0","0","1",0.5,0.1,0.5,0.2,0.005,0.02,25,"disjunctive",0,6,"2","d6","A",-0.449763782176338,"A","A=1",1,FALSE,-0.333193204838954,0.203004551300825
"290","1","10","1","1","0","0","1",0.5,0.1,0.5,0.2,0.005,0.02,25,"disjunctive",0,6,"2","d6","Au=1",-0.654678622986307,"Au","Au=1",1,FALSE,-0.484997852599073,0.174412599068617
"291","1","10","1","1","0","0","1",0.5,0.1,0.5,0.2,0.005,0.02,25,"disjunctive",0,6,"2","d6","B",-0.0711505203876027,"B","B=1",1,FALSE,-0.0527096019141221,0.268731301690527
"292","1","10","1","1","0","0","1",0.5,0.1,0.5,0.2,0.005,0.02,25,"disjunctive",0,6,"2","d6","Bu=0",0.300284009000996,"Bu","Bu=0",1,TRUE,0.22245586524729,0.353851547940032
"293","1","10","1","1","0","1","1",0.5,0.1,0.5,0.2,0.005,0.02,26,"disjunctive",0.024390243902439,7,"2","d7","A",0.452239320679688,"A","A=1",1,TRUE,0.335027128868235,0.286807489295523
"294","1","10","1","1","0","1","1",0.5,0.1,0.5,0.2,0.005,0.02,26,"disjunctive",0.024390243902439,7,"2","d7","Au=1",0.654650660472298,"Au","Au=1",1,TRUE,0.484977137459199,0.333206104275441
"295","1","10","1","1","0","1","1",0.5,0.1,0.5,0.2,0.005,0.02,26,"disjunctive",0.024390243902439,7,"2","d7","B",0.068019023823858,"B","B=1",1,TRUE,0.0503897322016979,0.215761541867525
"296","1","10","1","1","0","1","1",0.5,0.1,0.5,0.2,0.005,0.02,26,"disjunctive",0.024390243902439,7,"2","d7","Bu=0",-0.300407674301061,"Bu","Bu=0",1,FALSE,-0.222547478754845,0.164224864561511
"297","1","11","1","1","1","0","1",0.5,0.1,0.5,0.8,0.02,0.08,27,"disjunctive",0,6,"2","d6","A",-0.199668898644694,"A","A=1",1,FALSE,-0.14791835821944,0.271057232436974
"298","1","11","1","1","1","0","1",0.5,0.1,0.5,0.8,0.02,0.08,27,"disjunctive",0,6,"2","d6","Au=1",-0.28310553265155,"Au","Au=1",1,FALSE,-0.209729736964072,0.254810112179177
"299","1","11","1","1","1","0","1",0.5,0.1,0.5,0.8,0.02,0.08,27,"disjunctive",0,6,"2","d6","B",-0.481293814363403,"B","B=1",1,FALSE,-0.356551227181813,0.220015306608269
"300","1","11","1","1","1","0","1",0.5,0.1,0.5,0.8,0.02,0.08,27,"disjunctive",0,6,"2","d6","Bu=1",-0.286780450714472,"Bu","Bu=1",1,FALSE,-0.212452183224596,0.25411734877558
"301","1","11","1","1","1","1","1",0.5,0.1,0.5,0.8,0.02,0.08,28,"disjunctive",0.0975609756097561,7,"2","d7","A",0.197295355114765,"A","A=1",1,TRUE,0.146159993924888,0.228938345273583
"302","1","11","1","1","1","1","1",0.5,0.1,0.5,0.8,0.02,0.08,28,"disjunctive",0.0975609756097561,7,"2","d7","Au=1",0.285232125270515,"Au","Au=1",1,TRUE,0.211305155524168,0.244349088716465
"303","1","11","1","1","1","1","1",0.5,0.1,0.5,0.8,0.02,0.08,28,"disjunctive",0.0975609756097561,7,"2","d7","B",0.478774450672844,"B","B=1",1,TRUE,0.354684836655324,0.282019882965185
"304","1","11","1","1","1","1","1",0.5,0.1,0.5,0.8,0.02,0.08,28,"disjunctive",0.0975609756097561,7,"2","d7","Bu=1",0.28712891173494,"Bu","Bu=1",1,TRUE,0.212710329497757,0.244692683044767
"305","0","00","0","0","0","0","0",0.5,0.9,0.5,0.2,0.045,0.18,1,"conjunctive",0.18,1,"2","c1","A",0.0296613208821836,"A","A=0",1,TRUE,0.0219736469590087,0.248419467130595
"306","0","00","0","0","0","0","0",0.5,0.9,0.5,0.2,0.045,0.18,1,"conjunctive",0.18,1,"2","c1","Au=0",0.0708527553636911,"Au","Au=0",1,TRUE,0.0524890121589267,0.256116925971143
"307","0","00","0","0","0","0","0",0.5,0.9,0.5,0.2,0.045,0.18,1,"conjunctive",0.18,1,"2","c1","B",0.0296573898413086,"B","B=0",1,TRUE,0.0219707347723023,0.248418743687779
"308","0","00","0","0","0","0","0",0.5,0.9,0.5,0.2,0.045,0.18,1,"conjunctive",0.18,1,"2","c1","Bu=0",0.0221712722323385,"Bu","Bu=0",1,TRUE,0.016424882445411,0.247044863210484
"309","0","01","0","0","1","0","0",0.5,0.9,0.5,0.8,0.18,0.72,2,"conjunctive",0.72,1,"2","c1","A",0.0604316621319997,"A","A=0",1,TRUE,0.0447688764134668,0.248997096489277
"310","0","01","0","0","1","0","0",0.5,0.9,0.5,0.8,0.18,0.72,2,"conjunctive",0.72,1,"2","c1","Au=0",0.144750912941797,"Au","Au=0",1,TRUE,0.107234113767596,0.265046815610733
"311","0","01","0","0","1","0","0",0.5,0.9,0.5,0.8,0.18,0.72,2,"conjunctive",0.72,1,"2","c1","B",0.0603711343369564,"B","B=0",1,TRUE,0.044724036320041,0.248985931686525
"312","0","01","0","0","1","0","0",0.5,0.9,0.5,0.8,0.18,0.72,2,"conjunctive",0.72,1,"2","c1","Bu=1",-0.00639583248513041,"Bu","Bu=1",1,FALSE,-0.00473814924141264,0.236970156213465
"313","0","10","1","0","0","0","0",0.5,0.1,0.5,0.2,0.005,0.02,3,"conjunctive",0.02,1,"2","c1","A",0.1489785880952,"A","A=0",1,TRUE,0.11036605255236,0.260188477467416
"314","0","10","1","0","0","0","0",0.5,0.1,0.5,0.2,0.005,0.02,3,"conjunctive",0.02,1,"2","c1","Au=1",-0.0380942174963504,"Au","Au=1",1,FALSE,-0.0282208904239087,0.226516850829201
"315","0","10","1","0","0","0","0",0.5,0.1,0.5,0.2,0.005,0.02,3,"conjunctive",0.02,1,"2","c1","B",0.1492980086469,"B","B=0",1,TRUE,0.11060268511712,0.260250053819358
"316","0","10","1","0","0","0","0",0.5,0.1,0.5,0.2,0.005,0.02,3,"conjunctive",0.02,1,"2","c1","Bu=0",0.11139790703179,"Bu","Bu=0",1,TRUE,0.0825255992749581,0.253044617884024
"317","0","11","1","0","1","0","0",0.5,0.1,0.5,0.8,0.02,0.08,4,"conjunctive",0.08,1,"2","c1","A",0.298771002021417,"A","A=0",1,TRUE,0.2213350021088,0.282478062410033
"318","0","11","1","0","1","0","0",0.5,0.1,0.5,0.8,0.02,0.08,4,"conjunctive",0.08,1,"2","c1","Au=1",-0.076243998969222,"Au","Au=1",1,FALSE,-0.0564829436540378,0.213958687350775
"319","0","11","1","0","1","0","0",0.5,0.1,0.5,0.8,0.02,0.08,4,"conjunctive",0.08,1,"2","c1","B",0.298638253029761,"B","B=0",1,TRUE,0.221236659237004,0.28245028407208
"320","0","11","1","0","1","0","0",0.5,0.1,0.5,0.8,0.02,0.08,4,"conjunctive",0.08,1,"2","c1","Bu=1",-0.031846085274887,"Bu","Bu=1",1,FALSE,-0.02359216022902,0.221112966167112
"321","0","00","0","1","0","0","0",0.5,0.9,0.5,0.2,0.045,0.18,5,"conjunctive",0.18,2,"2","c2","A",0.0721989380488944,"A","A=0",1,TRUE,0.0534862888204915,0.249816291138495
"322","0","00","0","1","0","0","0",0.5,0.9,0.5,0.2,0.045,0.18,5,"conjunctive",0.18,2,"2","c2","Au=0",0.172728437340371,"Au","Au=0",1,TRUE,0.127960373611627,0.269131443306117
"323","0","00","0","1","0","0","0",0.5,0.9,0.5,0.2,0.045,0.18,5,"conjunctive",0.18,2,"2","c2","B",-0.0127273987167075,"B","B=1",1,FALSE,-0.00942868887121805,0.234583320153227
"324","0","00","0","1","0","0","0",0.5,0.9,0.5,0.2,0.045,0.18,5,"conjunctive",0.18,2,"2","c2","Bu=0",0.0539896007098237,"Bu","Bu=0",1,TRUE,0.039996479933168,0.246468945402162
"325","0","01","0","1","1","0","0",0.5,0.9,0.5,0.8,0.18,0.72,6,"conjunctive",0.72,2,"2","c2","A",0.142227714716344,"A","A=0",1,TRUE,0.105364882547789,0.254413936737061
"326","0","01","0","1","1","0","0",0.5,0.9,0.5,0.8,0.18,0.72,6,"conjunctive",0.72,2,"2","c2","Au=0",0.339294674533435,"Au","Au=0",1,TRUE,0.251355677074642,0.294404127637359
"327","0","01","0","1","1","0","0",0.5,0.9,0.5,0.8,0.18,0.72,6,"conjunctive",0.72,2,"2","c2","B",-0.0250746800996688,"B","B=1",1,FALSE,-0.0185757798955999,0.224757479117109
"328","0","01","0","1","1","0","0",0.5,0.9,0.5,0.8,0.18,0.72,6,"conjunctive",0.72,2,"2","c2","Bu=1",-0.015100015003148,"Bu","Bu=1",1,FALSE,-0.0111863662468993,0.226424456508471
"329","0","10","1","1","0","0","0",0.5,0.1,0.5,0.2,0.005,0.02,7,"conjunctive",0.02,2,"2","c2","A",0.358022952273876,"A","A=0",1,TRUE,0.265229926466749,0.295541351849239
"330","0","10","1","1","0","0","0",0.5,0.1,0.5,0.2,0.005,0.02,7,"conjunctive",0.02,2,"2","c2","Au=1",-0.0915078767461088,"Au","Au=1",1,FALSE,-0.0677907024294143,0.211830862264082
"331","0","10","1","1","0","0","0",0.5,0.1,0.5,0.2,0.005,0.02,7,"conjunctive",0.02,2,"2","c2","B",-0.0631669173178904,"B","B=1",1,FALSE,-0.0467952032933887,0.216325374108198
"332","0","10","1","1","0","0","0",0.5,0.1,0.5,0.2,0.005,0.02,7,"conjunctive",0.02,2,"2","c2","Bu=0",0.267160169716245,"Bu","Bu=0",1,TRUE,0.197917121566214,0.276302411778481
"333","0","11","1","1","1","0","0",0.5,0.1,0.5,0.8,0.02,0.08,8,"conjunctive",0.08,2,"2","c2","A",0.734852188263301,"A","A=0",1,TRUE,0.544391890573285,0.387706064322997
"334","0","11","1","1","1","0","0",0.5,0.1,0.5,0.8,0.02,0.08,8,"conjunctive",0.08,2,"2","c2","Au=1",-0.18836350129527,"Au","Au=1",1,FALSE,-0.139543113870941,0.195647091341303
"335","0","11","1","1","1","0","0",0.5,0.1,0.5,0.8,0.02,0.08,8,"conjunctive",0.08,2,"2","c2","B",-0.12985131267442,"B","B=1",1,FALSE,-0.096196218408649,0.204314276071929
"336","0","11","1","1","1","0","0",0.5,0.1,0.5,0.8,0.02,0.08,8,"conjunctive",0.08,2,"2","c2","Bu=1",-0.0778893261785283,"Bu","Bu=1",1,FALSE,-0.0577018320296753,0.212332568263771
"337","1","00","0","0","0","0","0",0.5,0.9,0.5,0.2,0.045,0.18,9,"conjunctive",0.18,3,"2","c3","A",-0.0127391758753455,"A","A=1",1,FALSE,-0.0094374136049249,0.234610563392399
"338","1","00","0","0","0","0","0",0.5,0.9,0.5,0.2,0.045,0.18,9,"conjunctive",0.18,3,"2","c3","Au=0",0.172031410125611,"Au","Au=0",1,TRUE,0.127444003150622,0.269026094159949
"339","1","00","0","0","0","0","0",0.5,0.9,0.5,0.2,0.045,0.18,9,"conjunctive",0.18,3,"2","c3","B",0.0723382704334881,"B","B=0",1,TRUE,0.0535895087897296,0.24987327387642
"340","1","00","0","0","0","0","0",0.5,0.9,0.5,0.2,0.045,0.18,9,"conjunctive",0.18,3,"2","c3","Bu=0",0.0539367495628891,"Bu","Bu=0",1,TRUE,0.0399573268405349,0.246490068571233
"341","1","01","0","0","1","0","0",0.5,0.9,0.5,0.8,0.18,0.72,10,"conjunctive",0.72,3,"2","c3","A",-0.0250924538332862,"A","A=1",1,FALSE,-0.0185889470013132,0.224681620835771
"342","1","01","0","0","1","0","0",0.5,0.9,0.5,0.8,0.18,0.72,10,"conjunctive",0.72,3,"2","c3","Au=0",0.340647902279669,"Au","Au=0",1,TRUE,0.252358172845784,0.294603829068114
"343","1","01","0","0","1","0","0",0.5,0.9,0.5,0.8,0.18,0.72,10,"conjunctive",0.72,3,"2","c3","B",0.14238839283232,"B","B=0",1,TRUE,0.105483915823769,0.254361693544311
"344","1","01","0","0","1","0","0",0.5,0.9,0.5,0.8,0.18,0.72,10,"conjunctive",0.72,3,"2","c3","Bu=1",-0.0150890386253102,"Bu","Bu=1",1,FALSE,-0.0111782347462,0.226352856551804
"345","1","10","1","0","0","0","0",0.5,0.1,0.5,0.2,0.005,0.02,11,"conjunctive",0.02,3,"2","c3","A",-0.0636874546908193,"A","A=1",1,FALSE,-0.0471808268638003,0.216062589445809
"346","1","10","1","0","0","0","0",0.5,0.1,0.5,0.2,0.005,0.02,11,"conjunctive",0.02,3,"2","c3","Au=1",-0.0922165718108539,"Au","Au=1",1,FALSE,-0.0683157166462846,0.211544048064057
"347","1","10","1","0","0","0","0",0.5,0.1,0.5,0.2,0.005,0.02,11,"conjunctive",0.02,3,"2","c3","B",0.360583995605678,"B","B=0",1,TRUE,0.267127194030903,0.2958569772415
"348","1","10","1","0","0","0","0",0.5,0.1,0.5,0.2,0.005,0.02,11,"conjunctive",0.02,3,"2","c3","Bu=0",0.269422971014092,"Bu","Bu=0",1,TRUE,0.199593445997441,0.276536385248633
"349","1","11","1","0","1","0","0",0.5,0.1,0.5,0.8,0.02,0.08,12,"conjunctive",0.08,3,"2","c3","A",-0.130281580449551,"A","A=1",1,FALSE,-0.0965149686162382,0.204115276334625
"350","1","11","1","0","1","0","0",0.5,0.1,0.5,0.8,0.02,0.08,12,"conjunctive",0.08,3,"2","c3","Au=1",-0.188327818927966,"Au","Au=1",1,FALSE,-0.139516679723085,0.195524013524852
"351","1","11","1","0","1","0","0",0.5,0.1,0.5,0.8,0.02,0.08,12,"conjunctive",0.08,3,"2","c3","B",0.73755377057744,"B","B=0",1,TRUE,0.546393271976271,0.388228139376895
"352","1","11","1","0","1","0","0",0.5,0.1,0.5,0.8,0.02,0.08,12,"conjunctive",0.08,3,"2","c3","Bu=1",-0.0782762468479107,"Bu","Bu=1",1,FALSE,-0.0579884699115122,0.212132570763628
"353","1","00","0","1","0","0","0",0.5,0.9,0.5,0.2,0.045,0.18,13,"conjunctive",0.195652173913043,4,"2","c4","A",-0.0299498599112212,"A","A=1",1,FALSE,-0.0221874019290976,0.221797894053296
"354","1","00","0","1","0","0","0",0.5,0.9,0.5,0.2,0.045,0.18,13,"conjunctive",0.195652173913043,4,"2","c4","Au=0",0.410140898334671,"Au","Au=0",1,TRUE,0.303839850533093,0.307290585516006
"355","1","00","0","1","0","0","0",0.5,0.9,0.5,0.2,0.045,0.18,13,"conjunctive",0.195652173913043,4,"2","c4","B",-0.0299574306950685,"B","B=1",1,FALSE,-0.0221930105037165,0.221796650086745
"356","1","00","0","1","0","0","0",0.5,0.9,0.5,0.2,0.045,0.18,13,"conjunctive",0.195652173913043,4,"2","c4","Bu=0",0.126832915478717,"Bu","Bu=0",1,TRUE,0.0939601347688176,0.249114870343954
"357","1","00","0","1","0","1","0",0.5,0.9,0.5,0.2,0.045,0.18,14,"conjunctive",0,5,"2","c5","A",0.0307990576737644,"A","A=1",1,TRUE,0.0228165031045517,0.277422036634013
"358","1","00","0","1","0","1","0",0.5,0.9,0.5,0.2,0.045,0.18,14,"conjunctive",0,5,"2","c5","Au=0",-0.417785484946772,"Au","Au=0",1,FALSE,-0.309503099584916,0.198983188639378
"359","1","00","0","1","0","1","0",0.5,0.9,0.5,0.2,0.045,0.18,14,"conjunctive",0,5,"2","c5","B",0.0309189162805966,"B","B=1",1,TRUE,0.0229052965443986,0.277446670984604
"360","1","00","0","1","0","1","0",0.5,0.9,0.5,0.2,0.045,0.18,14,"conjunctive",0,5,"2","c5","Bu=0",-0.130652886677932,"Bu","Bu=0",1,FALSE,-0.0967900390356755,0.246148103742005
"361","1","01","0","1","1","0","0",0.5,0.9,0.5,0.8,0.18,0.72,15,"conjunctive",0.782608695652174,4,"2","c4","A",-0.0604280057948031,"A","A=1",1,FALSE,-0.0447661677322506,0.202548632331632
"362","1","01","0","1","1","0","0",0.5,0.9,0.5,0.8,0.18,0.72,15,"conjunctive",0.782608695652174,4,"2","c4","Au=0",0.819540826949105,"Au","Au=0",1,TRUE,0.60713077719646,0.388726869600743
"363","1","01","0","1","1","0","0",0.5,0.9,0.5,0.8,0.18,0.72,15,"conjunctive",0.782608695652174,4,"2","c4","B",-0.0604464864207106,"B","B=1",1,FALSE,-0.0447798585166524,0.202545859300959
"364","1","01","0","1","1","0","0",0.5,0.9,0.5,0.8,0.18,0.72,15,"conjunctive",0.782608695652174,4,"2","c4","Bu=1",-0.0364505257391561,"Bu","Bu=1",1,FALSE,-0.0270032136209948,0.206178638766666
"365","1","01","0","1","1","1","0",0.5,0.9,0.5,0.8,0.18,0.72,16,"conjunctive",0,5,"2","c5","A",0.0607603032602635,"A","A=1",1,TRUE,0.04501233974935,0.285528593964361
"366","1","01","0","1","1","1","0",0.5,0.9,0.5,0.8,0.18,0.72,16,"conjunctive",0,5,"2","c5","Au=0",-0.822063085650469,"Au","Au=0",1,FALSE,-0.608999312399703,0.148462221606697
"367","1","01","0","1","1","1","0",0.5,0.9,0.5,0.8,0.18,0.72,16,"conjunctive",0,5,"2","c5","B",0.0608439771991572,"B","B=1",1,TRUE,0.0450743269278787,0.28554629362486
"368","1","01","0","1","1","1","0",0.5,0.9,0.5,0.8,0.18,0.72,16,"conjunctive",0,5,"2","c5","Bu=1",0.0365968067912835,"Bu","Bu=1",1,TRUE,0.0271115812897513,0.280462890804082
"369","1","10","1","1","0","0","0",0.5,0.1,0.5,0.2,0.005,0.02,17,"conjunctive",0.0217391304347826,4,"2","c4","A",-0.160046235830273,"A","A=1",1,FALSE,-0.118565167654589,0.207926492362061
"370","1","10","1","1","0","0","0",0.5,0.1,0.5,0.2,0.005,0.02,17,"conjunctive",0.0217391304347826,4,"2","c4","Au=1",-0.231215248514153,"Au","Au=1",1,FALSE,-0.171288468998736,0.197247900100394
"371","1","10","1","1","0","0","0",0.5,0.1,0.5,0.2,0.005,0.02,17,"conjunctive",0.0217391304347826,4,"2","c4","B",-0.15997361496314,"B","B=1",1,FALSE,-0.118511368793015,0.207937678871549
"372","1","10","1","1","0","0","0",0.5,0.1,0.5,0.2,0.005,0.02,17,"conjunctive",0.0217391304347826,4,"2","c4","Bu=0",0.678149192697577,"Bu","Bu=0",1,TRUE,0.502385278290962,0.386887928665996
"373","1","10","1","1","0","1","0",0.5,0.1,0.5,0.2,0.005,0.02,18,"conjunctive",0,5,"2","c5","A",0.159608654360184,"A","A=1",1,TRUE,0.118240999328515,0.278441314570378
"374","1","10","1","1","0","1","0",0.5,0.1,0.5,0.2,0.005,0.02,18,"conjunctive",0,5,"2","c5","Au=1",0.230750043043793,"Au","Au=1",1,TRUE,0.170943836309933,0.293509543366531
"375","1","10","1","1","0","1","0",0.5,0.1,0.5,0.2,0.005,0.02,18,"conjunctive",0,5,"2","c5","B",0.159103971682707,"B","B=1",1,TRUE,0.117867121205377,0.278337230912796
"376","1","10","1","1","0","1","0",0.5,0.1,0.5,0.2,0.005,0.02,18,"conjunctive",0,5,"2","c5","Bu=0",-0.677971260796057,"Bu","Bu=0",1,FALSE,-0.502253463096276,0.149711911150296
"377","1","11","1","1","1","0","1",0.5,0.1,0.5,0.8,0.02,0.08,19,"conjunctive",0,4,"2","c4","A",-0.41653596663922,"A","A=1",1,FALSE,-0.308577433655606,0.249850907592155
"378","1","11","1","1","1","0","1",0.5,0.1,0.5,0.8,0.02,0.08,19,"conjunctive",0,4,"2","c4","Au=1",-0.60310434062689,"Au","Au=1",1,FALSE,-0.446790684508633,0.217598390744487
"379","1","11","1","1","1","0","1",0.5,0.1,0.5,0.8,0.02,0.08,19,"conjunctive",0,4,"2","c4","B",-0.416045893301605,"B","B=1",1,FALSE,-0.308214378397631,0.249941633746173
"380","1","11","1","1","1","0","1",0.5,0.1,0.5,0.8,0.02,0.08,19,"conjunctive",0,4,"2","c4","Bu=1",-0.250233109301285,"Bu","Bu=1",1,FALSE,-0.185377246788231,0.282609067917186
"381","1","11","1","1","1","1","1",0.5,0.1,0.5,0.8,0.02,0.08,20,"conjunctive",1,5,"2","c5","A",0.416883194707475,"A","A=1",1,TRUE,0.308834666535302,0.248061001347374
"382","1","11","1","1","1","1","1",0.5,0.1,0.5,0.8,0.02,0.08,20,"conjunctive",1,5,"2","c5","Au=1",0.602677117034054,"Au","Au=1",1,TRUE,0.446474189486755,0.284665330707622
"383","1","11","1","1","1","1","1",0.5,0.1,0.5,0.8,0.02,0.08,20,"conjunctive",1,5,"2","c5","B",0.417340677948756,"B","B=1",1,TRUE,0.3091735784561,0.248145086425729
"384","1","11","1","1","1","1","1",0.5,0.1,0.5,0.8,0.02,0.08,20,"conjunctive",1,5,"2","c5","Bu=1",0.249479103010961,"Bu","Bu=1",1,TRUE,0.184818665189851,0.219128581519275
"385","0","00","0","0","0","0","0",0.9,0.3,0.2,0.5,0.027,0.15,1,"disjunctive",0.15,1,"3","d1","A",0.173965430731927,"A","A=0",1,TRUE,0.128876760854955,0.236229795178094
"386","0","00","0","0","0","0","0",0.9,0.3,0.2,0.5,0.027,0.15,1,"disjunctive",0.15,1,"3","d1","Au=0",0.0581921715581331,"Au","Au=0",1,TRUE,0.0431098209913015,0.216813622022169
"387","0","00","0","0","0","0","0",0.9,0.3,0.2,0.5,0.027,0.15,1,"disjunctive",0.15,1,"3","d1","B",0.317108313502487,"B","B=0",1,TRUE,0.234919616572293,0.262656710262198
"388","0","00","0","0","0","0","0",0.9,0.3,0.2,0.5,0.027,0.15,1,"disjunctive",0.15,1,"3","d1","Bu=0",0.423992394819912,"Bu","Bu=0",1,TRUE,0.314101291513068,0.28429987253754
"389","0","01","0","0","1","0","0",0.9,0.3,0.2,0.5,0.027,0.15,2,"disjunctive",0.15,1,"3","d1","A",0.070335753641242,"A","A=0",1,TRUE,0.0521060078628125,0.216852723670348
"390","0","01","0","0","1","0","0",0.9,0.3,0.2,0.5,0.027,0.15,2,"disjunctive",0.15,1,"3","d1","Au=0",0.0250605306573671,"Au","Au=0",1,TRUE,0.0185652977309303,0.209699954352748
"391","0","01","0","0","1","0","0",0.9,0.3,0.2,0.5,0.027,0.15,2,"disjunctive",0.15,1,"3","d1","B",0.887126645572305,"B","B=0",1,TRUE,0.657199583092216,0.39714919081213
"392","0","01","0","0","1","0","0",0.9,0.3,0.2,0.5,0.027,0.15,2,"disjunctive",0.15,1,"3","d1","Bu=1",-0.209141634395977,"Bu","Bu=1",1,FALSE,-0.154935933463694,0.176298131164774
"393","0","10","1","0","0","0","0",0.9,0.7,0.2,0.5,0.063,0.35,3,"disjunctive",0.35,1,"3","d1","A",0.623298429746011,"A","A=0",1,TRUE,0.461750833678148,0.313610797117755
"394","0","10","1","0","0","0","0",0.9,0.7,0.2,0.5,0.063,0.35,3,"disjunctive",0.35,1,"3","d1","Au=1",-0.0342935884666718,"Au","Au=1",1,FALSE,-0.0254053151886709,0.192673407920986
"395","0","10","1","0","0","0","0",0.9,0.7,0.2,0.5,0.063,0.35,3,"disjunctive",0.35,1,"3","d1","B",0.256035213643519,"B","B=0",1,TRUE,0.189675551403256,0.238907735913081
"396","0","10","1","0","0","0","0",0.9,0.7,0.2,0.5,0.063,0.35,3,"disjunctive",0.35,1,"3","d1","Bu=0",0.34301082402021,"Bu","Bu=0",1,TRUE,0.254108668325222,0.254808059048178
"397","0","11","1","0","1","0","0",0.9,0.7,0.2,0.5,0.063,0.35,4,"disjunctive",0.35,1,"3","d1","A",0.293477215698524,"A","A=0",1,TRUE,0.217413268744405,0.25041757352939
"398","0","11","1","0","1","0","0",0.9,0.7,0.2,0.5,0.063,0.35,4,"disjunctive",0.35,1,"3","d1","Au=1",-0.0165298868534307,"Au","Au=1",1,FALSE,-0.0122456413668286,0.199033053411833
"399","0","11","1","0","1","0","0",0.9,0.7,0.2,0.5,0.063,0.35,4,"disjunctive",0.35,1,"3","d1","B",0.845115067686661,"B","B=0",1,TRUE,0.626076640714942,0.376829635678377
"400","0","11","1","0","1","0","0",0.9,0.7,0.2,0.5,0.063,0.35,4,"disjunctive",0.35,1,"3","d1","Bu=1",-0.200147957732943,"Bu","Bu=1",1,FALSE,-0.148273253920799,0.173719737380401
"401","0","00","0","1","0","0","0",0.9,0.3,0.8,0.5,0.108,0.15,5,"disjunctive",0.3,2,"3","d2","A",0.0866971756365112,"A","A=0",1,TRUE,0.0642268473931706,0.212096025279527
"402","0","00","0","1","0","0","0",0.9,0.3,0.8,0.5,0.108,0.15,5,"disjunctive",0.3,2,"3","d2","Au=0",0.0288150659958826,"Au","Au=0",1,TRUE,0.021346725919896,0.203193555487301
"403","0","00","0","1","0","0","0",0.9,0.3,0.8,0.5,0.108,0.15,5,"disjunctive",0.3,2,"3","d2","B",-0.100535340382219,"B","B=1",1,FALSE,-0.0744784119775862,0.184626314780383
"404","0","00","0","1","0","0","0",0.9,0.3,0.8,0.5,0.108,0.15,5,"disjunctive",0.3,2,"3","d2","Bu=0",0.943365717078515,"Bu","Bu=0",1,TRUE,0.698862511978238,0.40008410445279
"405","0","00","0","1","0","1","0",0.9,0.3,0.8,0.5,0.108,0.15,6,"disjunctive",0,3,"3","d3","A",-0.0894898707873111,"A","A=0",1,FALSE,-0.0662957268456927,0.268293354913202
"406","0","00","0","1","0","1","0",0.9,0.3,0.8,0.5,0.108,0.15,6,"disjunctive",0,3,"3","d3","Au=0",-0.0299930113132362,"Au","Au=0",1,FALSE,-0.0222193692739583,0.280383230383383
"407","0","00","0","1","0","1","0",0.9,0.3,0.8,0.5,0.108,0.15,6,"disjunctive",0,3,"3","d3","B",0.100241041916761,"B","B=1",1,TRUE,0.0742603903120566,0.308782488064627
"408","0","00","0","1","0","1","0",0.9,0.3,0.8,0.5,0.108,0.15,6,"disjunctive",0,3,"3","d3","Bu=0",-0.943210539551953,"Bu","Bu=0",1,FALSE,-0.698747553639121,0.142540926638788
"409","0","01","0","1","1","0","1",0.9,0.3,0.8,0.5,0.108,0.15,7,"disjunctive",0,2,"3","d2","A",0.01791954336234,"A","A=0",1,TRUE,0.0132751242291176,0.312283748558945
"410","0","01","0","1","1","0","1",0.9,0.3,0.8,0.5,0.108,0.15,7,"disjunctive",0,2,"3","d2","Au=0",0.00485116662686308,"Au","Au=0",1,TRUE,0.00359383262874324,0.309275026186346
"411","0","01","0","1","1","0","1",0.9,0.3,0.8,0.5,0.108,0.15,7,"disjunctive",0,2,"3","d2","B",-0.502963929488824,"B","B=1",1,FALSE,-0.372604843310995,0.212306770093825
"412","0","01","0","1","1","0","1",0.9,0.3,0.8,0.5,0.108,0.15,7,"disjunctive",0,2,"3","d2","Bu=1",-0.833996319455843,"Bu","Bu=1",1,FALSE,-0.617839669434379,0.166134455160884
"413","0","01","0","1","1","1","1",0.9,0.3,0.8,0.5,0.108,0.15,8,"disjunctive",0.3,3,"3","d3","A",-0.0184241422790463,"A","A=0",1,FALSE,-0.0136489403007499,0.186601123137015
"414","0","01","0","1","1","1","1",0.9,0.3,0.8,0.5,0.108,0.15,8,"disjunctive",0.3,3,"3","d3","Au=0",-0.00728331006076403,"Au","Au=0",1,FALSE,-0.00539560879988847,0.188147576984456
"415","0","01","0","1","1","1","1",0.9,0.3,0.8,0.5,0.108,0.15,8,"disjunctive",0.3,3,"3","d3","B",0.500789539404164,"B","B=1",1,TRUE,0.37099401551741,0.274133787609806
"416","0","01","0","1","1","1","1",0.9,0.3,0.8,0.5,0.108,0.15,8,"disjunctive",0.3,3,"3","d3","Bu=1",0.834885934640685,"Bu","Bu=1",1,TRUE,0.618498712572705,0.351117512268723
"417","0","10","1","1","0","0","0",0.9,0.7,0.8,0.5,0.252,0.35,9,"disjunctive",0.7,2,"3","d2","A",0.358141607622757,"A","A=0",1,TRUE,0.265317828511181,0.253550731355829
"418","0","10","1","1","0","0","0",0.9,0.7,0.8,0.5,0.252,0.35,9,"disjunctive",0.7,2,"3","d2","Au=1",-0.0204607699029017,"Au","Au=1",1,FALSE,-0.0151577111532456,0.191538414619043
"419","0","10","1","1","0","0","0",0.9,0.7,0.8,0.5,0.252,0.35,9,"disjunctive",0.7,2,"3","d2","B",-0.0939969603622474,"B","B=1",1,FALSE,-0.0696346609250501,0.181383112370587
"420","0","10","1","1","0","0","0",0.9,0.7,0.8,0.5,0.252,0.35,9,"disjunctive",0.7,2,"3","d2","Bu=0",0.881115178119091,"Bu","Bu=0",1,TRUE,0.65274617846984,0.373527741654541
"421","0","10","1","1","0","1","0",0.9,0.7,0.8,0.5,0.252,0.35,10,"disjunctive",0,3,"3","d3","A",-0.360474853757996,"A","A=0",1,FALSE,-0.267046339761501,0.226993623729291
"422","0","10","1","1","0","1","0",0.9,0.7,0.8,0.5,0.252,0.35,10,"disjunctive",0,3,"3","d3","Au=1",0.0195200670744658,"Au","Au=1",1,TRUE,0.0144608213576935,0.300795035888064
"423","0","10","1","1","0","1","0",0.9,0.7,0.8,0.5,0.252,0.35,10,"disjunctive",0,3,"3","d3","B",0.0937533929191388,"B","B=1",1,TRUE,0.0694542217252304,0.317800074737902
"424","0","10","1","1","0","1","0",0.9,0.7,0.8,0.5,0.252,0.35,10,"disjunctive",0,3,"3","d3","Bu=0",-0.880578595921308,"Bu","Bu=0",1,FALSE,-0.652348668600829,0.154411265644743
"425","0","11","1","1","1","0","1",0.9,0.7,0.8,0.5,0.252,0.35,11,"disjunctive",0,2,"3","d2","A",0.0783242960532338,"A","A=0",1,TRUE,0.0580240656383047,0.321703669679274
"426","0","11","1","1","1","0","1",0.9,0.7,0.8,0.5,0.252,0.35,11,"disjunctive",0,2,"3","d2","Au=1",-0.00253381800410215,"Au","Au=1",1,FALSE,-0.00187709854533026,0.302999052106638
"427","0","11","1","1","1","0","1",0.9,0.7,0.8,0.5,0.252,0.35,11,"disjunctive",0,2,"3","d2","B",-0.494814270192943,"B","B=1",1,FALSE,-0.366567427212259,0.210406073833456
"428","0","11","1","1","1","0","1",0.9,0.7,0.8,0.5,0.252,0.35,11,"disjunctive",0,2,"3","d2","Bu=1",-0.823847024301127,"Bu","Bu=1",1,FALSE,-0.610320886656689,0.164891204380632
"429","0","11","1","1","1","1","1",0.9,0.7,0.8,0.5,0.252,0.35,12,"disjunctive",0.7,3,"3","d3","A",-0.0787408294864525,"A","A=0",1,FALSE,-0.0583326411951563,0.180377368948336
"430","0","11","1","1","1","1","1",0.9,0.7,0.8,0.5,0.252,0.35,12,"disjunctive",0.7,3,"3","d3","Au=1",0.00444991915849245,"Au","Au=1",1,TRUE,0.00329658119317187,0.191843583907711
"431","0","11","1","1","1","1","1",0.9,0.7,0.8,0.5,0.252,0.35,12,"disjunctive",0.7,3,"3","d3","B",0.495174700730261,"B","B=1",1,TRUE,0.366834440721594,0.275949597803648
"432","0","11","1","1","1","1","1",0.9,0.7,0.8,0.5,0.252,0.35,12,"disjunctive",0.7,3,"3","d3","Bu=1",0.823093615373712,"Bu","Bu=1",1,TRUE,0.609762747595636,0.351829449340306
"433","1","00","0","0","0","0","0",0.1,0.3,0.2,0.5,0.003,0.15,13,"disjunctive",0.5,4,"3","d4","A",-0.232346814238611,"A","A=1",1,FALSE,-0.172126753505313,0.174244034658971
"434","1","00","0","0","0","0","0",0.1,0.3,0.2,0.5,0.003,0.15,13,"disjunctive",0.5,4,"3","d4","Au=0",0.741236686934275,"Au","Au=0",1,TRUE,0.549121643518661,0.358419902718213
"435","1","00","0","0","0","0","0",0.1,0.3,0.2,0.5,0.003,0.15,13,"disjunctive",0.5,4,"3","d4","B",0.138623487256283,"B","B=0",1,TRUE,0.102694805173894,0.229356686179492
"436","1","00","0","0","0","0","0",0.1,0.3,0.2,0.5,0.003,0.15,13,"disjunctive",0.5,4,"3","d4","Bu=0",0.188440894462286,"Bu","Bu=0",1,TRUE,0.139600448139222,0.237979376443324
"437","1","00","0","0","0","1","0",0.1,0.3,0.2,0.5,0.003,0.15,14,"disjunctive",0,5,"3","d5","A",0.230991626392768,"A","A=1",1,TRUE,0.171122805656666,0.335676780587585
"438","1","00","0","0","0","1","0",0.1,0.3,0.2,0.5,0.003,0.15,14,"disjunctive",0,5,"3","d5","Au=0",-0.739355414312372,"Au","Au=0",1,FALSE,-0.547727962482286,0.163579312801467
"439","1","00","0","0","0","1","0",0.1,0.3,0.2,0.5,0.003,0.15,14,"disjunctive",0,5,"3","d5","B",-0.141790040385729,"B","B=0",1,FALSE,-0.105040645428945,0.254674251481125
"440","1","00","0","0","0","1","0",0.1,0.3,0.2,0.5,0.003,0.15,14,"disjunctive",0,5,"3","d5","Bu=0",-0.188185546882819,"Bu","Bu=0",1,FALSE,-0.139411281999746,0.246069655129823
"441","1","01","0","0","1","0","0",0.1,0.3,0.2,0.5,0.003,0.15,15,"disjunctive",0.5,4,"3","d4","A",-0.158935494309462,"A","A=1",1,FALSE,-0.117742310097505,0.18285929761143
"442","1","01","0","0","1","0","0",0.1,0.3,0.2,0.5,0.003,0.15,15,"disjunctive",0.5,4,"3","d4","Au=0",0.505755811103154,"Au","Au=0",1,TRUE,0.374673120080878,0.2992060366242
"443","1","01","0","0","1","0","0",0.1,0.3,0.2,0.5,0.003,0.15,15,"disjunctive",0.5,4,"3","d4","B",0.655661864901049,"B","B=0",1,TRUE,0.485726256124852,0.334349066938714
"444","1","01","0","0","1","0","0",0.1,0.3,0.2,0.5,0.003,0.15,15,"disjunctive",0.5,4,"3","d4","Bu=1",-0.153584592253962,"Bu","Bu=1",1,FALSE,-0.113778264357707,0.183585598825656
"445","1","01","0","0","1","1","0",0.1,0.3,0.2,0.5,0.003,0.15,16,"disjunctive",0,5,"3","d5","A",0.157970399832919,"A","A=1",1,TRUE,0.117027350524603,0.316647932173159
"446","1","01","0","0","1","1","0",0.1,0.3,0.2,0.5,0.003,0.15,16,"disjunctive",0,5,"3","d5","Au=0",-0.503282289997286,"Au","Au=0",1,FALSE,-0.37284069057641,0.194012480897453
"447","1","01","0","0","1","1","0",0.1,0.3,0.2,0.5,0.003,0.15,16,"disjunctive",0,5,"3","d5","B",-0.655434805821983,"B","B=0",1,FALSE,-0.485558046621908,0.173331359522339
"448","1","01","0","0","1","1","0",0.1,0.3,0.2,0.5,0.003,0.15,16,"disjunctive",0,5,"3","d5","Bu=1",0.155240602947222,"Bu","Bu=1",1,TRUE,0.115005067252918,0.316008227407048
"449","1","10","1","0","0","0","1",0.1,0.7,0.2,0.5,0.007,0.35,17,"disjunctive",0,4,"3","d4","A",-0.832028373749046,"A","A=1",1,FALSE,-0.616381779397471,0.16127806226707
"450","1","10","1","0","0","0","1",0.1,0.7,0.2,0.5,0.007,0.35,17,"disjunctive",0,4,"3","d4","Au=1",-0.430708578411823,"Au","Au=1",1,FALSE,-0.319076762691399,0.217116697785637
"451","1","10","1","0","0","0","1",0.1,0.7,0.2,0.5,0.007,0.35,17,"disjunctive",0,4,"3","d4","B",0.0458585706002293,"B","B=0",1,TRUE,0.0339728646750688,0.309044294391649
"452","1","10","1","0","0","0","1",0.1,0.7,0.2,0.5,0.007,0.35,17,"disjunctive",0,4,"3","d4","Bu=0",0.0611320364158915,"Bu","Bu=0",1,TRUE,0.0452877264442707,0.312560945555643
"453","1","10","1","0","0","1","1",0.1,0.7,0.2,0.5,0.007,0.35,18,"disjunctive",0.5,5,"3","d5","A",0.832165625402477,"A","A=1",1,TRUE,0.616483457923152,0.35963022156418
"454","1","10","1","0","0","1","1",0.1,0.7,0.2,0.5,0.007,0.35,18,"disjunctive",0.5,5,"3","d5","Au=1",0.430585928911022,"Au","Au=1",1,TRUE,0.318985901706448,0.267088158358114
"455","1","10","1","0","0","1","1",0.1,0.7,0.2,0.5,0.007,0.35,18,"disjunctive",0.5,5,"3","d5","B",-0.0448705115922629,"B","B=0",1,FALSE,-0.0332408925588586,0.187795196884777
"456","1","10","1","0","0","1","1",0.1,0.7,0.2,0.5,0.007,0.35,18,"disjunctive",0.5,5,"3","d5","Bu=0",-0.0615686723205029,"Bu","Bu=0",1,FALSE,-0.0456111942782107,0.185486423192929
"457","1","11","1","0","1","0","1",0.1,0.7,0.2,0.5,0.007,0.35,19,"disjunctive",0,4,"3","d4","A",-0.726654656249736,"A","A=1",1,FALSE,-0.538319009493015,0.165890362410745
"458","1","11","1","0","1","0","1",0.1,0.7,0.2,0.5,0.007,0.35,19,"disjunctive",0,4,"3","d4","Au=1",-0.376820931430508,"Au","Au=1",1,FALSE,-0.279155811937976,0.214968240863341
"459","1","11","1","0","1","0","1",0.1,0.7,0.2,0.5,0.007,0.35,19,"disjunctive",0,4,"3","d4","B",0.275303581445569,"B","B=0",1,TRUE,0.203949909353811,0.348485290610881
"460","1","11","1","0","1","0","1",0.1,0.7,0.2,0.5,0.007,0.35,19,"disjunctive",0,4,"3","d4","Bu=1",-0.0658691659592513,"Bu","Bu=1",1,FALSE,-0.0487970783237213,0.270656106115032
"461","1","11","1","0","1","1","1",0.1,0.7,0.2,0.5,0.007,0.35,20,"disjunctive",0.5,5,"3","d5","A",0.726196787919573,"A","A=1",1,TRUE,0.537979812291357,0.349405408610894
"462","1","11","1","0","1","1","1",0.1,0.7,0.2,0.5,0.007,0.35,20,"disjunctive",0.5,5,"3","d5","Au=1",0.377264624221817,"Au","Au=1",1,TRUE,0.279484507642163,0.269815278901176
"463","1","11","1","0","1","1","1",0.1,0.7,0.2,0.5,0.007,0.35,20,"disjunctive",0.5,5,"3","d5","B",-0.275437704491723,"B","B=0",1,FALSE,-0.204049270150215,0.166368264965856
"464","1","11","1","0","1","1","1",0.1,0.7,0.2,0.5,0.007,0.35,20,"disjunctive",0.5,5,"3","d5","Bu=1",0.0670095431044593,"Bu","Bu=1",1,TRUE,0.0496418904913404,0.214411047522074
"465","1","00","0","1","0","0","0",0.1,0.3,0.8,0.5,0.012,0.15,21,"disjunctive",1,6,"3","d6","A",-0.179048731088187,"A","A=1",1,FALSE,-0.13264256238007,0.176499792174901
"466","1","00","0","1","0","0","0",0.1,0.3,0.8,0.5,0.012,0.15,21,"disjunctive",1,6,"3","d6","Au=0",0.573589113634616,"Au","Au=0",1,TRUE,0.4249252665652,0.308242721006994
"467","1","00","0","1","0","0","0",0.1,0.3,0.8,0.5,0.012,0.15,21,"disjunctive",1,6,"3","d6","B",-0.0668754099158943,"B","B=1",1,FALSE,-0.0495425221812533,0.191793589507224
"468","1","00","0","1","0","0","0",0.1,0.3,0.8,0.5,0.012,0.15,21,"disjunctive",1,6,"3","d6","Bu=0",0.638652280621422,"Bu","Bu=0",1,TRUE,0.473125246164283,0.323463897310881
"469","1","00","0","1","0","1","0",0.1,0.3,0.8,0.5,0.012,0.15,22,"disjunctive",0,7,"3","d7","A",0.180215141471629,"A","A=1",1,TRUE,0.133506660444916,0.329202052310809
"470","1","00","0","1","0","1","0",0.1,0.3,0.8,0.5,0.012,0.15,22,"disjunctive",0,7,"3","d7","Au=0",-0.573737602047954,"Au","Au=0",1,FALSE,-0.425035269487361,0.188317576257388
"471","1","00","0","1","0","1","0",0.1,0.3,0.8,0.5,0.012,0.15,22,"disjunctive",0,7,"3","d7","B",0.0673411761579002,"B","B=1",1,TRUE,0.0498875702999097,0.302793971709326
"472","1","00","0","1","0","1","0",0.1,0.3,0.8,0.5,0.012,0.15,22,"disjunctive",0,7,"3","d7","Bu=0",-0.637068476058692,"Bu","Bu=0",1,FALSE,-0.471951934886214,0.179686399722477
"473","1","01","0","1","1","0","1",0.1,0.3,0.8,0.5,0.012,0.15,23,"disjunctive",0,6,"3","d6","A",-0.0489994746527013,"A","A=1",1,FALSE,-0.0362997036265531,0.285813929800492
"474","1","01","0","1","1","0","1",0.1,0.3,0.8,0.5,0.012,0.15,23,"disjunctive",0,6,"3","d6","Au=0",0.159076853129758,"Au","Au=0",1,TRUE,0.117847031287235,0.333448269340077
"475","1","01","0","1","1","0","1",0.1,0.3,0.8,0.5,0.012,0.15,23,"disjunctive",0,6,"3","d6","B",-0.456208970262308,"B","B=1",1,FALSE,-0.337967917608762,0.21138324014719
"476","1","01","0","1","1","0","1",0.1,0.3,0.8,0.5,0.012,0.15,23,"disjunctive",0,6,"3","d6","Bu=1",-0.755443349528981,"Bu","Bu=1",1,FALSE,-0.559646198023897,0.169354560712241
"477","1","01","0","1","1","1","1",0.1,0.3,0.8,0.5,0.012,0.15,24,"disjunctive",0.176470588235294,7,"3","d7","A",0.0488340274588238,"A","A=1",1,TRUE,0.036177137330768,0.20423839659144
"478","1","01","0","1","1","1","1",0.1,0.3,0.8,0.5,0.012,0.15,24,"disjunctive",0.176470588235294,7,"3","d7","Au=0",-0.159357512262699,"Au","Au=0",1,FALSE,-0.118054948686718,0.17504723228434
"479","1","01","0","1","1","1","1",0.1,0.3,0.8,0.5,0.012,0.15,24,"disjunctive",0.176470588235294,7,"3","d7","B",0.455556035202154,"B","B=1",1,TRUE,0.337484211419278,0.276053585264339
"480","1","01","0","1","1","1","1",0.1,0.3,0.8,0.5,0.012,0.15,24,"disjunctive",0.176470588235294,7,"3","d7","Bu=1",0.75517840054747,"Bu","Bu=1",1,TRUE,0.559449918990842,0.34466078585988
"481","1","10","1","1","0","0","1",0.1,0.7,0.8,0.5,0.028,0.35,25,"disjunctive",0,6,"3","d6","A",-0.765213215000766,"A","A=1",1,FALSE,-0.566883892379004,0.162282732536042
"482","1","10","1","1","0","0","1",0.1,0.7,0.8,0.5,0.028,0.35,25,"disjunctive",0,6,"3","d6","Au=1",-0.395780210542594,"Au","Au=1",1,FALSE,-0.2932011913552,0.213368939491114
"483","1","10","1","1","0","0","1",0.1,0.7,0.8,0.5,0.028,0.35,25,"disjunctive",0,6,"3","d6","B",-0.0271095375720981,"B","B=1",1,FALSE,-0.0200832393876659,0.280378571089154
"484","1","10","1","1","0","0","1",0.1,0.7,0.8,0.5,0.028,0.35,25,"disjunctive",0,6,"3","d6","Bu=0",0.248819161500434,"Bu","Bu=0",1,TRUE,0.184329768494268,0.34396975688369
"485","1","10","1","1","0","1","1",0.1,0.7,0.8,0.5,0.028,0.35,26,"disjunctive",0.411764705882353,7,"3","d7","A",0.766916182814761,"A","A=1",1,TRUE,0.568145481964846,0.356008832548655
"486","1","10","1","1","0","1","1",0.1,0.7,0.8,0.5,0.028,0.35,26,"disjunctive",0.411764705882353,7,"3","d7","Au=1",0.394926877133493,"Au","Au=1",1,TRUE,0.292569026417422,0.270258547874441
"487","1","10","1","1","0","1","1",0.1,0.7,0.8,0.5,0.028,0.35,26,"disjunctive",0.411764705882353,7,"3","d7","B",0.0279787829002071,"B","B=1",1,TRUE,0.0207271921649715,0.205930194821621
"488","1","10","1","1","0","1","1",0.1,0.7,0.8,0.5,0.028,0.35,26,"disjunctive",0.411764705882353,7,"3","d7","Bu=0",-0.248404817502239,"Bu","Bu=0",1,FALSE,-0.184022814910775,0.167802424755283
"489","1","11","1","1","1","0","1",0.1,0.7,0.8,0.5,0.028,0.35,27,"disjunctive",0,6,"3","d6","A",-0.321984904773206,"A","A=1",1,FALSE,-0.238532284240459,0.245638187729982
"490","1","11","1","1","1","0","1",0.1,0.7,0.8,0.5,0.028,0.35,27,"disjunctive",0,6,"3","d6","Au=1",-0.167104552034773,"Au","Au=1",1,FALSE,-0.123794096906216,0.275502818497127
"491","1","11","1","1","1","0","1",0.1,0.7,0.8,0.5,0.028,0.35,27,"disjunctive",0,6,"3","d6","B",-0.269958103866739,"B","B=1",1,FALSE,-0.199989882165168,0.255290490128008
"492","1","11","1","1","1","0","1",0.1,0.7,0.8,0.5,0.028,0.35,27,"disjunctive",0,6,"3","d6","Bu=1",-0.449063043462259,"Bu","Bu=1",1,FALSE,-0.332674084831628,0.223568503644883
"493","1","11","1","1","1","1","1",0.1,0.7,0.8,0.5,0.028,0.35,28,"disjunctive",0.411764705882353,7,"3","d7","A",0.322606514688455,"A","A=1",1,TRUE,0.238992784191832,0.253086484083718
"494","1","11","1","1","1","1","1",0.1,0.7,0.8,0.5,0.028,0.35,28,"disjunctive",0.411764705882353,7,"3","d7","Au=1",0.1673314883839,"Au","Au=1",1,TRUE,0.123962215488584,0.225585827421026
"495","1","11","1","1","1","1","1",0.1,0.7,0.8,0.5,0.028,0.35,28,"disjunctive",0.411764705882353,7,"3","d7","B",0.270125857788515,"B","B=1",1,TRUE,0.200114157327011,0.243435650297961
"496","1","11","1","1","1","1","1",0.1,0.7,0.8,0.5,0.028,0.35,28,"disjunctive",0.411764705882353,7,"3","d7","Bu=1",0.44882023244736,"Bu","Bu=1",1,TRUE,0.332494206007608,0.277892038197294
"497","0","00","0","0","0","0","0",0.9,0.3,0.2,0.5,0.027,0.15,1,"conjunctive",0.15,1,"3","c1","A",0.0874916125992826,"A","A=0",1,TRUE,0.0648153807703747,0.257887882446488
"498","0","00","0","0","0","0","0",0.9,0.3,0.2,0.5,0.027,0.15,1,"conjunctive",0.15,1,"3","c1","Au=0",0.0299221278392038,"Au","Au=0",1,TRUE,0.0221668575048499,0.247120581828538
"499","0","00","0","0","0","0","0",0.9,0.3,0.2,0.5,0.027,0.15,1,"conjunctive",0.15,1,"3","c1","B",0.0274412053567423,"B","B=0",1,TRUE,0.0203289449257435,0.246666812924161
"500","0","00","0","0","0","0","0",0.9,0.3,0.2,0.5,0.027,0.15,1,"conjunctive",0.15,1,"3","c1","Bu=0",0.0364835927768615,"Bu","Bu=0",1,TRUE,0.0270277102850309,0.248324722800814
"501","0","01","0","0","1","0","0",0.9,0.3,0.2,0.5,0.027,0.15,2,"conjunctive",0.15,1,"3","c1","A",0.203705542021911,"A","A=0",1,TRUE,0.150908777183677,0.273454947524039
"502","0","01","0","0","1","0","0",0.9,0.3,0.2,0.5,0.027,0.15,2,"conjunctive",0.15,1,"3","c1","Au=0",0.0691665917696105,"Au","Au=0",1,TRUE,0.0512398714453816,0.247514205634808
"503","0","01","0","0","1","0","0",0.9,0.3,0.2,0.5,0.027,0.15,2,"conjunctive",0.15,1,"3","c1","B",0.0634854014677375,"B","B=0",1,TRUE,0.0470311421545938,0.246474674434841
"504","0","01","0","0","1","0","0",0.9,0.3,0.2,0.5,0.027,0.15,2,"conjunctive",0.15,1,"3","c1","Bu=1",-0.0149784488512202,"Bu","Bu=1",1,FALSE,-0.011096307826533,0.232556172406312
"505","0","10","1","0","0","0","0",0.9,0.7,0.2,0.5,0.063,0.35,3,"conjunctive",0.35,1,"3","c1","A",0.169270850871338,"A","A=0",1,TRUE,0.125398930555785,0.268576258343841
"506","0","10","1","0","0","0","0",0.9,0.7,0.2,0.5,0.063,0.35,3,"conjunctive",0.35,1,"3","c1","Au=1",-0.00938926821997506,"Au","Au=1",1,FALSE,-0.00695574097622533,0.235280923246269
"507","0","10","1","0","0","0","0",0.9,0.7,0.2,0.5,0.063,0.35,3,"conjunctive",0.35,1,"3","c1","B",0.0531277048014766,"B","B=0",1,TRUE,0.0393579717399334,0.246433931450269
"508","0","10","1","0","0","0","0",0.9,0.7,0.2,0.5,0.063,0.35,3,"conjunctive",0.35,1,"3","c1","Bu=0",0.0709483466872913,"Bu","Bu=0",1,TRUE,0.0525598279531888,0.249708886959621
"509","0","11","1","0","1","0","0",0.9,0.7,0.2,0.5,0.063,0.35,4,"conjunctive",0.35,1,"3","c1","A",0.426073750349945,"A","A=0",1,TRUE,0.315643197613433,0.309183500043843
"510","0","11","1","0","1","0","0",0.9,0.7,0.2,0.5,0.063,0.35,4,"conjunctive",0.35,1,"3","c1","Au=1",-0.023694870514718,"Au","Au=1",1,FALSE,-0.0175535918139971,0.221569910449802
"511","0","11","1","0","1","0","0",0.9,0.7,0.2,0.5,0.063,0.35,4,"conjunctive",0.35,1,"3","c1","B",0.133624479751122,"B","B=0",1,TRUE,0.0989914493287468,0.248957750068452
"512","0","11","1","0","1","0","0",0.9,0.7,0.2,0.5,0.063,0.35,4,"conjunctive",0.35,1,"3","c1","Bu=1",-0.0315221222520472,"Bu","Bu=1",1,FALSE,-0.0233521625188732,0.220288839437903
"513","0","00","0","1","0","0","0",0.9,0.3,0.8,0.5,0.108,0.15,5,"conjunctive",0.15,2,"3","c2","A",0.164040282312526,"A","A=0",1,TRUE,0.121524030062892,0.267680062342877
"514","0","00","0","1","0","0","0",0.9,0.3,0.8,0.5,0.108,0.15,5,"conjunctive",0.15,2,"3","c2","Au=0",0.0561064491059262,"Au","Au=0",1,TRUE,0.0415646797954216,0.247109885897111
"515","0","00","0","1","0","0","0",0.9,0.3,0.8,0.5,0.108,0.15,5,"conjunctive",0.15,2,"3","c2","B",-0.00729377850233709,"B","B=1",1,FALSE,-0.00540336401214792,0.235771962208239
"516","0","00","0","1","0","0","0",0.9,0.3,0.8,0.5,0.108,0.15,5,"conjunctive",0.15,2,"3","c2","Bu=0",0.0687649207763088,"Bu","Bu=0",1,TRUE,0.0509423062548244,0.249438089551773
"517","0","01","0","1","1","0","0",0.9,0.3,0.8,0.5,0.108,0.15,6,"conjunctive",0.15,2,"3","c2","A",0.405177032250851,"A","A=0",1,TRUE,0.300162528093174,0.305251318080761
"518","0","01","0","1","1","0","0",0.9,0.3,0.8,0.5,0.108,0.15,6,"conjunctive",0.15,2,"3","c2","Au=0",0.138360402084411,"Au","Au=0",1,TRUE,0.102499906884981,0.250503479290123
"519","0","01","0","1","1","0","0",0.9,0.3,0.8,0.5,0.108,0.15,6,"conjunctive",0.15,2,"3","c2","B",-0.018020728551408,"B","B=1",1,FALSE,-0.0133500840608423,0.223100606258538
"520","0","01","0","1","1","0","0",0.9,0.3,0.8,0.5,0.108,0.15,6,"conjunctive",0.15,2,"3","c2","Bu=1",-0.0299076514567245,"Bu","Bu=1",1,FALSE,-0.0221561331369396,0.221144596370578
"521","0","10","1","1","0","0","0",0.9,0.7,0.8,0.5,0.252,0.35,7,"conjunctive",0.35,2,"3","c2","A",0.346391590388222,"A","A=0",1,TRUE,0.256613201650513,0.295076437255299
"522","0","10","1","1","0","0","0",0.9,0.7,0.8,0.5,0.252,0.35,7,"conjunctive",0.35,2,"3","c2","Au=1",-0.0191802880586924,"Au","Au=1",1,FALSE,-0.0142091068718033,0.225070148245548
"523","0","10","1","1","0","0","0",0.9,0.7,0.8,0.5,0.252,0.35,7,"conjunctive",0.35,2,"3","c2","B",-0.0154245326751388,"B","B=1",1,FALSE,-0.0114267748512433,0.225697240110225
"524","0","10","1","1","0","0","0",0.9,0.7,0.8,0.5,0.252,0.35,7,"conjunctive",0.35,2,"3","c2","Bu=0",0.144877251134,"Bu","Bu=0",1,TRUE,0.107327707402348,0.254156174388927
"525","0","11","1","1","1","0","0",0.9,0.7,0.8,0.5,0.252,0.35,8,"conjunctive",0.35,2,"3","c2","A",0.84860176315248,"A","A=0",1,TRUE,0.628659648245989,0.393286922656258
"526","0","11","1","1","1","0","0",0.9,0.7,0.8,0.5,0.252,0.35,8,"conjunctive",0.35,2,"3","c2","Au=1",-0.0470559492867504,"Au","Au=1",1,FALSE,-0.0348599046230996,0.202556705744518
"527","0","11","1","1","1","0","0",0.9,0.7,0.8,0.5,0.252,0.35,8,"conjunctive",0.35,2,"3","c2","B",-0.0376503845134592,"B","B=1",1,FALSE,-0.0278920908632434,0.203973011693813
"528","0","11","1","1","1","0","0",0.9,0.7,0.8,0.5,0.252,0.35,8,"conjunctive",0.35,2,"3","c2","Bu=1",-0.0629655601924136,"Bu","Bu=1",1,FALSE,-0.0466460342659714,0.20018335990541
"529","1","00","0","0","0","0","0",0.1,0.3,0.2,0.5,0.003,0.15,9,"conjunctive",0.15,3,"3","c3","A",-0.0451521548654211,"A","A=1",1,FALSE,-0.0334495390273467,0.223758558541727
"530","1","00","0","0","0","0","0",0.1,0.3,0.2,0.5,0.003,0.15,9,"conjunctive",0.15,3,"3","c3","Au=0",0.143943515977619,"Au","Au=0",1,TRUE,0.10663597938521,0.257405619139314
"531","1","00","0","0","0","0","0",0.1,0.3,0.2,0.5,0.003,0.15,9,"conjunctive",0.15,3,"3","c3","B",0.132064599783525,"B","B=0",1,TRUE,0.0978358618266742,0.255150357269775
"532","1","00","0","0","0","0","0",0.1,0.3,0.2,0.5,0.003,0.15,9,"conjunctive",0.15,3,"3","c3","Bu=0",0.176480306512709,"Bu","Bu=0",1,TRUE,0.130739826656109,0.263685465049184
"533","1","01","0","0","1","0","0",0.1,0.3,0.2,0.5,0.003,0.15,10,"conjunctive",0.15,3,"3","c3","A",-0.109343241103936,"A","A=1",1,FALSE,-0.0810034653181896,0.208193314397317
"534","1","01","0","0","1","0","0",0.1,0.3,0.2,0.5,0.003,0.15,10,"conjunctive",0.15,3,"3","c3","Au=0",0.348747076885908,"Au","Au=0",1,TRUE,0.258358188966569,0.292314038450505
"535","1","01","0","0","1","0","0",0.1,0.3,0.2,0.5,0.003,0.15,10,"conjunctive",0.15,3,"3","c3","B",0.319413512281998,"B","B=0",1,TRUE,0.236627349830447,0.286030331493539
"536","1","01","0","0","1","0","0",0.1,0.3,0.2,0.5,0.003,0.15,10,"conjunctive",0.15,3,"3","c3","Bu=1",-0.0756058616538913,"Bu","Bu=1",1,FALSE,-0.0560101999035439,0.21346231565864
"537","1","10","1","0","0","0","0",0.1,0.7,0.2,0.5,0.007,0.35,11,"conjunctive",0.35,3,"3","c3","A",-0.0950857227122263,"A","A=1",1,FALSE,-0.0704412359119067,0.209827883737451
"538","1","10","1","0","0","0","0",0.1,0.7,0.2,0.5,0.007,0.35,11,"conjunctive",0.35,3,"3","c3","Au=1",-0.0490717724438173,"Au","Au=1",1,FALSE,-0.0363532631475269,0.217103796958199
"539","1","10","1","0","0","0","0",0.1,0.7,0.2,0.5,0.007,0.35,11,"conjunctive",0.35,3,"3","c3","B",0.277206462054344,"B","B=0",1,TRUE,0.205359597980573,0.276466160224102
"540","1","10","1","0","0","0","0",0.1,0.7,0.2,0.5,0.007,0.35,11,"conjunctive",0.35,3,"3","c3","Bu=0",0.372105966205422,"Bu","Bu=0",1,TRUE,0.275662879789352,0.296602159080249
"541","1","11","1","0","1","0","0",0.1,0.7,0.2,0.5,0.007,0.35,12,"conjunctive",0.35,3,"3","c3","A",-0.240853944724146,"A","A=1",1,FALSE,-0.178428990774714,0.193725182784032
"542","1","11","1","0","1","0","0",0.1,0.7,0.2,0.5,0.007,0.35,12,"conjunctive",0.35,3,"3","c3","Au=1",-0.124717115050201,"Au","Au=1",1,FALSE,-0.0923927112600469,0.211130589726488
"543","1","11","1","0","1","0","0",0.1,0.7,0.2,0.5,0.007,0.35,12,"conjunctive",0.35,3,"3","c3","B",0.705178185592152,"B","B=0",1,TRUE,0.52240884871394,0.390441601726638
"544","1","11","1","0","1","0","0",0.1,0.7,0.2,0.5,0.007,0.35,12,"conjunctive",0.35,3,"3","c3","Bu=1",-0.166452766075383,"Bu","Bu=1",1,FALSE,-0.123311241991516,0.204702625762842
"545","1","00","0","1","0","0","0",0.1,0.3,0.8,0.5,0.012,0.15,13,"conjunctive",0.230769230769231,4,"3","c4","A",-0.0903079242473751,"A","A=1",1,FALSE,-0.0669017557543998,0.210351559465782
"546","1","00","0","1","0","0","0",0.1,0.3,0.8,0.5,0.012,0.15,13,"conjunctive",0.230769230769231,4,"3","c4","Au=0",0.28825914583863,"Au","Au=0",1,TRUE,0.213547627515406,0.278447520946903
"547","1","00","0","1","0","0","0",0.1,0.3,0.8,0.5,0.012,0.15,13,"conjunctive",0.230769230769231,4,"3","c4","B",-0.0374764378779432,"B","B=1",1,FALSE,-0.0277632280262268,0.218747643237582
"548","1","00","0","1","0","0","0",0.1,0.3,0.8,0.5,0.012,0.15,13,"conjunctive",0.230769230769231,4,"3","c4","Bu=0",0.354503882559039,"Bu","Bu=0",1,TRUE,0.262622935502148,0.292453276349733
"549","1","00","0","1","0","1","0",0.1,0.3,0.8,0.5,0.012,0.15,14,"conjunctive",0,5,"3","c5","A",0.0902511410899523,"A","A=1",1,TRUE,0.0668596897567531,0.290886265089719
"550","1","00","0","1","0","1","0",0.1,0.3,0.8,0.5,0.012,0.15,14,"conjunctive",0,5,"3","c5","Au=0",-0.287464671468767,"Au","Au=0",1,FALSE,-0.212959066426346,0.219886959308031
"551","1","00","0","1","0","1","0",0.1,0.3,0.8,0.5,0.012,0.15,14,"conjunctive",0,5,"3","c5","B",0.0373852594137267,"B","B=1",1,TRUE,0.0276956813586015,0.279714192492137
"552","1","00","0","1","0","1","0",0.1,0.3,0.8,0.5,0.012,0.15,14,"conjunctive",0,5,"3","c5","Bu=0",-0.352703067998398,"Bu","Bu=0",1,FALSE,-0.261288859263556,0.209512583110112
"553","1","01","0","1","1","0","0",0.1,0.3,0.8,0.5,0.012,0.15,15,"conjunctive",0.230769230769231,4,"3","c4","A",-0.227787353601969,"A","A=1",1,FALSE,-0.168749021989208,0.192937411629635
"554","1","01","0","1","1","0","0",0.1,0.3,0.8,0.5,0.012,0.15,15,"conjunctive",0.230769230769231,4,"3","c4","Au=0",0.724992829539554,"Au","Au=0",1,TRUE,0.537087897986497,0.390802674661348
"555","1","01","0","1","1","0","0",0.1,0.3,0.8,0.5,0.012,0.15,15,"conjunctive",0.230769230769231,4,"3","c4","B",-0.0944313068846696,"B","B=1",1,FALSE,-0.0699564327429502,0.212971516940295
"556","1","01","0","1","1","0","0",0.1,0.3,0.8,0.5,0.012,0.15,15,"conjunctive",0.230769230769231,4,"3","c4","Bu=1",-0.157244001829838,"Bu","Bu=1",1,FALSE,-0.116489221648453,0.203288396768721
"557","1","01","0","1","1","1","0",0.1,0.3,0.8,0.5,0.012,0.15,16,"conjunctive",0,5,"3","c5","A",0.227023444486983,"A","A=1",1,TRUE,0.168183104197882,0.298582866075008
"558","1","01","0","1","1","1","0",0.1,0.3,0.8,0.5,0.012,0.15,16,"conjunctive",0,5,"3","c5","Au=0",-0.72606609364337,"Au","Au=0",1,FALSE,-0.537882991590207,0.147375154442075
"559","1","01","0","1","1","1","0",0.1,0.3,0.8,0.5,0.012,0.15,16,"conjunctive",0,5,"3","c5","B",0.0943332672978874,"B","B=1",1,TRUE,0.0698838032307138,0.270628816617234
"560","1","01","0","1","1","1","0",0.1,0.3,0.8,0.5,0.012,0.15,16,"conjunctive",0,5,"3","c5","Bu=1",0.156639470767161,"Bu","Bu=1",1,TRUE,0.116041374022254,0.283413162865684
"561","1","10","1","1","0","0","0",0.1,0.7,0.8,0.5,0.028,0.35,17,"conjunctive",0.538461538461539,4,"3","c4","A",-0.194662769210818,"A","A=1",1,FALSE,-0.144209726319734,0.192549057067915
"562","1","10","1","1","0","0","0",0.1,0.7,0.8,0.5,0.028,0.35,17,"conjunctive",0.538461538461539,4,"3","c4","Au=1",-0.100976054019976,"Au","Au=1",1,FALSE,-0.0748049006705394,0.206387565850759
"563","1","10","1","1","0","0","0",0.1,0.7,0.8,0.5,0.028,0.35,17,"conjunctive",0.538461538461539,4,"3","c4","B",-0.0809255699826752,"B","B=1",1,FALSE,-0.0599511367622193,0.209476079266278
"564","1","10","1","1","0","0","0",0.1,0.7,0.8,0.5,0.028,0.35,17,"conjunctive",0.538461538461539,4,"3","c4","Bu=0",0.763544643227017,"Bu","Bu=0",1,TRUE,0.565647784006495,0.391587297815048
"565","1","10","1","1","0","1","0",0.1,0.7,0.8,0.5,0.028,0.35,18,"conjunctive",0,5,"3","c5","A",0.1946375490783,"A","A=1",1,TRUE,0.144191042786037,0.299099782901284
"566","1","10","1","1","0","1","0",0.1,0.7,0.8,0.5,0.028,0.35,18,"conjunctive",0,5,"3","c5","Au=1",0.100495932487316,"Au","Au=1",1,TRUE,0.0744492178910032,0.278950797968067
"567","1","10","1","1","0","1","0",0.1,0.7,0.8,0.5,0.028,0.35,18,"conjunctive",0,5,"3","c5","B",0.0811504060738033,"B","B=1",1,TRUE,0.0601176994351939,0.274981520284975
"568","1","10","1","1","0","1","0",0.1,0.7,0.8,0.5,0.028,0.35,18,"conjunctive",0,5,"3","c5","Bu=0",-0.764522245088152,"Bu","Bu=0",1,FALSE,-0.566372009277797,0.146967898845673
"569","1","11","1","1","1","0","1",0.1,0.7,0.8,0.5,0.028,0.35,19,"conjunctive",0,4,"3","c4","A",-0.647323230190902,"A","A=1",1,FALSE,-0.479548843595966,0.210718803035228
"570","1","11","1","1","1","0","1",0.1,0.7,0.8,0.5,0.028,0.35,19,"conjunctive",0,4,"3","c4","Au=1",-0.334447165431867,"Au","Au=1",1,FALSE,-0.24776455400728,0.26568432268657
"571","1","11","1","1","1","0","1",0.1,0.7,0.8,0.5,0.028,0.35,19,"conjunctive",0,4,"3","c4","B",-0.267909443201645,"B","B=1",1,FALSE,-0.198472197016473,0.279108670001976
"572","1","11","1","1","1","0","1",0.1,0.7,0.8,0.5,0.028,0.35,19,"conjunctive",0,4,"3","c4","Bu=1",-0.446676834475587,"Bu","Bu=1",1,FALSE,-0.330906337735947,0.244488204276226
"573","1","11","1","1","1","1","1",0.1,0.7,0.8,0.5,0.028,0.35,20,"conjunctive",1,5,"3","c5","A",0.646070794090474,"A","A=1",1,TRUE,0.478621016112529,0.292943582927927
"574","1","11","1","1","1","1","1",0.1,0.7,0.8,0.5,0.028,0.35,20,"conjunctive",1,5,"3","c5","Au=1",0.334589688655971,"Au","Au=1",1,TRUE,0.247870137808566,0.232578816304334
"575","1","11","1","1","1","1","1",0.1,0.7,0.8,0.5,0.028,0.35,20,"conjunctive",1,5,"3","c5","B",0.26946822447318,"B","B=1",1,TRUE,0.199626970584483,0.221624829530666
"576","1","11","1","1","1","1","1",0.1,0.7,0.8,0.5,0.028,0.35,20,"conjunctive",1,5,"3","c5","Bu=1",0.44740849183589,"Bu","Bu=1",1,TRUE,0.331448362839755,0.252852771237073
