"","pgroup","trialtype","node3","A","uAuB","Au","B","Bu","E.x","E.y","pA","peA","pB","peB","Pr","PrUn","index","structure","posterior","groupPost","node","cesm","node2","Actual","cesmActual","post","prior","ig","Act1","noSelect","full","noAct"
"1","1","c1","A=0","0","00","0","0","0","0","0",0.9,0.5,0.2,0.5,0.045,0.25,1,"conjunctive",0.25,1,"A",0.0691630118498526,"A",TRUE,0.0691630118498526,0,0,0,1,1,0.0172907529624631,0.0172907529624631
"2","1","c1","A=0","0","01","0","0","1","0","0",0.9,0.5,0.2,0.5,0.045,0.25,2,"conjunctive",0.25,1,"A",0.177780895310137,"A",TRUE,0.177780895310137,0,0,0,1,1,0.0444452238275343,0.0444452238275343
"3","1","c1","A=0","0","10","1","0","0","0","0",0.9,0.5,0.2,0.5,0.045,0.25,3,"conjunctive",0.25,1,"A",0.172473294108098,"A",TRUE,0.172473294108098,0,0,0,1,1,0.0431183235270246,0.0431183235270246
"4","1","c1","A=0","0","11","1","0","1","0","0",0.9,0.5,0.2,0.5,0.045,0.25,4,"conjunctive",0.25,1,"A",0.409615640016647,"A",TRUE,0.409615640016647,0,0,0,1,1,0.102403910004162,0.102403910004162
"5","1","c1","Au=0","0","00","0","0","0","0","0",0.9,0.5,0.2,0.5,0.045,0.25,1,"conjunctive",0.25,1,"Au=0",0.0290281767599624,"Au",TRUE,0.0290281767599624,0.5,0.5,0,0.5,0.5,0.0145140883799812,0.0145140883799812
"6","1","c1","Au=0","0","01","0","0","1","0","0",0.9,0.5,0.2,0.5,0.045,0.25,2,"conjunctive",0.25,1,"Au=0",0.0742408080467579,"Au",TRUE,0.0742408080467579,0.5,0.5,0,0.5,0.5,0.037120404023379,0.037120404023379
"7","1","c1","Au=1","0","10","1","0","0","0","0",0.9,0.5,0.2,0.5,0.045,0.25,3,"conjunctive",0.25,1,"Au=1",-0.0127193187268204,"Au",FALSE,0,0.5,0.5,0,0.5,0,0,-0.00635965936341021
"8","1","c1","Au=1","0","11","1","0","1","0","0",0.9,0.5,0.2,0.5,0.045,0.25,4,"conjunctive",0.25,1,"Au=1",-0.0301266573920124,"Au",FALSE,0,0.5,0.5,0,0.5,0,0,-0.0150633286960062
"9","1","c1","B=0","0","00","0","0","0","0","0",0.9,0.5,0.2,0.5,0.045,0.25,1,"conjunctive",0.25,1,"B",0.0216606861563693,"B",TRUE,0.0216606861563693,0,0,0,1,1,0.00541517153909232,0.00541517153909232
"10","1","c1","B=0","0","01","0","0","1","0","0",0.9,0.5,0.2,0.5,0.045,0.25,2,"conjunctive",0.25,1,"B",0.055510872908194,"B",TRUE,0.055510872908194,0,0,0,1,1,0.0138777182270485,0.0138777182270485
"11","1","c1","B=0","0","10","1","0","0","0","0",0.9,0.5,0.2,0.5,0.045,0.25,3,"conjunctive",0.25,1,"B",0.0538164825505848,"B",TRUE,0.0538164825505848,0,0,0,1,1,0.0134541206376462,0.0134541206376462
"12","1","c1","B=0","0","11","1","0","1","0","0",0.9,0.5,0.2,0.5,0.045,0.25,4,"conjunctive",0.25,1,"B",0.127854074251846,"B",TRUE,0.127854074251846,0,0,0,1,1,0.0319635185629616,0.0319635185629616
"13","1","c1","Bu=0","0","00","0","0","0","0","0",0.9,0.5,0.2,0.5,0.045,0.25,1,"conjunctive",0.25,1,"Bu=0",0.0289794077486227,"Bu",TRUE,0.0289794077486227,0.5,0.5,0,0.5,0.5,0.0144897038743114,0.0144897038743114
"14","1","c1","Bu=0","0","10","1","0","0","0","0",0.9,0.5,0.2,0.5,0.045,0.25,3,"conjunctive",0.25,1,"Bu=0",0.0721572937848205,"Bu",TRUE,0.0721572937848205,0.5,0.5,0,0.5,0.5,0.0360786468924102,0.0360786468924102
"15","1","c1","Bu=1","0","01","0","0","1","0","0",0.9,0.5,0.2,0.5,0.045,0.25,2,"conjunctive",0.25,1,"Bu=1",-0.0131154203929372,"Bu",FALSE,0,0.5,0.5,0,0.5,0,0,-0.00655771019646858
"16","1","c1","Bu=1","0","11","1","0","1","0","0",0.9,0.5,0.2,0.5,0.045,0.25,4,"conjunctive",0.25,1,"Bu=1",-0.0301295939761862,"Bu",FALSE,0,0.5,0.5,0,0.5,0,0,-0.0150647969880931
"17","1","c2","A=0","0","00","0","1","0","0","0",0.9,0.5,0.8,0.5,0.18,0.25,5,"conjunctive",0.25,2,"A",0.14466318914144,"A",TRUE,0.14466318914144,0,0,0,1,1,0.0361657972853599,0.0361657972853599
"18","1","c2","A=0","0","01","0","1","1","0","0",0.9,0.5,0.8,0.5,0.18,0.25,6,"conjunctive",0.25,2,"A",0.343599259204331,"A",TRUE,0.343599259204331,0,0,0,1,1,0.0858998148010827,0.0858998148010827
"19","1","c2","A=0","0","10","1","1","0","0","0",0.9,0.5,0.8,0.5,0.18,0.25,7,"conjunctive",0.25,2,"A",0.342686902140041,"A",TRUE,0.342686902140041,0,0,0,1,1,0.0856717255350103,0.0856717255350103
"20","1","c2","A=0","0","11","1","1","1","0","0",0.9,0.5,0.8,0.5,0.18,0.25,8,"conjunctive",0.25,2,"A",0.815837154147256,"A",TRUE,0.815837154147256,0,0,0,1,1,0.203959288536814,0.203959288536814
"21","1","c2","Au=0","0","00","0","1","0","0","0",0.9,0.5,0.8,0.5,0.18,0.25,5,"conjunctive",0.25,2,"Au=0",0.0606440366908821,"Au",TRUE,0.0606440366908821,0.5,0.5,0,0.5,0.5,0.030322018345441,0.030322018345441
"22","1","c2","Au=0","0","01","0","1","1","0","0",0.9,0.5,0.8,0.5,0.18,0.25,6,"conjunctive",0.25,2,"Au=0",0.144401203483118,"Au",TRUE,0.144401203483118,0.5,0.5,0,0.5,0.5,0.0722006017415591,0.0722006017415591
"23","1","c2","Au=1","0","10","1","1","0","0","0",0.9,0.5,0.8,0.5,0.18,0.25,7,"conjunctive",0.25,2,"Au=1",-0.0252882879335965,"Au",FALSE,0,0.5,0.5,0,0.5,0,0,-0.0126441439667983
"24","1","c2","Au=1","0","11","1","1","1","0","0",0.9,0.5,0.8,0.5,0.18,0.25,8,"conjunctive",0.25,2,"Au=1",-0.0605324469230962,"Au",FALSE,0,0.5,0.5,0,0.5,0,0,-0.0302662234615481
"25","1","c2","B=1","0","00","0","1","0","0","0",0.9,0.5,0.8,0.5,0.18,0.25,5,"conjunctive",0.25,2,"B",-0.00642403753734289,"B",FALSE,0,0,0,0,0,0,0,-0.00160600938433572
"26","1","c2","B=1","0","01","0","1","1","0","0",0.9,0.5,0.8,0.5,0.18,0.25,6,"conjunctive",0.25,2,"B",-0.0153047052586204,"B",FALSE,0,0,0,0,0,0,0,-0.00382617631465511
"27","1","c2","B=1","0","10","1","1","0","0","0",0.9,0.5,0.8,0.5,0.18,0.25,7,"conjunctive",0.25,2,"B",-0.0152385863388066,"B",FALSE,0,0,0,0,0,0,0,-0.00380964658470166
"28","1","c2","B=1","0","11","1","1","1","0","0",0.9,0.5,0.8,0.5,0.18,0.25,8,"conjunctive",0.25,2,"B",-0.0363918766644165,"B",FALSE,0,0,0,0,0,0,0,-0.00909796916610411
"29","1","c2","Bu=0","0","00","0","1","0","0","0",0.9,0.5,0.8,0.5,0.18,0.25,5,"conjunctive",0.25,2,"Bu=0",0.0608033093719919,"Bu",TRUE,0.0608033093719919,0.5,0.5,0,0.5,0.5,0.0304016546859959,0.0304016546859959
"30","1","c2","Bu=0","0","10","1","1","0","0","0",0.9,0.5,0.8,0.5,0.18,0.25,7,"conjunctive",0.25,2,"Bu=0",0.143791340833183,"Bu",TRUE,0.143791340833183,0.5,0.5,0,0.5,0.5,0.0718956704165913,0.0718956704165913
"31","1","c2","Bu=1","0","01","0","1","1","0","0",0.9,0.5,0.8,0.5,0.18,0.25,6,"conjunctive",0.25,2,"Bu=1",-0.0255161553381507,"Bu",FALSE,0,0.5,0.5,0,0.5,0,0,-0.0127580776690753
"32","1","c2","Bu=1","0","11","1","1","1","0","0",0.9,0.5,0.8,0.5,0.18,0.25,8,"conjunctive",0.25,2,"Bu=1",-0.0605400648535825,"Bu",FALSE,0,0.5,0.5,0,0.5,0,0,-0.0302700324267912
"33","1","c3","A=1","1","00","0","0","0","0","0",0.1,0.5,0.2,0.5,0.005,0.25,9,"conjunctive",0.25,3,"A",-0.0381870018660387,"A",FALSE,0,0,0,0,0,0,0,-0.00954675046650967
"34","1","c3","A=1","1","01","0","0","1","0","0",0.1,0.5,0.2,0.5,0.005,0.25,10,"conjunctive",0.25,3,"A",-0.091975023479138,"A",FALSE,0,0,0,0,0,0,0,-0.0229937558697845
"35","1","c3","A=1","1","10","1","0","0","0","0",0.1,0.5,0.2,0.5,0.005,0.25,11,"conjunctive",0.25,3,"A",-0.092240757200037,"A",FALSE,0,0,0,0,0,0,0,-0.0230601893000093
"36","1","c3","A=1","1","11","1","0","1","0","0",0.1,0.5,0.2,0.5,0.005,0.25,12,"conjunctive",0.25,3,"A",-0.231725224037501,"A",FALSE,0,0,0,0,0,0,0,-0.0579313060093752
"37","1","c3","Au=0","1","00","0","0","0","0","0",0.1,0.5,0.2,0.5,0.005,0.25,9,"conjunctive",0.25,3,"Au=0",0.149865996945695,"Au",TRUE,0.149865996945695,0.5,0.5,0,0.5,0.5,0.0749329984728477,0.0749329984728477
"38","1","c3","Au=0","1","01","0","0","1","0","0",0.1,0.5,0.2,0.5,0.005,0.25,10,"conjunctive",0.25,3,"Au=0",0.359754714237101,"Au",TRUE,0.359754714237101,0.5,0.5,0,0.5,0.5,0.179877357118551,0.179877357118551
"39","1","c3","Au=1","1","10","1","0","0","0","0",0.1,0.5,0.2,0.5,0.005,0.25,11,"conjunctive",0.25,3,"Au=1",-0.0635375972872484,"Au",FALSE,0,0.5,0.5,0,0.5,0,0,-0.0317687986436242
"40","1","c3","Au=1","1","11","1","0","1","0","0",0.1,0.5,0.2,0.5,0.005,0.25,12,"conjunctive",0.25,3,"Au=1",-0.160485303505183,"Au",FALSE,0,0.5,0.5,0,0.5,0,0,-0.0802426517525917
"41","1","c3","B=0","1","00","0","0","0","0","0",0.1,0.5,0.2,0.5,0.005,0.25,9,"conjunctive",0.25,3,"B",0.112036748287811,"B",TRUE,0.112036748287811,0,0,0,1,1,0.0280091870719528,0.0280091870719528
"42","1","c3","B=0","1","01","0","0","1","0","0",0.1,0.5,0.2,0.5,0.005,0.25,10,"conjunctive",0.25,3,"B",0.268825671835054,"B",TRUE,0.268825671835054,0,0,0,1,1,0.0672064179587636,0.0672064179587636
"43","1","c3","B=0","1","10","1","0","0","0","0",0.1,0.5,0.2,0.5,0.005,0.25,11,"conjunctive",0.25,3,"B",0.26959958642421,"B",TRUE,0.26959958642421,0,0,0,1,1,0.0673998966060525,0.0673998966060525
"44","1","c3","B=0","1","11","1","0","1","0","0",0.1,0.5,0.2,0.5,0.005,0.25,12,"conjunctive",0.25,3,"B",0.678454050315623,"B",TRUE,0.678454050315623,0,0,0,1,1,0.169613512578906,0.169613512578906
"45","1","c3","Bu=0","1","00","0","0","0","0","0",0.1,0.5,0.2,0.5,0.005,0.25,9,"conjunctive",0.25,3,"Bu=0",0.149593024163615,"Bu",TRUE,0.149593024163615,0.5,0.5,0,0.5,0.5,0.0747965120818076,0.0747965120818076
"46","1","c3","Bu=0","1","10","1","0","0","0","0",0.1,0.5,0.2,0.5,0.005,0.25,11,"conjunctive",0.25,3,"Bu=0",0.360837002006557,"Bu",TRUE,0.360837002006557,0.5,0.5,0,0.5,0.5,0.180418501003278,0.180418501003278
"47","1","c3","Bu=1","1","01","0","0","1","0","0",0.1,0.5,0.2,0.5,0.005,0.25,10,"conjunctive",0.25,3,"Bu=1",-0.0635822560259165,"Bu",FALSE,0,0.5,0.5,0,0.5,0,0,-0.0317911280129582
"48","1","c3","Bu=1","1","11","1","0","1","0","0",0.1,0.5,0.2,0.5,0.005,0.25,12,"conjunctive",0.25,3,"Bu=1",-0.160116486209126,"Bu",FALSE,0,0.5,0.5,0,0.5,0,0,-0.0800582431045628
"49","1","c4","A=1","1","00","0","1","0","0","0",0.1,0.5,0.8,0.5,0.02,0.25,13,"conjunctive",0.333333333333333,4,"A",-0.0766711677278618,"A",FALSE,0,0,0,0,0,0,0,-0.0255570559092873
"50","1","c4","A=1","1","10","1","1","0","0","0",0.1,0.5,0.8,0.5,0.02,0.25,17,"conjunctive",0.333333333333333,4,"A",-0.18755011931989,"A",FALSE,0,0,0,0,0,0,0,-0.0625167064399632
"51","1","c4","A=1","1","01","0","1","1","0","0",0.1,0.5,0.8,0.5,0.02,0.25,15,"conjunctive",0.333333333333333,4,"A",-0.18787396762471,"A",FALSE,0,0,0,0,0,0,0,-0.0626246558749033
"52","1","c4","A=1","1","11","1","1","1","0","1",0.1,0.5,0.8,0.5,0.02,0.25,19,"conjunctive",0,4,"A",-0.602226963250444,"A",FALSE,0,0,0,0,0,0,0,0
"53","1","c4","Au=0","1","00","0","1","0","0","0",0.1,0.5,0.8,0.5,0.02,0.25,13,"conjunctive",0.333333333333333,4,"Au=0",0.299363352763462,"Au",TRUE,0.299363352763462,0.666666666666667,0.5,0.11,0.666666666666667,0.666666666666667,0.199575568508975,0.199575568508975
"54","1","c4","Au=0","1","01","0","1","1","0","0",0.1,0.5,0.8,0.5,0.02,0.25,15,"conjunctive",0.333333333333333,4,"Au=0",0.735769429496297,"Au",TRUE,0.735769429496297,0.666666666666667,0.5,0.11,0.666666666666667,0.666666666666667,0.490512952997532,0.490512952997532
"55","1","c4","Au=1","1","11","1","1","1","0","1",0.1,0.5,0.8,0.5,0.02,0.25,19,"conjunctive",0,4,"Au=1",-0.416775202739952,"Au",FALSE,0,0.333333333333333,0.5,-0.028,0.333333333333333,0,0,-0.138925067579984
"56","1","c4","Au=1","1","10","1","1","0","0","0",0.1,0.5,0.8,0.5,0.02,0.25,17,"conjunctive",0.333333333333333,4,"Au=1",-0.129596840718844,"Au",FALSE,0,0.333333333333333,0.5,-0.028,0.333333333333333,0,0,-0.0431989469062812
"57","1","c4","B=1","1","00","0","1","0","0","0",0.1,0.5,0.8,0.5,0.02,0.25,13,"conjunctive",0.333333333333333,4,"B",-0.0318680632792916,"B",FALSE,0,0,0,0,0,0,0,-0.0106226877597639
"58","1","c4","B=1","1","01","0","1","1","0","0",0.1,0.5,0.8,0.5,0.02,0.25,15,"conjunctive",0.333333333333333,4,"B",-0.0780314000015248,"B",FALSE,0,0,0,0,0,0,0,-0.0260104666671749
"59","1","c4","B=1","1","10","1","1","0","0","0",0.1,0.5,0.8,0.5,0.02,0.25,17,"conjunctive",0.333333333333333,4,"B",-0.077900247864801,"B",FALSE,0,0,0,0,0,0,0,-0.025966749288267
"60","1","c4","B=1","1","11","1","1","1","0","1",0.1,0.5,0.8,0.5,0.02,0.25,19,"conjunctive",0,4,"B",-0.250667193630116,"B",FALSE,0,0,0,0,0,0,0,0
"61","1","c4","Bu=0","1","00","0","1","0","0","0",0.1,0.5,0.8,0.5,0.02,0.25,13,"conjunctive",0.333333333333333,4,"Bu=0",0.300062580938944,"Bu",TRUE,0.300062580938944,0.666666666666667,0.5,0.11,0.666666666666667,0.666666666666667,0.200041720625963,0.200041720625963
"62","1","c4","Bu=0","1","10","1","1","0","0","0",0.1,0.5,0.8,0.5,0.02,0.25,17,"conjunctive",0.333333333333333,4,"Bu=0",0.735568123627948,"Bu",TRUE,0.735568123627948,0.666666666666667,0.5,0.11,0.666666666666667,0.666666666666667,0.490378749085299,0.490378749085299
"63","1","c4","Bu=1","1","01","0","1","1","0","0",0.1,0.5,0.8,0.5,0.02,0.25,15,"conjunctive",0.333333333333333,4,"Bu=1",-0.130161372262152,"Bu",FALSE,0,0.333333333333333,0.5,-0.028,0.333333333333333,0,0,-0.0433871240873841
"64","1","c4","Bu=1","1","11","1","1","1","0","1",0.1,0.5,0.8,0.5,0.02,0.25,19,"conjunctive",0,4,"Bu=1",-0.417421087065125,"Bu",FALSE,0,0.333333333333333,0.5,-0.028,0.333333333333333,0,0,-0.139140362355042
"65","1","c5","A=1","1","10","1","1","0","1","0",0.1,0.5,0.8,0.5,0.02,0.25,18,"conjunctive",0,5,"A",0.188746109596678,"A",TRUE,0.188746109596678,0,0,0,1,1,0,0
"66","1","c5","A=1","1","00","0","1","0","1","0",0.1,0.5,0.8,0.5,0.02,0.25,14,"conjunctive",0,5,"A",0.0758711917202182,"A",TRUE,0.0758711917202182,0,0,0,1,1,0,0
"67","1","c5","A=1","1","11","1","1","1","1","1",0.1,0.5,0.8,0.5,0.02,0.25,20,"conjunctive",1,5,"A",0.602074907726985,"A",TRUE,0.602074907726985,0,0,0,1,1,0.602074907726985,0.602074907726985
"68","1","c5","A=1","1","01","0","1","1","1","0",0.1,0.5,0.8,0.5,0.02,0.25,16,"conjunctive",0,5,"A",0.188253569295369,"A",TRUE,0.188253569295369,0,0,0,1,1,0,0
"69","1","c5","Au=0","1","00","0","1","0","1","0",0.1,0.5,0.8,0.5,0.02,0.25,14,"conjunctive",0,5,"Au=0",-0.297043357332842,"Au",FALSE,0,0,0.5,0.5,0,0,0,0
"70","1","c5","Au=0","1","01","0","1","1","1","0",0.1,0.5,0.8,0.5,0.02,0.25,16,"conjunctive",0,5,"Au=0",-0.736949165521414,"Au",FALSE,0,0,0.5,0.5,0,0,0,0
"71","1","c5","Au=1","1","10","1","1","0","1","0",0.1,0.5,0.8,0.5,0.02,0.25,18,"conjunctive",0,5,"Au=1",0.130202016549453,"Au",TRUE,0.130202016549453,1,0.5,0.5,1,1,0.130202016549453,0.130202016549453
"72","1","c5","Au=1","1","11","1","1","1","1","1",0.1,0.5,0.8,0.5,0.02,0.25,20,"conjunctive",1,5,"Au=1",0.416229647199041,"Au",TRUE,0.416229647199041,1,0.5,0.5,1,1,0.416229647199041,0.416229647199041
"73","1","c5","B=1","1","11","1","1","1","1","1",0.1,0.5,0.8,0.5,0.02,0.25,20,"conjunctive",1,5,"B",0.251042929223674,"B",TRUE,0.251042929223674,0,0,0,1,1,0.251042929223674,0.251042929223674
"74","1","c5","B=1","1","00","0","1","0","1","0",0.1,0.5,0.8,0.5,0.02,0.25,14,"conjunctive",0,5,"B",0.0314905215830523,"B",TRUE,0.0314905215830523,0,0,0,1,1,0,0
"75","1","c5","B=1","1","01","0","1","1","1","0",0.1,0.5,0.8,0.5,0.02,0.25,16,"conjunctive",0,5,"B",0.0781915237519949,"B",TRUE,0.0781915237519949,0,0,0,1,1,0,0
"76","1","c5","B=1","1","10","1","1","0","1","0",0.1,0.5,0.8,0.5,0.02,0.25,18,"conjunctive",0,5,"B",0.0784256143257295,"B",TRUE,0.0784256143257295,0,0,0,1,1,0,0
"77","1","c5","Bu=0","1","00","0","1","0","1","0",0.1,0.5,0.8,0.5,0.02,0.25,14,"conjunctive",0,5,"Bu=0",-0.297101485332151,"Bu",FALSE,0,0,0.5,0.5,0,0,0,0
"78","1","c5","Bu=0","1","10","1","1","0","1","0",0.1,0.5,0.8,0.5,0.02,0.25,18,"conjunctive",0,5,"Bu=0",-0.736571984246927,"Bu",FALSE,0,0,0.5,0.5,0,0,0,0
"79","1","c5","Bu=1","1","01","0","1","1","1","0",0.1,0.5,0.8,0.5,0.02,0.25,16,"conjunctive",0,5,"Bu=1",0.129380156528315,"Bu",TRUE,0.129380156528315,1,0.5,0.5,1,1,0.129380156528315,0.129380156528315
"80","1","c5","Bu=1","1","11","1","1","1","1","1",0.1,0.5,0.8,0.5,0.02,0.25,20,"conjunctive",1,5,"Bu=1",0.417080830125649,"Bu",TRUE,0.417080830125649,1,0.5,0.5,1,1,0.417080830125649,0.417080830125649
"81","1","d1","A=0","0","00","0","0","0","0","0",0.9,0.5,0.2,0.5,0.045,0.25,1,"disjunctive",0.25,1,"A",0.125560625740942,"A",TRUE,0.125560625740942,0,0,0,1,1,0.0313901564352354,0.0313901564352354
"82","1","d1","A=0","0","01","0","0","1","0","0",0.9,0.5,0.2,0.5,0.045,0.25,2,"disjunctive",0.25,1,"A",0.0514015923343844,"A",TRUE,0.0514015923343844,0,0,0,1,1,0.0128503980835961,0.0128503980835961
"83","1","d1","A=0","0","10","1","0","0","0","0",0.9,0.5,0.2,0.5,0.045,0.25,3,"disjunctive",0.25,1,"A",0.585836734226141,"A",TRUE,0.585836734226141,0,0,0,1,1,0.146459183556535,0.146459183556535
"84","1","d1","A=0","0","11","1","0","1","0","0",0.9,0.5,0.2,0.5,0.045,0.25,4,"disjunctive",0.25,1,"A",0.277255619969956,"A",TRUE,0.277255619969956,0,0,0,1,1,0.0693139049924891,0.0693139049924891
"85","1","d1","Au=0","0","00","0","0","0","0","0",0.9,0.5,0.2,0.5,0.045,0.25,1,"disjunctive",0.25,1,"Au=0",0.0522092394914649,"Au",TRUE,0.0522092394914649,0.5,0.5,0,0.5,0.5,0.0261046197457325,0.0261046197457325
"86","1","d1","Au=0","0","01","0","0","1","0","0",0.9,0.5,0.2,0.5,0.045,0.25,2,"disjunctive",0.25,1,"Au=0",0.0210312345265695,"Au",TRUE,0.0210312345265695,0.5,0.5,0,0.5,0.5,0.0105156172632848,0.0105156172632848
"87","1","d1","Au=1","0","10","1","0","0","0","0",0.9,0.5,0.2,0.5,0.045,0.25,3,"disjunctive",0.25,1,"Au=1",-0.0420069330271872,"Au",FALSE,0,0.5,0.5,0,0.5,0,0,-0.0210034665135936
"88","1","d1","Au=1","0","11","1","0","1","0","0",0.9,0.5,0.2,0.5,0.045,0.25,4,"disjunctive",0.25,1,"Au=1",-0.0205827678314564,"Au",FALSE,0,0.5,0.5,0,0.5,0,0,-0.0102913839157282
"89","1","d1","B=0","0","00","0","0","0","0","0",0.9,0.5,0.2,0.5,0.045,0.25,1,"disjunctive",0.25,1,"B",0.325489996097285,"B",TRUE,0.325489996097285,0,0,0,1,1,0.0813724990243213,0.0813724990243213
"90","1","d1","B=0","0","01","0","0","1","0","0",0.9,0.5,0.2,0.5,0.045,0.25,2,"disjunctive",0.25,1,"B",0.891077486880123,"B",TRUE,0.891077486880123,0,0,0,1,1,0.222769371720031,0.222769371720031
"91","1","d1","B=0","0","10","1","0","0","0","0",0.9,0.5,0.2,0.5,0.045,0.25,3,"disjunctive",0.25,1,"B",0.26170471527877,"B",TRUE,0.26170471527877,0,0,0,1,1,0.0654261788196926,0.0654261788196926
"92","1","d1","B=0","0","11","1","0","1","0","0",0.9,0.5,0.2,0.5,0.045,0.25,4,"disjunctive",0.25,1,"B",0.848322234942127,"B",TRUE,0.848322234942127,0,0,0,1,1,0.212080558735532,0.212080558735532
"93","1","d1","Bu=0","0","00","0","0","0","0","0",0.9,0.5,0.2,0.5,0.045,0.25,1,"disjunctive",0.25,1,"Bu=0",0.434796928056041,"Bu",TRUE,0.434796928056041,0.5,0.5,0,0.5,0.5,0.21739846402802,0.21739846402802
"94","1","d1","Bu=0","0","10","1","0","0","0","0",0.9,0.5,0.2,0.5,0.045,0.25,3,"disjunctive",0.25,1,"Bu=0",0.349015474473335,"Bu",TRUE,0.349015474473335,0.5,0.5,0,0.5,0.5,0.174507737236668,0.174507737236668
"95","1","d1","Bu=1","0","01","0","0","1","0","0",0.9,0.5,0.2,0.5,0.045,0.25,2,"disjunctive",0.25,1,"Bu=1",-0.21071669070818,"Bu",FALSE,0,0.5,0.5,0,0.5,0,0,-0.10535834535409
"96","1","d1","Bu=1","0","11","1","0","1","0","0",0.9,0.5,0.2,0.5,0.045,0.25,4,"disjunctive",0.25,1,"Bu=1",-0.199759112505794,"Bu",FALSE,0,0.5,0.5,0,0.5,0,0,-0.0998795562528971
"97","1","d2","A=0","0","00","0","1","0","0","0",0.9,0.5,0.8,0.5,0.18,0.25,5,"disjunctive",0.5,2,"A",0.0634359718888258,"A",TRUE,0.0634359718888258,0,0,0,1,1,0.0317179859444129,0.0317179859444129
"98","1","d2","A=0","0","10","1","1","0","0","0",0.9,0.5,0.8,0.5,0.18,0.25,9,"disjunctive",0.5,2,"A",0.336217882326205,"A",TRUE,0.336217882326205,0,0,0,1,1,0.168108941163102,0.168108941163102
"99","1","d2","A=0","0","01","0","1","1","0","1",0.9,0.5,0.8,0.5,0.18,0.25,7,"disjunctive",0,2,"A",0.0126385464941144,"A",TRUE,0.0126385464941144,0,0,0,1,1,0,0
"100","1","d2","A=0","0","11","1","1","1","0","1",0.9,0.5,0.8,0.5,0.18,0.25,11,"disjunctive",0,2,"A",0.0743878741677015,"A",TRUE,0.0743878741677015,0,0,0,1,1,0,0
"101","1","d2","Au=0","0","00","0","1","0","0","0",0.9,0.5,0.8,0.5,0.18,0.25,5,"disjunctive",0.5,2,"Au=0",0.027341590620048,"Au",TRUE,0.027341590620048,0.5,0.5,0,0.5,0.5,0.013670795310024,0.013670795310024
"102","1","d2","Au=0","0","01","0","1","1","0","1",0.9,0.5,0.8,0.5,0.18,0.25,7,"disjunctive",0,2,"Au=0",0.00655684044490218,"Au",TRUE,0.00655684044490218,0.5,0.5,0,0.5,0.5,0.00327842022245109,0.00327842022245109
"103","1","d2","Au=1","0","11","1","1","1","0","1",0.9,0.5,0.8,0.5,0.18,0.25,11,"disjunctive",0,2,"Au=1",-0.00498576858879627,"Au",FALSE,0,0.5,0.5,0,0.5,0,0,-0.00249288429439813
"104","1","d2","Au=1","0","10","1","1","0","0","0",0.9,0.5,0.8,0.5,0.18,0.25,9,"disjunctive",0.5,2,"Au=1",-0.0262686411111888,"Au",FALSE,0,0.5,0.5,0,0.5,0,0,-0.0131343205555944
"105","1","d2","B=1","0","00","0","1","0","0","0",0.9,0.5,0.8,0.5,0.18,0.25,5,"disjunctive",0.5,2,"B",-0.100355365026207,"B",FALSE,0,0,0,0,0,0,0,-0.0501776825131036
"106","1","d2","B=1","0","01","0","1","1","0","1",0.9,0.5,0.8,0.5,0.18,0.25,7,"disjunctive",0,2,"B",-0.502840724089759,"B",FALSE,0,0,0,0,0,0,0,0
"107","1","d2","B=1","0","10","1","1","0","0","0",0.9,0.5,0.8,0.5,0.18,0.25,9,"disjunctive",0.5,2,"B",-0.093614735328838,"B",FALSE,0,0,0,0,0,0,0,-0.046807367664419
"108","1","d2","B=1","0","11","1","1","1","0","1",0.9,0.5,0.8,0.5,0.18,0.25,11,"disjunctive",0,2,"B",-0.494655413001773,"B",FALSE,0,0,0,0,0,0,0,0
"109","1","d2","Bu=0","0","00","0","1","0","0","0",0.9,0.5,0.8,0.5,0.18,0.25,5,"disjunctive",0.5,2,"Bu=0",0.949608672149709,"Bu",TRUE,0.949608672149709,1,0.5,0.5,1,1,0.949608672149709,0.949608672149709
"110","1","d2","Bu=0","0","10","1","1","0","0","0",0.9,0.5,0.8,0.5,0.18,0.25,9,"disjunctive",0.5,2,"Bu=0",0.886378845775473,"Bu",TRUE,0.886378845775473,1,0.5,0.5,1,1,0.886378845775473,0.886378845775473
"111","1","d2","Bu=1","0","01","0","1","1","0","1",0.9,0.5,0.8,0.5,0.18,0.25,7,"disjunctive",0,2,"Bu=1",-0.83520691816524,"Bu",FALSE,0,0,0.5,0.5,0,0,0,0
"112","1","d2","Bu=1","0","11","1","1","1","0","1",0.9,0.5,0.8,0.5,0.18,0.25,11,"disjunctive",0,2,"Bu=1",-0.825089515269173,"Bu",FALSE,0,0,0.5,0.5,0,0,0,0
"113","1","d3","A=0","0","10","1","1","0","1","0",0.9,0.5,0.8,0.5,0.18,0.25,10,"disjunctive",0,3,"A",-0.336853040432788,"A",FALSE,0,0,0,0,0,0,0,0
"114","1","d3","A=0","0","00","0","1","0","1","0",0.9,0.5,0.8,0.5,0.18,0.25,6,"disjunctive",0,3,"A",-0.0593510612463115,"A",FALSE,0,0,0,0,0,0,0,0
"115","1","d3","A=0","0","11","1","1","1","1","1",0.9,0.5,0.8,0.5,0.18,0.25,12,"disjunctive",0.5,3,"A",-0.0733514980243343,"A",FALSE,0,0,0,0,0,0,0,-0.0366757490121671
"116","1","d3","A=0","0","01","0","1","1","1","1",0.9,0.5,0.8,0.5,0.18,0.25,8,"disjunctive",0.5,3,"A",-0.0138478442310303,"A",FALSE,0,0,0,0,0,0,0,-0.00692392211551517
"117","1","d3","Au=0","0","00","0","1","0","1","0",0.9,0.5,0.8,0.5,0.18,0.25,6,"disjunctive",0,3,"Au=0",-0.0241590957114912,"Au",FALSE,0,0.5,0.5,0,0.5,0,0,-0.0120795478557456
"118","1","d3","Au=0","0","01","0","1","1","1","1",0.9,0.5,0.8,0.5,0.18,0.25,8,"disjunctive",0.5,3,"Au=0",-0.00498710937387446,"Au",FALSE,0,0.5,0.5,0,0.5,0,0,-0.00249355468693723
"119","1","d3","Au=1","0","10","1","1","0","1","0",0.9,0.5,0.8,0.5,0.18,0.25,10,"disjunctive",0,3,"Au=1",0.0250244072378201,"Au",FALSE,0,0.5,0.5,0,0.5,0,0,0.01251220361891
"120","1","d3","Au=1","0","11","1","1","1","1","1",0.9,0.5,0.8,0.5,0.18,0.25,12,"disjunctive",0.5,3,"Au=1",0.00471125548345684,"Au",FALSE,0,0.5,0.5,0,0.5,0,0,0.00235562774172842
"121","1","d3","B=1","0","11","1","1","1","1","1",0.9,0.5,0.8,0.5,0.18,0.25,12,"disjunctive",0.5,3,"B",0.494470280257981,"B",TRUE,0.494470280257981,0,0,0,1,1,0.247235140128991,0.247235140128991
"122","1","d3","B=1","0","00","0","1","0","1","0",0.9,0.5,0.8,0.5,0.18,0.25,6,"disjunctive",0,3,"B",0.101124766776097,"B",TRUE,0.101124766776097,0,0,0,1,1,0,0
"123","1","d3","B=1","0","01","0","1","1","1","1",0.9,0.5,0.8,0.5,0.18,0.25,8,"disjunctive",0.5,3,"B",0.504287116395641,"B",TRUE,0.504287116395641,0,0,0,1,1,0.252143558197821,0.252143558197821
"124","1","d3","B=1","0","10","1","1","0","1","0",0.9,0.5,0.8,0.5,0.18,0.25,10,"disjunctive",0,3,"B",0.0937822464687759,"B",TRUE,0.0937822464687759,0,0,0,1,1,0,0
"125","1","d3","Bu=0","0","00","0","1","0","1","0",0.9,0.5,0.8,0.5,0.18,0.25,6,"disjunctive",0,3,"Bu=0",-0.949484037713988,"Bu",FALSE,0,0,0.5,0.5,0,0,0,0
"126","1","d3","Bu=0","0","10","1","1","0","1","0",0.9,0.5,0.8,0.5,0.18,0.25,10,"disjunctive",0,3,"Bu=0",-0.886278014489594,"Bu",FALSE,0,0,0.5,0.5,0,0,0,0
"127","1","d3","Bu=1","0","01","0","1","1","1","1",0.9,0.5,0.8,0.5,0.18,0.25,8,"disjunctive",0.5,3,"Bu=1",0.834443606041303,"Bu",TRUE,0.834443606041303,1,0.5,0.5,1,1,0.834443606041303,0.834443606041303
"128","1","d3","Bu=1","0","11","1","1","1","1","1",0.9,0.5,0.8,0.5,0.18,0.25,12,"disjunctive",0.5,3,"Bu=1",0.82519317628416,"Bu",TRUE,0.82519317628416,1,0.5,0.5,1,1,0.82519317628416,0.82519317628416
"129","1","d4","A=1","1","00","0","0","0","0","0",0.1,0.5,0.2,0.5,0.005,0.25,13,"disjunctive",0.5,4,"A",-0.185290938837516,"A",FALSE,0,0,0,0,0,0,0,-0.0926454694187582
"130","1","d4","A=1","1","10","1","0","0","0","1",0.1,0.5,0.2,0.5,0.005,0.25,17,"disjunctive",0,4,"A",-0.755728234267497,"A",FALSE,0,0,0,0,0,0,0,0
"131","1","d4","A=1","1","01","0","0","1","0","0",0.1,0.5,0.2,0.5,0.005,0.25,15,"disjunctive",0.5,4,"A",-0.117753078876938,"A",FALSE,0,0,0,0,0,0,0,-0.0588765394384692
"132","1","d4","A=1","1","11","1","0","1","0","1",0.1,0.5,0.2,0.5,0.005,0.25,19,"disjunctive",0,4,"A",-0.654874393483219,"A",FALSE,0,0,0,0,0,0,0,0
"133","1","d4","Au=0","1","00","0","0","0","0","0",0.1,0.5,0.2,0.5,0.005,0.25,13,"disjunctive",0.5,4,"Au=0",0.7202288295543,"Au",TRUE,0.7202288295543,1,0.5,0.5,1,1,0.7202288295543,0.7202288295543
"134","1","d4","Au=0","1","01","0","0","1","0","0",0.1,0.5,0.2,0.5,0.005,0.25,15,"disjunctive",0.5,4,"Au=0",0.458994989590159,"Au",TRUE,0.458994989590159,1,0.5,0.5,1,1,0.458994989590159,0.458994989590159
"135","1","d4","Au=1","1","11","1","0","1","0","1",0.1,0.5,0.2,0.5,0.005,0.25,19,"disjunctive",0,4,"Au=1",-0.452290051447733,"Au",FALSE,0,0,0.5,0.5,0,0,0,0
"136","1","d4","Au=1","1","10","1","0","0","0","1",0.1,0.5,0.2,0.5,0.005,0.25,17,"disjunctive",0,4,"Au=1",-0.522409579938592,"Au",FALSE,0,0,0.5,0.5,0,0,0,0
"137","1","d4","B=0","1","00","0","0","0","0","0",0.1,0.5,0.2,0.5,0.005,0.25,13,"disjunctive",0.5,4,"B",0.162957337577656,"B",TRUE,0.162957337577656,0,0,0,1,1,0.0814786687888278,0.0814786687888278
"138","1","d4","B=0","1","01","0","0","1","0","0",0.1,0.5,0.2,0.5,0.005,0.25,15,"disjunctive",0.5,4,"B",0.710723461078484,"B",TRUE,0.710723461078484,0,0,0,1,1,0.355361730539242,0.355361730539242
"139","1","d4","B=0","1","10","1","0","0","0","1",0.1,0.5,0.2,0.5,0.005,0.25,17,"disjunctive",0,4,"B",0.0523493791241952,"B",TRUE,0.0523493791241952,0,0,0,1,1,0,0
"140","1","d4","B=0","1","11","1","0","1","0","1",0.1,0.5,0.2,0.5,0.005,0.25,19,"disjunctive",0,4,"B",0.300380662831539,"B",TRUE,0.300380662831539,0,0,0,1,1,0,0
"141","1","d4","Bu=0","1","00","0","0","0","0","0",0.1,0.5,0.2,0.5,0.005,0.25,13,"disjunctive",0.5,4,"Bu=0",0.218531802295733,"Bu",TRUE,0.218531802295733,0.5,0.5,0,0.5,0.5,0.109265901147866,0.109265901147866
"142","1","d4","Bu=0","1","10","1","0","0","0","1",0.1,0.5,0.2,0.5,0.005,0.25,17,"disjunctive",0,4,"Bu=0",0.0665838030641407,"Bu",TRUE,0.0665838030641407,0.5,0.5,0,0.5,0.5,0.0332919015320703,0.0332919015320703
"143","1","d4","Bu=1","1","01","0","0","1","0","0",0.1,0.5,0.2,0.5,0.005,0.25,15,"disjunctive",0.5,4,"Bu=1",-0.166235380380983,"Bu",FALSE,0,0.5,0.5,0,0.5,0,0,-0.0831176901904917
"144","1","d4","Bu=1","1","11","1","0","1","0","1",0.1,0.5,0.2,0.5,0.005,0.25,19,"disjunctive",0,4,"Bu=1",-0.0718257371718888,"Bu",FALSE,0,0.5,0.5,0,0.5,0,0,-0.0359128685859444
"145","1","d5","A=1","1","10","1","0","0","1","1",0.1,0.5,0.2,0.5,0.005,0.25,18,"disjunctive",0.5,5,"A",0.754565556984801,"A",TRUE,0.754565556984801,0,0,0,1,1,0.377282778492401,0.377282778492401
"146","1","d5","A=1","1","00","0","0","0","1","0",0.1,0.5,0.2,0.5,0.005,0.25,14,"disjunctive",0,5,"A",0.184814614379104,"A",TRUE,0.184814614379104,0,0,0,1,1,0,0
"147","1","d5","A=1","1","11","1","0","1","1","1",0.1,0.5,0.2,0.5,0.005,0.25,20,"disjunctive",0.5,5,"A",0.654507449154734,"A",TRUE,0.654507449154734,0,0,0,1,1,0.327253724577367,0.327253724577367
"148","1","d5","A=1","1","01","0","0","1","1","0",0.1,0.5,0.2,0.5,0.005,0.25,16,"disjunctive",0,5,"A",0.116387038447897,"A",TRUE,0.116387038447897,0,0,0,1,1,0,0
"149","1","d5","Au=0","1","00","0","0","0","1","0",0.1,0.5,0.2,0.5,0.005,0.25,14,"disjunctive",0,5,"Au=0",-0.720463897632459,"Au",FALSE,0,0,0.5,0.5,0,0,0,0
"150","1","d5","Au=0","1","01","0","0","1","1","0",0.1,0.5,0.2,0.5,0.005,0.25,16,"disjunctive",0,5,"Au=0",-0.455003610228553,"Au",FALSE,0,0,0.5,0.5,0,0,0,0
"151","1","d5","Au=1","1","10","1","0","0","1","1",0.1,0.5,0.2,0.5,0.005,0.25,18,"disjunctive",0.5,5,"Au=1",0.521615351299232,"Au",TRUE,0.521615351299232,1,0.5,0.5,1,1,0.521615351299232,0.521615351299232
"152","1","d5","Au=1","1","11","1","0","1","1","1",0.1,0.5,0.2,0.5,0.005,0.25,20,"disjunctive",0.5,5,"Au=1",0.451242518432209,"Au",TRUE,0.451242518432209,1,0.5,0.5,1,1,0.451242518432209,0.451242518432209
"153","1","d5","B=0","1","11","1","0","1","1","1",0.1,0.5,0.2,0.5,0.005,0.25,20,"disjunctive",0.5,5,"B",-0.300990252296827,"B",FALSE,0,0,0,0,0,0,0,-0.150495126148414
"154","1","d5","B=0","1","00","0","0","0","1","0",0.1,0.5,0.2,0.5,0.005,0.25,14,"disjunctive",0,5,"B",-0.164500135543697,"B",FALSE,0,0,0,0,0,0,0,0
"155","1","d5","B=0","1","01","0","0","1","1","0",0.1,0.5,0.2,0.5,0.005,0.25,16,"disjunctive",0,5,"B",-0.712900313200885,"B",FALSE,0,0,0,0,0,0,0,0
"156","1","d5","B=0","1","10","1","0","0","1","1",0.1,0.5,0.2,0.5,0.005,0.25,18,"disjunctive",0.5,5,"B",-0.0518093248472086,"B",FALSE,0,0,0,0,0,0,0,-0.0259046624236043
"157","1","d5","Bu=0","1","00","0","0","0","1","0",0.1,0.5,0.2,0.5,0.005,0.25,14,"disjunctive",0,5,"Bu=0",-0.218893605130987,"Bu",FALSE,0,0.5,0.5,0,0.5,0,0,-0.109446802565493
"158","1","d5","Bu=0","1","10","1","0","0","1","1",0.1,0.5,0.2,0.5,0.005,0.25,18,"disjunctive",0.5,5,"Bu=0",-0.0686643975558355,"Bu",FALSE,0,0.5,0.5,0,0.5,0,0,-0.0343321987779178
"159","1","d5","Bu=1","1","01","0","0","1","1","0",0.1,0.5,0.2,0.5,0.005,0.25,16,"disjunctive",0,5,"Bu=1",0.168321074228117,"Bu",FALSE,0,0.5,0.5,0,0.5,0,0,0.0841605371140587
"160","1","d5","Bu=1","1","11","1","0","1","1","1",0.1,0.5,0.2,0.5,0.005,0.25,20,"disjunctive",0.5,5,"Bu=1",0.0705851904726336,"Bu",FALSE,0,0.5,0.5,0,0.5,0,0,0.0352925952363168
"161","1","d6","A=1","1","00","0","1","0","0","0",0.1,0.5,0.8,0.5,0.02,0.25,21,"disjunctive",1,6,"A",-0.133858999830891,"A",FALSE,0,0,0,0,0,0,0,-0.133858999830891
"162","1","d6","A=1","1","10","1","1","0","0","1",0.1,0.5,0.8,0.5,0.02,0.25,25,"disjunctive",0,6,"A",-0.691549525329079,"A",FALSE,0,0,0,0,0,0,0,0
"163","1","d6","A=1","1","01","0","1","1","0","1",0.1,0.5,0.8,0.5,0.02,0.25,23,"disjunctive",0,6,"A",-0.0345013291935347,"A",FALSE,0,0,0,0,0,0,0,0
"164","1","d6","A=1","1","11","1","1","1","0","1",0.1,0.5,0.8,0.5,0.02,0.25,27,"disjunctive",0,6,"A",-0.285065939895786,"A",FALSE,0,0,0,0,0,0,0,0
"165","1","d6","Au=0","1","00","0","1","0","0","0",0.1,0.5,0.8,0.5,0.02,0.25,21,"disjunctive",1,6,"Au=0",0.528596101343894,"Au",TRUE,0.528596101343894,1,0.5,0.5,1,1,0.528596101343894,0.528596101343894
"166","1","d6","Au=0","1","01","0","1","1","0","1",0.1,0.5,0.8,0.5,0.02,0.25,23,"disjunctive",0,6,"Au=0",0.136711495032189,"Au",TRUE,0.136711495032189,1,0.5,0.5,1,1,0.136711495032189,0.136711495032189
"167","1","d6","Au=1","1","11","1","1","1","0","1",0.1,0.5,0.8,0.5,0.02,0.25,27,"disjunctive",0,6,"Au=1",-0.198222023391939,"Au",FALSE,0,0,0.5,0.5,0,0,0,0
"168","1","d6","Au=1","1","10","1","1","0","0","1",0.1,0.5,0.8,0.5,0.02,0.25,25,"disjunctive",0,6,"Au=1",-0.476578386468621,"Au",FALSE,0,0,0.5,0.5,0,0,0,0
"169","1","d6","B=1","1","00","0","1","0","0","0",0.1,0.5,0.8,0.5,0.02,0.25,21,"disjunctive",1,6,"B",-0.0751147349458994,"B",FALSE,0,0,0,0,0,0,0,-0.0751147349458994
"170","1","d6","B=1","1","01","0","1","1","0","1",0.1,0.5,0.8,0.5,0.02,0.25,23,"disjunctive",0,6,"B",-0.469753252056487,"B",FALSE,0,0,0,0,0,0,0,0
"171","1","d6","B=1","1","10","1","1","0","0","1",0.1,0.5,0.8,0.5,0.02,0.25,25,"disjunctive",0,6,"B",-0.0299343926807807,"B",FALSE,0,0,0,0,0,0,0,0
"172","1","d6","B=1","1","11","1","1","1","0","1",0.1,0.5,0.8,0.5,0.02,0.25,27,"disjunctive",0,6,"B",-0.287906208515671,"B",FALSE,0,0,0,0,0,0,0,0
"173","1","d6","Bu=0","1","00","0","1","0","0","0",0.1,0.5,0.8,0.5,0.02,0.25,21,"disjunctive",1,6,"Bu=0",0.704970939378135,"Bu",TRUE,0.704970939378135,1,0.5,0.5,1,1,0.704970939378135,0.704970939378135
"174","1","d6","Bu=0","1","10","1","1","0","0","1",0.1,0.5,0.8,0.5,0.02,0.25,25,"disjunctive",0,6,"Bu=0",0.272478789959427,"Bu",TRUE,0.272478789959427,1,0.5,0.5,1,1,0.272478789959427,0.272478789959427
"175","1","d6","Bu=1","1","01","0","1","1","0","1",0.1,0.5,0.8,0.5,0.02,0.25,23,"disjunctive",0,6,"Bu=1",-0.779768987813569,"Bu",FALSE,0,0,0.5,0.5,0,0,0,0
"176","1","d6","Bu=1","1","11","1","1","1","0","1",0.1,0.5,0.8,0.5,0.02,0.25,27,"disjunctive",0,6,"Bu=1",-0.479805366873055,"Bu",FALSE,0,0,0.5,0.5,0,0,0,0
"177","1","d7","A=1","1","10","1","1","0","1","1",0.1,0.5,0.8,0.5,0.02,0.25,26,"disjunctive",0.333333333333333,7,"A",0.691565096045171,"A",TRUE,0.691565096045171,0,0,0,1,1,0.230521698681724,0.230521698681724
"178","1","d7","A=1","1","00","0","1","0","1","0",0.1,0.5,0.8,0.5,0.02,0.25,22,"disjunctive",0,7,"A",0.135342725981068,"A",TRUE,0.135342725981068,0,0,0,1,1,0,0
"179","1","d7","A=1","1","11","1","1","1","1","1",0.1,0.5,0.8,0.5,0.02,0.25,28,"disjunctive",0.333333333333333,7,"A",0.285376502214326,"A",TRUE,0.285376502214326,0,0,0,1,1,0.0951255007381087,0.0951255007381087
"180","1","d7","A=1","1","01","0","1","1","1","1",0.1,0.5,0.8,0.5,0.02,0.25,24,"disjunctive",0.333333333333333,7,"A",0.033985956902214,"A",TRUE,0.033985956902214,0,0,0,1,1,0.011328652300738,0.011328652300738
"181","1","d7","Au=0","1","00","0","1","0","1","0",0.1,0.5,0.8,0.5,0.02,0.25,22,"disjunctive",0,7,"Au=0",-0.52849356432349,"Au",FALSE,0,0.333333333333333,0.5,-0.028,0.333333333333333,0,0,-0.176164521441163
"182","1","d7","Au=0","1","01","0","1","1","1","1",0.1,0.5,0.8,0.5,0.02,0.25,24,"disjunctive",0.333333333333333,7,"Au=0",-0.136346038532426,"Au",FALSE,0,0.333333333333333,0.5,-0.028,0.333333333333333,0,0,-0.0454486795108088
"183","1","d7","Au=1","1","10","1","1","0","1","1",0.1,0.5,0.8,0.5,0.02,0.25,26,"disjunctive",0.333333333333333,7,"Au=1",0.477065390376797,"Au",TRUE,0.477065390376797,0.666666666666667,0.5,0.11,0.666666666666667,0.666666666666667,0.318043593584531,0.318043593584531
"184","1","d7","Au=1","1","11","1","1","1","1","1",0.1,0.5,0.8,0.5,0.02,0.25,28,"disjunctive",0.333333333333333,7,"Au=1",0.198357628552606,"Au",TRUE,0.198357628552606,0.666666666666667,0.5,0.11,0.666666666666667,0.666666666666667,0.13223841903507,0.13223841903507
"185","1","d7","B=1","1","11","1","1","1","1","1",0.1,0.5,0.8,0.5,0.02,0.25,28,"disjunctive",0.333333333333333,7,"B",0.287829415689019,"B",TRUE,0.287829415689019,0,0,0,1,1,0.0959431385630063,0.0959431385630063
"186","1","d7","B=1","1","00","0","1","0","1","0",0.1,0.5,0.8,0.5,0.02,0.25,22,"disjunctive",0,7,"B",0.0747876321541773,"B",TRUE,0.0747876321541773,0,0,0,1,1,0,0
"187","1","d7","B=1","1","01","0","1","1","1","1",0.1,0.5,0.8,0.5,0.02,0.25,24,"disjunctive",0.333333333333333,7,"B",0.470295342870476,"B",TRUE,0.470295342870476,0,0,0,1,1,0.156765114290159,0.156765114290159
"188","1","d7","B=1","1","10","1","1","0","1","1",0.1,0.5,0.8,0.5,0.02,0.25,26,"disjunctive",0.333333333333333,7,"B",0.0293976783978591,"B",TRUE,0.0293976783978591,0,0,0,1,1,0.0097992261326197,0.0097992261326197
"189","1","d7","Bu=0","1","00","0","1","0","1","0",0.1,0.5,0.8,0.5,0.02,0.25,22,"disjunctive",0,7,"Bu=0",-0.705021185047079,"Bu",FALSE,0,0.333333333333333,0.5,-0.028,0.333333333333333,0,0,-0.23500706168236
"190","1","d7","Bu=0","1","10","1","1","0","1","1",0.1,0.5,0.8,0.5,0.02,0.25,26,"disjunctive",0.333333333333333,7,"Bu=0",-0.270963429317039,"Bu",FALSE,0,0.333333333333333,0.5,-0.028,0.333333333333333,0,0,-0.0903211431056798
"191","1","d7","Bu=1","1","01","0","1","1","1","1",0.1,0.5,0.8,0.5,0.02,0.25,24,"disjunctive",0.333333333333333,7,"Bu=1",0.778176719914435,"Bu",TRUE,0.778176719914435,0.666666666666667,0.5,0.11,0.666666666666667,0.666666666666667,0.518784479942957,0.518784479942957
"192","1","d7","Bu=1","1","11","1","1","1","1","1",0.1,0.5,0.8,0.5,0.02,0.25,28,"disjunctive",0.333333333333333,7,"Bu=1",0.480057890714172,"Bu",TRUE,0.480057890714172,0.666666666666667,0.5,0.11,0.666666666666667,0.666666666666667,0.320038593809448,0.320038593809448
"193","2","c1","A=0","0","00","0","0","0","0","0",0.5,0.9,0.5,0.2,0.045,0.18,1,"conjunctive",0.18,1,"A",0.0296613208821836,"A",TRUE,0.0296613208821836,0,0,0,1,1,0.00533903775879304,0.00533903775879304
"194","2","c1","A=0","0","01","0","0","1","0","0",0.5,0.9,0.5,0.8,0.18,0.72,2,"conjunctive",0.72,1,"A",0.0604316621319997,"A",TRUE,0.0604316621319997,0,0,0,1,1,0.0435107967350398,0.0435107967350398
"195","2","c1","A=0","0","10","1","0","0","0","0",0.5,0.1,0.5,0.2,0.005,0.02,3,"conjunctive",0.02,1,"A",0.1489785880952,"A",TRUE,0.1489785880952,0,0,0,1,1,0.00297957176190399,0.00297957176190399
"196","2","c1","A=0","0","11","1","0","1","0","0",0.5,0.1,0.5,0.8,0.02,0.08,4,"conjunctive",0.08,1,"A",0.298771002021417,"A",TRUE,0.298771002021417,0,0,0,1,1,0.0239016801617133,0.0239016801617133
"197","2","c1","Au=0","0","00","0","0","0","0","0",0.5,0.9,0.5,0.2,0.045,0.18,1,"conjunctive",0.18,1,"Au=0",0.0708527553636911,"Au",TRUE,0.0708527553636911,0.9,0.9,0,0.9,0.9,0.063767479827322,0.063767479827322
"198","2","c1","Au=0","0","01","0","0","1","0","0",0.5,0.9,0.5,0.8,0.18,0.72,2,"conjunctive",0.72,1,"Au=0",0.144750912941797,"Au",TRUE,0.144750912941797,0.9,0.9,0,0.9,0.9,0.130275821647618,0.130275821647618
"199","2","c1","Au=1","0","10","1","0","0","0","0",0.5,0.1,0.5,0.2,0.005,0.02,3,"conjunctive",0.02,1,"Au=1",-0.0380942174963504,"Au",FALSE,0,0.1,0.1,0,0.1,0,0,-0.00380942174963504
"200","2","c1","Au=1","0","11","1","0","1","0","0",0.5,0.1,0.5,0.8,0.02,0.08,4,"conjunctive",0.08,1,"Au=1",-0.076243998969222,"Au",FALSE,0,0.1,0.1,0,0.1,0,0,-0.0076243998969222
"201","2","c1","B=0","0","00","0","0","0","0","0",0.5,0.9,0.5,0.2,0.045,0.18,1,"conjunctive",0.18,1,"B",0.0296573898413086,"B",TRUE,0.0296573898413086,0,0,0,1,1,0.00533833017143555,0.00533833017143555
"202","2","c1","B=0","0","01","0","0","1","0","0",0.5,0.9,0.5,0.8,0.18,0.72,2,"conjunctive",0.72,1,"B",0.0603711343369564,"B",TRUE,0.0603711343369564,0,0,0,1,1,0.0434672167226086,0.0434672167226086
"203","2","c1","B=0","0","10","1","0","0","0","0",0.5,0.1,0.5,0.2,0.005,0.02,3,"conjunctive",0.02,1,"B",0.1492980086469,"B",TRUE,0.1492980086469,0,0,0,1,1,0.00298596017293799,0.00298596017293799
"204","2","c1","B=0","0","11","1","0","1","0","0",0.5,0.1,0.5,0.8,0.02,0.08,4,"conjunctive",0.08,1,"B",0.298638253029761,"B",TRUE,0.298638253029761,0,0,0,1,1,0.0238910602423809,0.0238910602423809
"205","2","c1","Bu=0","0","00","0","0","0","0","0",0.5,0.9,0.5,0.2,0.045,0.18,1,"conjunctive",0.18,1,"Bu=0",0.0221712722323385,"Bu",TRUE,0.0221712722323385,0.2,0.2,0,0.2,0.2,0.00443425444646769,0.00443425444646769
"206","2","c1","Bu=0","0","10","1","0","0","0","0",0.5,0.1,0.5,0.2,0.005,0.02,3,"conjunctive",0.02,1,"Bu=0",0.11139790703179,"Bu",TRUE,0.11139790703179,0.2,0.2,0,0.2,0.2,0.022279581406358,0.022279581406358
"207","2","c1","Bu=1","0","01","0","0","1","0","0",0.5,0.9,0.5,0.8,0.18,0.72,2,"conjunctive",0.72,1,"Bu=1",-0.00639583248513041,"Bu",FALSE,0,0.8,0.8,0,0.8,0,0,-0.00511666598810433
"208","2","c1","Bu=1","0","11","1","0","1","0","0",0.5,0.1,0.5,0.8,0.02,0.08,4,"conjunctive",0.08,1,"Bu=1",-0.031846085274887,"Bu",FALSE,0,0.8,0.8,0,0.8,0,0,-0.0254768682199096
"209","2","c2","A=0","0","00","0","1","0","0","0",0.5,0.9,0.5,0.2,0.045,0.18,5,"conjunctive",0.18,2,"A",0.0721989380488944,"A",TRUE,0.0721989380488944,0,0,0,1,1,0.012995808848801,0.012995808848801
"210","2","c2","A=0","0","01","0","1","1","0","0",0.5,0.9,0.5,0.8,0.18,0.72,6,"conjunctive",0.72,2,"A",0.142227714716344,"A",TRUE,0.142227714716344,0,0,0,1,1,0.102403954595767,0.102403954595767
"211","2","c2","A=0","0","10","1","1","0","0","0",0.5,0.1,0.5,0.2,0.005,0.02,7,"conjunctive",0.02,2,"A",0.358022952273876,"A",TRUE,0.358022952273876,0,0,0,1,1,0.00716045904547753,0.00716045904547753
"212","2","c2","A=0","0","11","1","1","1","0","0",0.5,0.1,0.5,0.8,0.02,0.08,8,"conjunctive",0.08,2,"A",0.734852188263301,"A",TRUE,0.734852188263301,0,0,0,1,1,0.0587881750610641,0.0587881750610641
"213","2","c2","Au=0","0","00","0","1","0","0","0",0.5,0.9,0.5,0.2,0.045,0.18,5,"conjunctive",0.18,2,"Au=0",0.172728437340371,"Au",TRUE,0.172728437340371,0.9,0.9,0,0.9,0.9,0.155455593606334,0.155455593606334
"214","2","c2","Au=0","0","01","0","1","1","0","0",0.5,0.9,0.5,0.8,0.18,0.72,6,"conjunctive",0.72,2,"Au=0",0.339294674533435,"Au",TRUE,0.339294674533435,0.9,0.9,0,0.9,0.9,0.305365207080091,0.305365207080091
"215","2","c2","Au=1","0","10","1","1","0","0","0",0.5,0.1,0.5,0.2,0.005,0.02,7,"conjunctive",0.02,2,"Au=1",-0.0915078767461088,"Au",FALSE,0,0.1,0.1,0,0.1,0,0,-0.00915078767461088
"216","2","c2","Au=1","0","11","1","1","1","0","0",0.5,0.1,0.5,0.8,0.02,0.08,8,"conjunctive",0.08,2,"Au=1",-0.18836350129527,"Au",FALSE,0,0.1,0.1,0,0.1,0,0,-0.018836350129527
"217","2","c2","B=1","0","00","0","1","0","0","0",0.5,0.9,0.5,0.2,0.045,0.18,5,"conjunctive",0.18,2,"B",-0.0127273987167075,"B",FALSE,0,0,0,0,0,0,0,-0.00229093176900736
"218","2","c2","B=1","0","01","0","1","1","0","0",0.5,0.9,0.5,0.8,0.18,0.72,6,"conjunctive",0.72,2,"B",-0.0250746800996688,"B",FALSE,0,0,0,0,0,0,0,-0.0180537696717615
"219","2","c2","B=1","0","10","1","1","0","0","0",0.5,0.1,0.5,0.2,0.005,0.02,7,"conjunctive",0.02,2,"B",-0.0631669173178904,"B",FALSE,0,0,0,0,0,0,0,-0.00126333834635781
"220","2","c2","B=1","0","11","1","1","1","0","0",0.5,0.1,0.5,0.8,0.02,0.08,8,"conjunctive",0.08,2,"B",-0.12985131267442,"B",FALSE,0,0,0,0,0,0,0,-0.0103881050139536
"221","2","c2","Bu=0","0","00","0","1","0","0","0",0.5,0.9,0.5,0.2,0.045,0.18,5,"conjunctive",0.18,2,"Bu=0",0.0539896007098237,"Bu",TRUE,0.0539896007098237,0.2,0.2,0,0.2,0.2,0.0107979201419647,0.0107979201419647
"222","2","c2","Bu=0","0","10","1","1","0","0","0",0.5,0.1,0.5,0.2,0.005,0.02,7,"conjunctive",0.02,2,"Bu=0",0.267160169716245,"Bu",TRUE,0.267160169716245,0.2,0.2,0,0.2,0.2,0.0534320339432489,0.0534320339432489
"223","2","c2","Bu=1","0","01","0","1","1","0","0",0.5,0.9,0.5,0.8,0.18,0.72,6,"conjunctive",0.72,2,"Bu=1",-0.015100015003148,"Bu",FALSE,0,0.8,0.8,0,0.8,0,0,-0.0120800120025184
"224","2","c2","Bu=1","0","11","1","1","1","0","0",0.5,0.1,0.5,0.8,0.02,0.08,8,"conjunctive",0.08,2,"Bu=1",-0.0778893261785283,"Bu",FALSE,0,0.8,0.8,0,0.8,0,0,-0.0623114609428226
"225","2","c3","A=1","1","00","0","0","0","0","0",0.5,0.9,0.5,0.2,0.045,0.18,9,"conjunctive",0.18,3,"A",-0.0127391758753455,"A",FALSE,0,0,0,0,0,0,0,-0.00229305165756219
"226","2","c3","A=1","1","01","0","0","1","0","0",0.5,0.9,0.5,0.8,0.18,0.72,10,"conjunctive",0.72,3,"A",-0.0250924538332862,"A",FALSE,0,0,0,0,0,0,0,-0.0180665667599661
"227","2","c3","A=1","1","10","1","0","0","0","0",0.5,0.1,0.5,0.2,0.005,0.02,11,"conjunctive",0.02,3,"A",-0.0636874546908193,"A",FALSE,0,0,0,0,0,0,0,-0.00127374909381639
"228","2","c3","A=1","1","11","1","0","1","0","0",0.5,0.1,0.5,0.8,0.02,0.08,12,"conjunctive",0.08,3,"A",-0.130281580449551,"A",FALSE,0,0,0,0,0,0,0,-0.0104225264359641
"229","2","c3","Au=0","1","00","0","0","0","0","0",0.5,0.9,0.5,0.2,0.045,0.18,9,"conjunctive",0.18,3,"Au=0",0.172031410125611,"Au",TRUE,0.172031410125611,0.9,0.9,0,0.9,0.9,0.15482826911305,0.15482826911305
"230","2","c3","Au=0","1","01","0","0","1","0","0",0.5,0.9,0.5,0.8,0.18,0.72,10,"conjunctive",0.72,3,"Au=0",0.340647902279669,"Au",TRUE,0.340647902279669,0.9,0.9,0,0.9,0.9,0.306583112051702,0.306583112051702
"231","2","c3","Au=1","1","10","1","0","0","0","0",0.5,0.1,0.5,0.2,0.005,0.02,11,"conjunctive",0.02,3,"Au=1",-0.0922165718108539,"Au",FALSE,0,0.1,0.1,0,0.1,0,0,-0.00922165718108539
"232","2","c3","Au=1","1","11","1","0","1","0","0",0.5,0.1,0.5,0.8,0.02,0.08,12,"conjunctive",0.08,3,"Au=1",-0.188327818927966,"Au",FALSE,0,0.1,0.1,0,0.1,0,0,-0.0188327818927966
"233","2","c3","B=0","1","00","0","0","0","0","0",0.5,0.9,0.5,0.2,0.045,0.18,9,"conjunctive",0.18,3,"B",0.0723382704334881,"B",TRUE,0.0723382704334881,0,0,0,1,1,0.0130208886780279,0.0130208886780279
"234","2","c3","B=0","1","01","0","0","1","0","0",0.5,0.9,0.5,0.8,0.18,0.72,10,"conjunctive",0.72,3,"B",0.14238839283232,"B",TRUE,0.14238839283232,0,0,0,1,1,0.102519642839271,0.102519642839271
"235","2","c3","B=0","1","10","1","0","0","0","0",0.5,0.1,0.5,0.2,0.005,0.02,11,"conjunctive",0.02,3,"B",0.360583995605678,"B",TRUE,0.360583995605678,0,0,0,1,1,0.00721167991211356,0.00721167991211356
"236","2","c3","B=0","1","11","1","0","1","0","0",0.5,0.1,0.5,0.8,0.02,0.08,12,"conjunctive",0.08,3,"B",0.73755377057744,"B",TRUE,0.73755377057744,0,0,0,1,1,0.0590043016461952,0.0590043016461952
"237","2","c3","Bu=0","1","00","0","0","0","0","0",0.5,0.9,0.5,0.2,0.045,0.18,9,"conjunctive",0.18,3,"Bu=0",0.0539367495628891,"Bu",TRUE,0.0539367495628891,0.2,0.2,0,0.2,0.2,0.0107873499125778,0.0107873499125778
"238","2","c3","Bu=0","1","10","1","0","0","0","0",0.5,0.1,0.5,0.2,0.005,0.02,11,"conjunctive",0.02,3,"Bu=0",0.269422971014092,"Bu",TRUE,0.269422971014092,0.2,0.2,0,0.2,0.2,0.0538845942028183,0.0538845942028183
"239","2","c3","Bu=1","1","01","0","0","1","0","0",0.5,0.9,0.5,0.8,0.18,0.72,10,"conjunctive",0.72,3,"Bu=1",-0.0150890386253102,"Bu",FALSE,0,0.8,0.8,0,0.8,0,0,-0.0120712309002482
"240","2","c3","Bu=1","1","11","1","0","1","0","0",0.5,0.1,0.5,0.8,0.02,0.08,12,"conjunctive",0.08,3,"Bu=1",-0.0782762468479107,"Bu",FALSE,0,0.8,0.8,0,0.8,0,0,-0.0626209974783286
"241","2","c4","A=1","1","00","0","1","0","0","0",0.5,0.9,0.5,0.2,0.045,0.18,13,"conjunctive",0.195652173913043,4,"A",-0.0299498599112212,"A",FALSE,0,0,0,0,0,0,0,-0.00585975520002153
"242","2","c4","A=1","1","10","1","1","0","0","0",0.5,0.1,0.5,0.2,0.005,0.02,17,"conjunctive",0.0217391304347826,4,"A",-0.160046235830273,"A",FALSE,0,0,0,0,0,0,0,-0.00347926599631028
"243","2","c4","A=1","1","01","0","1","1","0","0",0.5,0.9,0.5,0.8,0.18,0.72,15,"conjunctive",0.782608695652174,4,"A",-0.0604280057948031,"A",FALSE,0,0,0,0,0,0,0,-0.0472914827959329
"244","2","c4","A=1","1","11","1","1","1","0","1",0.5,0.1,0.5,0.8,0.02,0.08,19,"conjunctive",0,4,"A",-0.41653596663922,"A",FALSE,0,0,0,0,0,0,0,0
"245","2","c4","Au=0","1","00","0","1","0","0","0",0.5,0.9,0.5,0.2,0.045,0.18,13,"conjunctive",0.195652173913043,4,"Au=0",0.410140898334671,"Au",TRUE,0.410140898334671,0.978260869565217,0.9,0.106,0.978260869565217,0.978260869565217,0.401224791849135,0.401224791849135
"246","2","c4","Au=0","1","01","0","1","1","0","0",0.5,0.9,0.5,0.8,0.18,0.72,15,"conjunctive",0.782608695652174,4,"Au=0",0.819540826949105,"Au",TRUE,0.819540826949105,0.978260869565217,0.9,0.106,0.978260869565217,0.978260869565217,0.801724722015429,0.801724722015429
"247","2","c4","Au=1","1","11","1","1","1","0","1",0.5,0.1,0.5,0.8,0.02,0.08,19,"conjunctive",0,4,"Au=1",-0.60310434062689,"Au",FALSE,0,0.0217391304347826,0.1,0.212,0.0217391304347826,0,0,-0.0131109639266715
"248","2","c4","Au=1","1","10","1","1","0","0","0",0.5,0.1,0.5,0.2,0.005,0.02,17,"conjunctive",0.0217391304347826,4,"Au=1",-0.231215248514153,"Au",FALSE,0,0.0217391304347826,0.1,0.212,0.0217391304347826,0,0,-0.00502641844595985
"249","2","c4","B=1","1","00","0","1","0","0","0",0.5,0.9,0.5,0.2,0.045,0.18,13,"conjunctive",0.195652173913043,4,"B",-0.0299574306950685,"B",FALSE,0,0,0,0,0,0,0,-0.00586123644033949
"250","2","c4","B=1","1","01","0","1","1","0","0",0.5,0.9,0.5,0.8,0.18,0.72,15,"conjunctive",0.782608695652174,4,"B",-0.0604464864207106,"B",FALSE,0,0,0,0,0,0,0,-0.0473059458944691
"251","2","c4","B=1","1","10","1","1","0","0","0",0.5,0.1,0.5,0.2,0.005,0.02,17,"conjunctive",0.0217391304347826,4,"B",-0.15997361496314,"B",FALSE,0,0,0,0,0,0,0,-0.00347768728180738
"252","2","c4","B=1","1","11","1","1","1","0","1",0.5,0.1,0.5,0.8,0.02,0.08,19,"conjunctive",0,4,"B",-0.416045893301605,"B",FALSE,0,0,0,0,0,0,0,0
"253","2","c4","Bu=0","1","00","0","1","0","0","0",0.5,0.9,0.5,0.2,0.045,0.18,13,"conjunctive",0.195652173913043,4,"Bu=0",0.126832915478717,"Bu",TRUE,0.126832915478717,0.217391304347826,0.2,-0.015,0.217391304347826,0.217391304347826,0.0275723729301558,0.0275723729301558
"254","2","c4","Bu=0","1","10","1","1","0","0","0",0.5,0.1,0.5,0.2,0.005,0.02,17,"conjunctive",0.0217391304347826,4,"Bu=0",0.678149192697577,"Bu",TRUE,0.678149192697577,0.217391304347826,0.2,-0.015,0.217391304347826,0.217391304347826,0.147423737542951,0.147423737542951
"255","2","c4","Bu=1","1","01","0","1","1","0","0",0.5,0.9,0.5,0.8,0.18,0.72,15,"conjunctive",0.782608695652174,4,"Bu=1",-0.0364505257391561,"Bu",FALSE,0,0.782608695652174,0.8,-0.019,0.782608695652174,0,0,-0.028526498404557
"256","2","c4","Bu=1","1","11","1","1","1","0","1",0.5,0.1,0.5,0.8,0.02,0.08,19,"conjunctive",0,4,"Bu=1",-0.250233109301285,"Bu",FALSE,0,0.782608695652174,0.8,-0.019,0.782608695652174,0,0,-0.195834607279266
"257","2","c5","A=1","1","10","1","1","0","1","0",0.5,0.1,0.5,0.2,0.005,0.02,18,"conjunctive",0,5,"A",0.159608654360184,"A",TRUE,0.159608654360184,0,0,0,1,1,0,0
"258","2","c5","A=1","1","00","0","1","0","1","0",0.5,0.9,0.5,0.2,0.045,0.18,14,"conjunctive",0,5,"A",0.0307990576737644,"A",TRUE,0.0307990576737644,0,0,0,1,1,0,0
"259","2","c5","A=1","1","11","1","1","1","1","1",0.5,0.1,0.5,0.8,0.02,0.08,20,"conjunctive",1,5,"A",0.416883194707475,"A",TRUE,0.416883194707475,0,0,0,1,1,0.416883194707475,0.416883194707475
"260","2","c5","A=1","1","01","0","1","1","1","0",0.5,0.9,0.5,0.8,0.18,0.72,16,"conjunctive",0,5,"A",0.0607603032602635,"A",TRUE,0.0607603032602635,0,0,0,1,1,0,0
"261","2","c5","Au=0","1","00","0","1","0","1","0",0.5,0.9,0.5,0.2,0.045,0.18,14,"conjunctive",0,5,"Au=0",-0.417785484946772,"Au",FALSE,0,0,0.9,0.137,0,0,0,0
"262","2","c5","Au=0","1","01","0","1","1","1","0",0.5,0.9,0.5,0.8,0.18,0.72,16,"conjunctive",0,5,"Au=0",-0.822063085650469,"Au",FALSE,0,0,0.9,0.137,0,0,0,0
"263","2","c5","Au=1","1","10","1","1","0","1","0",0.5,0.1,0.5,0.2,0.005,0.02,18,"conjunctive",0,5,"Au=1",0.230750043043793,"Au",TRUE,0.230750043043793,1,0.1,0.332,1,1,0.230750043043793,0.230750043043793
"264","2","c5","Au=1","1","11","1","1","1","1","1",0.5,0.1,0.5,0.8,0.02,0.08,20,"conjunctive",1,5,"Au=1",0.602677117034054,"Au",TRUE,0.602677117034054,1,0.1,0.332,1,1,0.602677117034054,0.602677117034054
"265","2","c5","B=1","1","11","1","1","1","1","1",0.5,0.1,0.5,0.8,0.02,0.08,20,"conjunctive",1,5,"B",0.417340677948756,"B",TRUE,0.417340677948756,0,0,0,1,1,0.417340677948756,0.417340677948756
"266","2","c5","B=1","1","00","0","1","0","1","0",0.5,0.9,0.5,0.2,0.045,0.18,14,"conjunctive",0,5,"B",0.0309189162805966,"B",TRUE,0.0309189162805966,0,0,0,1,1,0,0
"267","2","c5","B=1","1","01","0","1","1","1","0",0.5,0.9,0.5,0.8,0.18,0.72,16,"conjunctive",0,5,"B",0.0608439771991572,"B",TRUE,0.0608439771991572,0,0,0,1,1,0,0
"268","2","c5","B=1","1","10","1","1","0","1","0",0.5,0.1,0.5,0.2,0.005,0.02,18,"conjunctive",0,5,"B",0.159103971682707,"B",TRUE,0.159103971682707,0,0,0,1,1,0,0
"269","2","c5","Bu=0","1","00","0","1","0","1","0",0.5,0.9,0.5,0.2,0.045,0.18,14,"conjunctive",0,5,"Bu=0",-0.130652886677932,"Bu",FALSE,0,0,0.2,0.464,0,0,0,0
"270","2","c5","Bu=0","1","10","1","1","0","1","0",0.5,0.1,0.5,0.2,0.005,0.02,18,"conjunctive",0,5,"Bu=0",-0.677971260796057,"Bu",FALSE,0,0,0.2,0.464,0,0,0,0
"271","2","c5","Bu=1","1","01","0","1","1","1","0",0.5,0.9,0.5,0.8,0.18,0.72,16,"conjunctive",0,5,"Bu=1",0.0365968067912835,"Bu",TRUE,0.0365968067912835,1,0.8,0.258,1,1,0.0365968067912835,0.0365968067912835
"272","2","c5","Bu=1","1","11","1","1","1","1","1",0.5,0.1,0.5,0.8,0.02,0.08,20,"conjunctive",1,5,"Bu=1",0.249479103010961,"Bu",TRUE,0.249479103010961,1,0.8,0.258,1,1,0.249479103010961,0.249479103010961
"273","2","d1","A=0","0","00","0","0","0","0","0",0.5,0.9,0.5,0.2,0.045,0.18,1,"disjunctive",0.18,1,"A",0.0520449679264038,"A",TRUE,0.0520449679264038,0,0,0,1,1,0.00936809422675269,0.00936809422675269
"274","2","d1","A=0","0","01","0","0","1","0","0",0.5,0.9,0.5,0.8,0.18,0.72,2,"disjunctive",0.72,1,"A",0.026381248890985,"A",TRUE,0.026381248890985,0,0,0,1,1,0.0189944992015092,0.0189944992015092
"275","2","d1","A=0","0","10","1","0","0","0","0",0.5,0.1,0.5,0.2,0.005,0.02,3,"disjunctive",0.02,1,"A",0.72282717094627,"A",TRUE,0.72282717094627,0,0,0,1,1,0.0144565434189254,0.0144565434189254
"276","2","d1","A=0","0","11","1","0","1","0","0",0.5,0.1,0.5,0.8,0.02,0.08,4,"disjunctive",0.08,1,"A",0.528172341075081,"A",TRUE,0.528172341075081,0,0,0,1,1,0.0422537872860064,0.0422537872860064
"277","2","d1","Au=0","0","00","0","0","0","0","0",0.5,0.9,0.5,0.2,0.045,0.18,1,"disjunctive",0.18,1,"Au=0",0.122815360889296,"Au",TRUE,0.122815360889296,0.9,0.9,0,0.9,0.9,0.110533824800367,0.110533824800367
"278","2","d1","Au=0","0","01","0","0","1","0","0",0.5,0.9,0.5,0.8,0.18,0.72,2,"disjunctive",0.72,1,"Au=0",0.060949791567803,"Au",TRUE,0.060949791567803,0.9,0.9,0,0.9,0.9,0.0548548124110227,0.0548548124110227
"279","2","d1","Au=1","0","10","1","0","0","0","0",0.5,0.1,0.5,0.2,0.005,0.02,3,"disjunctive",0.02,1,"Au=1",-0.184233806805912,"Au",FALSE,0,0.1,0.1,0,0.1,0,0,-0.0184233806805912
"280","2","d1","Au=1","0","11","1","0","1","0","0",0.5,0.1,0.5,0.8,0.02,0.08,4,"disjunctive",0.08,1,"Au=1",-0.13555877124434,"Au",FALSE,0,0.1,0.1,0,0.1,0,0,-0.013555877124434
"281","2","d1","B=0","0","00","0","0","0","0","0",0.5,0.9,0.5,0.2,0.045,0.18,1,"disjunctive",0.18,1,"B",0.433230895954517,"B",TRUE,0.433230895954517,0,0,0,1,1,0.077981561271813,0.077981561271813
"282","2","d1","B=0","0","01","0","0","1","0","0",0.5,0.9,0.5,0.8,0.18,0.72,2,"disjunctive",0.72,1,"B",0.949755779595053,"B",TRUE,0.949755779595053,0,0,0,1,1,0.683824161308438,0.683824161308438
"283","2","d1","B=0","0","10","1","0","0","0","0",0.5,0.1,0.5,0.2,0.005,0.02,3,"disjunctive",0.02,1,"B",0.21764267248908,"B",TRUE,0.21764267248908,0,0,0,1,1,0.00435285344978159,0.00435285344978159
"284","2","d1","B=0","0","11","1","0","1","0","0",0.5,0.1,0.5,0.8,0.02,0.08,4,"disjunctive",0.08,1,"B",0.703900331699271,"B",TRUE,0.703900331699271,0,0,0,1,1,0.0563120265359417,0.0563120265359417
"285","2","d1","Bu=0","0","00","0","0","0","0","0",0.5,0.9,0.5,0.2,0.045,0.18,1,"disjunctive",0.18,1,"Bu=0",0.324490568024101,"Bu",TRUE,0.324490568024101,0.2,0.2,0,0.2,0.2,0.0648981136048202,0.0648981136048202
"286","2","d1","Bu=0","0","10","1","0","0","0","0",0.5,0.1,0.5,0.2,0.005,0.02,3,"disjunctive",0.02,1,"Bu=0",0.162343541906784,"Bu",TRUE,0.162343541906784,0.2,0.2,0,0.2,0.2,0.0324687083813568,0.0324687083813568
"287","2","d1","Bu=1","0","01","0","0","1","0","0",0.5,0.9,0.5,0.8,0.18,0.72,2,"disjunctive",0.72,1,"Bu=1",-0.100570360772188,"Bu",FALSE,0,0.8,0.8,0,0.8,0,0,-0.0804562886177501
"288","2","d1","Bu=1","0","11","1","0","1","0","0",0.5,0.1,0.5,0.8,0.02,0.08,4,"disjunctive",0.08,1,"Bu=1",-0.0773510487736851,"Bu",FALSE,0,0.8,0.8,0,0.8,0,0,-0.0618808390189481
"289","2","d2","A=0","0","00","0","1","0","0","0",0.5,0.9,0.5,0.2,0.045,0.18,5,"disjunctive",0.9,2,"A",0.0201815568535794,"A",TRUE,0.0201815568535794,0,0,0,1,1,0.0181634011682215,0.0181634011682215
"290","2","d2","A=0","0","10","1","1","0","0","0",0.5,0.1,0.5,0.2,0.005,0.02,9,"disjunctive",0.1,2,"A",0.456822172581082,"A",TRUE,0.456822172581082,0,0,0,1,1,0.0456822172581082,0.0456822172581082
"291","2","d2","A=0","0","01","0","1","1","0","1",0.5,0.9,0.5,0.8,0.18,0.72,7,"disjunctive",0,2,"A",0.0076601075814617,"A",TRUE,0.0076601075814617,0,0,0,1,1,0,0
"292","2","d2","A=0","0","11","1","1","1","0","1",0.5,0.1,0.5,0.8,0.02,0.08,11,"disjunctive",0,2,"A",0.13618487432348,"A",TRUE,0.13618487432348,0,0,0,1,1,0,0
"293","2","d2","Au=0","0","00","0","1","0","0","0",0.5,0.9,0.5,0.2,0.045,0.18,5,"disjunctive",0.9,2,"Au=0",0.0492810810785921,"Au",TRUE,0.0492810810785921,0.9,0.9,0,0.9,0.9,0.0443529729707329,0.0443529729707329
"294","2","d2","Au=0","0","01","0","1","1","0","1",0.5,0.9,0.5,0.8,0.18,0.72,7,"disjunctive",0,2,"Au=0",0.0120864450386276,"Au",TRUE,0.0120864450386276,0.9,0.9,0,0.9,0.9,0.0108778005347648,0.0108778005347648
"295","2","d2","Au=1","0","11","1","1","1","0","1",0.5,0.1,0.5,0.8,0.02,0.08,11,"disjunctive",0,2,"Au=1",-0.0340624161537931,"Au",FALSE,0,0.1,0.1,0,0.1,0,0,-0.00340624161537931
"296","2","d2","Au=1","0","10","1","1","0","0","0",0.5,0.1,0.5,0.2,0.005,0.02,9,"disjunctive",0.1,2,"Au=1",-0.115219525471551,"Au",FALSE,0,0.1,0.1,0,0.1,0,0,-0.0115219525471551
"297","2","d2","B=1","0","00","0","1","0","0","0",0.5,0.9,0.5,0.2,0.045,0.18,5,"disjunctive",0.9,2,"B",-0.210326903775764,"B",FALSE,0,0,0,0,0,0,0,-0.189294213398187
"298","2","d2","B=1","0","01","0","1","1","0","1",0.5,0.9,0.5,0.8,0.18,0.72,7,"disjunctive",0,2,"B",-0.835175971234952,"B",FALSE,0,0,0,0,0,0,0,0
"299","2","d2","B=1","0","10","1","1","0","0","0",0.5,0.1,0.5,0.2,0.005,0.02,9,"disjunctive",0.1,2,"B",-0.167417774643184,"B",FALSE,0,0,0,0,0,0,0,-0.0167417774643184
"300","2","d2","B=1","0","11","1","1","1","0","1",0.5,0.1,0.5,0.8,0.02,0.08,11,"disjunctive",0,2,"B",-0.779504245871679,"B",FALSE,0,0,0,0,0,0,0,0
"301","2","d2","Bu=0","0","00","0","1","0","0","0",0.5,0.9,0.5,0.2,0.045,0.18,5,"disjunctive",0.9,2,"Bu=0",0.890828223092872,"Bu",TRUE,0.890828223092872,1,0.2,0.464,1,1,0.890828223092872,0.890828223092872
"302","2","d2","Bu=0","0","10","1","1","0","0","0",0.5,0.1,0.5,0.2,0.005,0.02,9,"disjunctive",0.1,2,"Bu=0",0.710738512730538,"Bu",TRUE,0.710738512730538,1,0.2,0.464,1,1,0.710738512730538,0.710738512730538
"303","2","d2","Bu=1","0","01","0","1","1","0","1",0.5,0.9,0.5,0.8,0.18,0.72,7,"disjunctive",0,2,"Bu=1",-0.502600617541041,"Bu",FALSE,0,0,0.8,0.258,0,0,0,0
"304","2","d2","Bu=1","0","11","1","1","1","0","1",0.5,0.1,0.5,0.8,0.02,0.08,11,"disjunctive",0,2,"Bu=1",-0.46974602981125,"Bu",FALSE,0,0,0.8,0.258,0,0,0,0
"305","2","d3","A=0","0","10","1","1","0","1","0",0.5,0.1,0.5,0.2,0.005,0.02,10,"disjunctive",0,3,"A",-0.456771635145984,"A",FALSE,0,0,0,0,0,0,0,0
"306","2","d3","A=0","0","00","0","1","0","1","0",0.5,0.9,0.5,0.2,0.045,0.18,6,"disjunctive",0,3,"A",-0.0207674691166954,"A",FALSE,0,0,0,0,0,0,0,0
"307","2","d3","A=0","0","11","1","1","1","1","1",0.5,0.1,0.5,0.8,0.02,0.08,12,"disjunctive",0.1,3,"A",-0.135587784439843,"A",FALSE,0,0,0,0,0,0,0,-0.0135587784439843
"308","2","d3","A=0","0","01","0","1","1","1","1",0.5,0.9,0.5,0.8,0.18,0.72,8,"disjunctive",0.9,3,"A",-0.00594382029712572,"A",FALSE,0,0,0,0,0,0,0,-0.00534943826741314
"309","2","d3","Au=0","0","00","0","1","0","1","0",0.5,0.9,0.5,0.2,0.045,0.18,6,"disjunctive",0,3,"Au=0",-0.0501885754590872,"Au",FALSE,0,0.9,0.9,0,0.9,0,0,-0.0451697179131785
"310","2","d3","Au=0","0","01","0","1","1","1","1",0.5,0.9,0.5,0.8,0.18,0.72,8,"disjunctive",0.9,3,"Au=0",-0.0124281152989063,"Au",FALSE,0,0.9,0.9,0,0.9,0,0,-0.0111853037690157
"311","2","d3","Au=1","0","10","1","1","0","1","0",0.5,0.1,0.5,0.2,0.005,0.02,10,"disjunctive",0,3,"Au=1",0.116950956753359,"Au",FALSE,0,0.1,0.1,0,0.1,0,0,0.0116950956753359
"312","2","d3","Au=1","0","11","1","1","1","1","1",0.5,0.1,0.5,0.8,0.02,0.08,12,"disjunctive",0.1,3,"Au=1",0.036779760613243,"Au",FALSE,0,0.1,0.1,0,0.1,0,0,0.00367797606132431
"313","2","d3","B=1","0","11","1","1","1","1","1",0.5,0.1,0.5,0.8,0.02,0.08,12,"disjunctive",0.1,3,"B",0.778970160095507,"B",TRUE,0.778970160095507,0,0,0,1,1,0.0778970160095508,0.0778970160095508
"314","2","d3","B=1","0","00","0","1","0","1","0",0.5,0.9,0.5,0.2,0.045,0.18,6,"disjunctive",0,3,"B",0.210539446816922,"B",TRUE,0.210539446816922,0,0,0,1,1,0,0
"315","2","d3","B=1","0","01","0","1","1","1","1",0.5,0.9,0.5,0.8,0.18,0.72,8,"disjunctive",0.9,3,"B",0.834976402964678,"B",TRUE,0.834976402964678,0,0,0,1,1,0.751478762668211,0.751478762668211
"316","2","d3","B=1","0","10","1","1","0","1","0",0.5,0.1,0.5,0.2,0.005,0.02,10,"disjunctive",0,3,"B",0.167680712786906,"B",TRUE,0.167680712786906,0,0,0,1,1,0,0
"317","2","d3","Bu=0","0","00","0","1","0","1","0",0.5,0.9,0.5,0.2,0.045,0.18,6,"disjunctive",0,3,"Bu=0",-0.890253840187944,"Bu",FALSE,0,0,0.2,0.464,0,0,0,0
"318","2","d3","Bu=0","0","10","1","1","0","1","0",0.5,0.1,0.5,0.2,0.005,0.02,10,"disjunctive",0,3,"Bu=0",-0.711632080519335,"Bu",FALSE,0,0,0.2,0.464,0,0,0,0
"319","2","d3","Bu=1","0","01","0","1","1","1","1",0.5,0.9,0.5,0.8,0.18,0.72,8,"disjunctive",0.9,3,"Bu=1",0.503253215983593,"Bu",TRUE,0.503253215983593,1,0.8,0.258,1,1,0.503253215983593,0.503253215983593
"320","2","d3","Bu=1","0","11","1","1","1","1","1",0.5,0.1,0.5,0.8,0.02,0.08,12,"disjunctive",0.1,3,"Bu=1",0.469901631901567,"Bu",TRUE,0.469901631901567,1,0.8,0.258,1,1,0.469901631901567,0.469901631901567
"321","2","d4","A=1","1","00","0","0","0","0","0",0.5,0.9,0.5,0.2,0.045,0.18,13,"disjunctive",0.2,4,"A",-0.0436257345818307,"A",FALSE,0,0,0,0,0,0,0,-0.00872514691636614
"322","2","d4","A=1","1","10","1","0","0","0","1",0.5,0.1,0.5,0.2,0.005,0.02,17,"disjunctive",0,4,"A",-0.52266365285886,"A",FALSE,0,0,0,0,0,0,0,0
"323","2","d4","A=1","1","01","0","0","1","0","0",0.5,0.9,0.5,0.8,0.18,0.72,15,"disjunctive",0.8,4,"A",-0.0251260069805976,"A",FALSE,0,0,0,0,0,0,0,-0.0201008055844781
"324","2","d4","A=1","1","11","1","0","1","0","1",0.5,0.1,0.5,0.8,0.02,0.08,19,"disjunctive",0,4,"A",-0.477454911072647,"A",FALSE,0,0,0,0,0,0,0,0
"325","2","d4","Au=0","1","00","0","0","0","0","0",0.5,0.9,0.5,0.2,0.045,0.18,13,"disjunctive",0.2,4,"Au=0",0.588873051439723,"Au",TRUE,0.588873051439723,1,0.9,0.137,1,1,0.588873051439723,0.588873051439723
"326","2","d4","Au=0","1","01","0","0","1","0","0",0.5,0.9,0.5,0.8,0.18,0.72,15,"disjunctive",0.8,4,"Au=0",0.338068542024132,"Au",TRUE,0.338068542024132,1,0.9,0.137,1,1,0.338068542024132,0.338068542024132
"327","2","d4","Au=1","1","11","1","0","1","0","1",0.5,0.1,0.5,0.8,0.02,0.08,19,"disjunctive",0,4,"Au=1",-0.691829386978224,"Au",FALSE,0,0,0.1,0.332,0,0,0,0
"328","2","d4","Au=1","1","10","1","0","0","0","1",0.5,0.1,0.5,0.2,0.005,0.02,17,"disjunctive",0,4,"Au=1",-0.754484642124381,"Au",FALSE,0,0,0.1,0.332,0,0,0,0
"329","2","d4","B=0","1","00","0","0","0","0","0",0.5,0.9,0.5,0.2,0.045,0.18,13,"disjunctive",0.2,4,"B",0.348060459525878,"B",TRUE,0.348060459525878,0,0,0,1,1,0.0696120919051755,0.0696120919051755
"330","2","d4","B=0","1","01","0","0","1","0","0",0.5,0.9,0.5,0.8,0.18,0.72,15,"disjunctive",0.8,4,"B",0.885345915127222,"B",TRUE,0.885345915127222,0,0,0,1,1,0.708276732101778,0.708276732101778
"331","2","d4","B=0","1","10","1","0","0","0","1",0.5,0.1,0.5,0.2,0.005,0.02,17,"disjunctive",0,4,"B",0.068198521556632,"B",TRUE,0.068198521556632,0,0,0,1,1,0,0
"332","2","d4","B=0","1","11","1","0","1","0","1",0.5,0.1,0.5,0.8,0.02,0.08,19,"disjunctive",0,4,"B",0.271838159554581,"B",TRUE,0.271838159554581,0,0,0,1,1,0,0
"333","2","d4","Bu=0","1","00","0","0","0","0","0",0.5,0.9,0.5,0.2,0.045,0.18,13,"disjunctive",0.2,4,"Bu=0",0.259891558840766,"Bu",TRUE,0.259891558840766,0.2,0.2,0,0.2,0.2,0.0519783117681532,0.0519783117681532
"334","2","d4","Bu=0","1","10","1","0","0","0","1",0.5,0.1,0.5,0.2,0.005,0.02,17,"disjunctive",0,4,"Bu=0",0.049905852226317,"Bu",TRUE,0.049905852226317,0.2,0.2,0,0.2,0.2,0.0099811704452634,0.0099811704452634
"335","2","d4","Bu=1","1","01","0","0","1","0","0",0.5,0.9,0.5,0.8,0.18,0.72,15,"disjunctive",0.8,4,"Bu=1",-0.0936567652009604,"Bu",FALSE,0,0.8,0.8,0,0.8,0,0,-0.0749254121607683
"336","2","d4","Bu=1","1","11","1","0","1","0","1",0.5,0.1,0.5,0.8,0.02,0.08,19,"disjunctive",0,4,"Bu=1",-0.0263953987337801,"Bu",FALSE,0,0.8,0.8,0,0.8,0,0,-0.0211163189870241
"337","2","d5","A=1","1","10","1","0","0","1","1",0.5,0.1,0.5,0.2,0.005,0.02,18,"disjunctive",0.2,5,"A",0.520819213471375,"A",TRUE,0.520819213471375,0,0,0,1,1,0.104163842694275,0.104163842694275
"338","2","d5","A=1","1","00","0","0","0","1","0",0.5,0.9,0.5,0.2,0.045,0.18,14,"disjunctive",0,5,"A",0.0427744233997294,"A",TRUE,0.0427744233997294,0,0,0,1,1,0,0
"339","2","d5","A=1","1","11","1","0","1","1","1",0.5,0.1,0.5,0.8,0.02,0.08,20,"disjunctive",0.8,5,"A",0.476236084650861,"A",TRUE,0.476236084650861,0,0,0,1,1,0.380988867720688,0.380988867720688
"340","2","d5","A=1","1","01","0","0","1","1","0",0.5,0.9,0.5,0.8,0.18,0.72,16,"disjunctive",0,5,"A",0.0265033293627571,"A",TRUE,0.0265033293627571,0,0,0,1,1,0,0
"341","2","d5","Au=0","1","00","0","0","0","1","0",0.5,0.9,0.5,0.2,0.045,0.18,14,"disjunctive",0,5,"Au=0",-0.58395909951135,"Au",FALSE,0,0,0.9,0.137,0,0,0,0
"342","2","d5","Au=0","1","01","0","0","1","1","0",0.5,0.9,0.5,0.8,0.18,0.72,16,"disjunctive",0,5,"Au=0",-0.335894387815776,"Au",FALSE,0,0,0.9,0.137,0,0,0,0
"343","2","d5","Au=1","1","10","1","0","0","1","1",0.5,0.1,0.5,0.2,0.005,0.02,18,"disjunctive",0.2,5,"Au=1",0.755510709333171,"Au",TRUE,0.755510709333171,1,0.1,0.332,1,1,0.755510709333171,0.755510709333171
"344","2","d5","Au=1","1","11","1","0","1","1","1",0.5,0.1,0.5,0.8,0.02,0.08,20,"disjunctive",0.8,5,"Au=1",0.692483673833346,"Au",TRUE,0.692483673833346,1,0.1,0.332,1,1,0.692483673833346,0.692483673833346
"345","2","d5","B=0","1","11","1","0","1","1","1",0.5,0.1,0.5,0.8,0.02,0.08,20,"disjunctive",0.8,5,"B",-0.271138843796635,"B",FALSE,0,0,0,0,0,0,0,-0.216911075037308
"346","2","d5","B=0","1","00","0","0","0","1","0",0.5,0.9,0.5,0.2,0.045,0.18,14,"disjunctive",0,5,"B",-0.351336760851421,"B",FALSE,0,0,0,0,0,0,0,0
"347","2","d5","B=0","1","01","0","0","1","1","0",0.5,0.9,0.5,0.8,0.18,0.72,16,"disjunctive",0,5,"B",-0.886753835131234,"B",FALSE,0,0,0,0,0,0,0,0
"348","2","d5","B=0","1","10","1","0","0","1","1",0.5,0.1,0.5,0.2,0.005,0.02,18,"disjunctive",0.2,5,"B",-0.0685606067899469,"B",FALSE,0,0,0,0,0,0,0,-0.0137121213579894
"349","2","d5","Bu=0","1","00","0","0","0","1","0",0.5,0.9,0.5,0.2,0.045,0.18,14,"disjunctive",0,5,"Bu=0",-0.26186882135332,"Bu",FALSE,0,0.2,0.2,0,0.2,0,0,-0.052373764270664
"350","2","d5","Bu=0","1","10","1","0","0","1","1",0.5,0.1,0.5,0.2,0.005,0.02,18,"disjunctive",0.2,5,"Bu=0",-0.0520672225126204,"Bu",FALSE,0,0.2,0.2,0,0.2,0,0,-0.0104134445025241
"351","2","d5","Bu=1","1","01","0","0","1","1","0",0.5,0.9,0.5,0.8,0.18,0.72,16,"disjunctive",0,5,"Bu=1",0.0934511043112706,"Bu",FALSE,0,0.8,0.8,0,0.8,0,0,0.0747608834490165
"352","2","d5","Bu=1","1","11","1","0","1","1","1",0.5,0.1,0.5,0.8,0.02,0.08,20,"disjunctive",0.8,5,"Bu=1",0.027563179832361,"Bu",FALSE,0,0.8,0.8,0,0.8,0,0,0.0220505438658888
"353","2","d6","A=1","1","00","0","1","0","0","0",0.5,0.9,0.5,0.2,0.045,0.18,21,"disjunctive",1,6,"A",-0.0188867200516921,"A",FALSE,0,0,0,0,0,0,0,-0.0188867200516921
"354","2","d6","A=1","1","10","1","1","0","0","1",0.5,0.1,0.5,0.2,0.005,0.02,25,"disjunctive",0,6,"A",-0.449763782176338,"A",FALSE,0,0,0,0,0,0,0,0
"355","2","d6","A=1","1","01","0","1","1","0","1",0.5,0.9,0.5,0.8,0.18,0.72,23,"disjunctive",0,6,"A",-0.00600402818469493,"A",FALSE,0,0,0,0,0,0,0,0
"356","2","d6","A=1","1","11","1","1","1","0","1",0.5,0.1,0.5,0.8,0.02,0.08,27,"disjunctive",0,6,"A",-0.199668898644694,"A",FALSE,0,0,0,0,0,0,0,0
"357","2","d6","Au=0","1","00","0","1","0","0","0",0.5,0.9,0.5,0.2,0.045,0.18,21,"disjunctive",1,6,"Au=0",0.276696708835207,"Au",TRUE,0.276696708835207,1,0.9,0.137,1,1,0.276696708835207,0.276696708835207
"358","2","d6","Au=0","1","01","0","1","1","0","1",0.5,0.9,0.5,0.8,0.18,0.72,23,"disjunctive",0,6,"Au=0",0.073583999390758,"Au",TRUE,0.073583999390758,1,0.9,0.137,1,1,0.073583999390758,0.073583999390758
"359","2","d6","Au=1","1","11","1","1","1","0","1",0.5,0.1,0.5,0.8,0.02,0.08,27,"disjunctive",0,6,"Au=1",-0.28310553265155,"Au",FALSE,0,0,0.1,0.332,0,0,0,0
"360","2","d6","Au=1","1","10","1","1","0","0","1",0.5,0.1,0.5,0.2,0.005,0.02,25,"disjunctive",0,6,"Au=1",-0.654678622986307,"Au",FALSE,0,0,0.1,0.332,0,0,0,0
"361","2","d6","B=1","1","00","0","1","0","0","0",0.5,0.9,0.5,0.2,0.045,0.18,21,"disjunctive",1,6,"B",-0.200049889969472,"B",FALSE,0,0,0,0,0,0,0,-0.200049889969472
"362","2","d6","B=1","1","01","0","1","1","0","1",0.5,0.9,0.5,0.8,0.18,0.72,23,"disjunctive",0,6,"B",-0.824558419183066,"B",FALSE,0,0,0,0,0,0,0,0
"363","2","d6","B=1","1","10","1","1","0","0","1",0.5,0.1,0.5,0.2,0.005,0.02,25,"disjunctive",0,6,"B",-0.0711505203876027,"B",FALSE,0,0,0,0,0,0,0,0
"364","2","d6","B=1","1","11","1","1","1","0","1",0.5,0.1,0.5,0.8,0.02,0.08,27,"disjunctive",0,6,"B",-0.481293814363403,"B",FALSE,0,0,0,0,0,0,0,0
"365","2","d6","Bu=0","1","00","0","1","0","0","0",0.5,0.9,0.5,0.2,0.045,0.18,21,"disjunctive",1,6,"Bu=0",0.847628047475179,"Bu",TRUE,0.847628047475179,1,0.2,0.464,1,1,0.847628047475179,0.847628047475179
"366","2","d6","Bu=0","1","10","1","1","0","0","1",0.5,0.1,0.5,0.2,0.005,0.02,25,"disjunctive",0,6,"Bu=0",0.300284009000996,"Bu",TRUE,0.300284009000996,1,0.2,0.464,1,1,0.300284009000996,0.300284009000996
"367","2","d6","Bu=1","1","01","0","1","1","0","1",0.5,0.9,0.5,0.8,0.18,0.72,23,"disjunctive",0,6,"Bu=1",-0.496274044881872,"Bu",FALSE,0,0,0.8,0.258,0,0,0,0
"368","2","d6","Bu=1","1","11","1","1","1","0","1",0.5,0.1,0.5,0.8,0.02,0.08,27,"disjunctive",0,6,"Bu=1",-0.286780450714472,"Bu",FALSE,0,0,0.8,0.258,0,0,0,0
"369","2","d7","A=1","1","10","1","1","0","1","1",0.5,0.1,0.5,0.2,0.005,0.02,26,"disjunctive",0.024390243902439,7,"A",0.452239320679688,"A",TRUE,0.452239320679688,0,0,0,1,1,0.0110302273336509,0.0110302273336509
"370","2","d7","A=1","1","00","0","1","0","1","0",0.5,0.9,0.5,0.2,0.045,0.18,22,"disjunctive",0,7,"A",0.0202813400500981,"A",TRUE,0.0202813400500981,0,0,0,1,1,0,0
"371","2","d7","A=1","1","11","1","1","1","1","1",0.5,0.1,0.5,0.8,0.02,0.08,28,"disjunctive",0.0975609756097561,7,"A",0.197295355114765,"A",TRUE,0.197295355114765,0,0,0,1,1,0.0192483273282698,0.0192483273282698
"372","2","d7","A=1","1","01","0","1","1","1","1",0.5,0.9,0.5,0.8,0.18,0.72,24,"disjunctive",0.878048780487805,7,"A",0.00592789729354854,"A",TRUE,0.00592789729354854,0,0,0,1,1,0.00520498298945726,0.00520498298945726
"373","2","d7","Au=0","1","00","0","1","0","1","0",0.5,0.9,0.5,0.2,0.045,0.18,22,"disjunctive",0,7,"Au=0",-0.276942313547929,"Au",FALSE,0,0.878048780487805,0.9,-0.028,0.878048780487805,0,0,-0.24316886067623
"374","2","d7","Au=0","1","01","0","1","1","1","1",0.5,0.9,0.5,0.8,0.18,0.72,24,"disjunctive",0.878048780487805,7,"Au=0",-0.0737040464785195,"Au",FALSE,0,0.878048780487805,0.9,-0.028,0.878048780487805,0,0,-0.0647157481274805
"375","2","d7","Au=1","1","10","1","1","0","1","1",0.5,0.1,0.5,0.2,0.005,0.02,26,"disjunctive",0.024390243902439,7,"Au=1",0.654650660472298,"Au",TRUE,0.654650660472298,0.121951219512195,0.1,-0.038,0.121951219512195,0.121951219512195,0.0798354463990607,0.0798354463990607
"376","2","d7","Au=1","1","11","1","1","1","1","1",0.5,0.1,0.5,0.8,0.02,0.08,28,"disjunctive",0.0975609756097561,7,"Au=1",0.285232125270515,"Au",TRUE,0.285232125270515,0.121951219512195,0.1,-0.038,0.121951219512195,0.121951219512195,0.0347844055207945,0.0347844055207945
"377","2","d7","B=1","1","11","1","1","1","1","1",0.5,0.1,0.5,0.8,0.02,0.08,28,"disjunctive",0.0975609756097561,7,"B",0.478774450672844,"B",TRUE,0.478774450672844,0,0,0,1,1,0.0467097025046678,0.0467097025046678
"378","2","d7","B=1","1","00","0","1","0","1","0",0.5,0.9,0.5,0.2,0.045,0.18,22,"disjunctive",0,7,"B",0.200189117822652,"B",TRUE,0.200189117822652,0,0,0,1,1,0,0
"379","2","d7","B=1","1","01","0","1","1","1","1",0.5,0.9,0.5,0.8,0.18,0.72,24,"disjunctive",0.878048780487805,7,"B",0.823896731303596,"B",TRUE,0.823896731303596,0,0,0,1,1,0.723421520169011,0.723421520169011
"380","2","d7","B=1","1","10","1","1","0","1","1",0.5,0.1,0.5,0.2,0.005,0.02,26,"disjunctive",0.024390243902439,7,"B",0.068019023823858,"B",TRUE,0.068019023823858,0,0,0,1,1,0.00165900058106971,0.00165900058106971
"381","2","d7","Bu=0","1","00","0","1","0","1","0",0.5,0.9,0.5,0.2,0.045,0.18,22,"disjunctive",0,7,"Bu=0",-0.848416679939018,"Bu",FALSE,0,0.024390243902439,0.2,0.333,0.024390243902439,0,0,-0.0206930897546102
"382","2","d7","Bu=0","1","10","1","1","0","1","1",0.5,0.1,0.5,0.2,0.005,0.02,26,"disjunctive",0.024390243902439,7,"Bu=0",-0.300407674301061,"Bu",FALSE,0,0.024390243902439,0.2,0.333,0.024390243902439,0,0,-0.00732701644636735
"383","2","d7","Bu=1","1","01","0","1","1","1","1",0.5,0.9,0.5,0.8,0.18,0.72,24,"disjunctive",0.878048780487805,7,"Bu=1",0.49522299122855,"Bu",TRUE,0.49522299122855,0.975609756097561,0.8,0.223,0.975609756097561,0.975609756097561,0.48314438168639,0.48314438168639
"384","2","d7","Bu=1","1","11","1","1","1","1","1",0.5,0.1,0.5,0.8,0.02,0.08,28,"disjunctive",0.0975609756097561,7,"Bu=1",0.28712891173494,"Bu",TRUE,0.28712891173494,0.975609756097561,0.8,0.223,0.975609756097561,0.975609756097561,0.280125767546283,0.280125767546283
"385","3","c1","A=0","0","00","0","0","0","0","0",0.9,0.3,0.2,0.5,0.027,0.15,1,"conjunctive",0.15,1,"A",0.0874916125992826,"A",TRUE,0.0874916125992826,0,0,0,1,1,0.0131237418898924,0.0131237418898924
"386","3","c1","A=0","0","01","0","0","1","0","0",0.9,0.3,0.2,0.5,0.027,0.15,2,"conjunctive",0.15,1,"A",0.203705542021911,"A",TRUE,0.203705542021911,0,0,0,1,1,0.0305558313032866,0.0305558313032866
"387","3","c1","A=0","0","10","1","0","0","0","0",0.9,0.7,0.2,0.5,0.063,0.35,3,"conjunctive",0.35,1,"A",0.169270850871338,"A",TRUE,0.169270850871338,0,0,0,1,1,0.0592447978049685,0.0592447978049685
"388","3","c1","A=0","0","11","1","0","1","0","0",0.9,0.7,0.2,0.5,0.063,0.35,4,"conjunctive",0.35,1,"A",0.426073750349945,"A",TRUE,0.426073750349945,0,0,0,1,1,0.149125812622481,0.149125812622481
"389","3","c1","Au=0","0","00","0","0","0","0","0",0.9,0.3,0.2,0.5,0.027,0.15,1,"conjunctive",0.15,1,"Au=0",0.0299221278392038,"Au",TRUE,0.0299221278392038,0.3,0.3,0,0.3,0.3,0.00897663835176114,0.00897663835176114
"390","3","c1","Au=0","0","01","0","0","1","0","0",0.9,0.3,0.2,0.5,0.027,0.15,2,"conjunctive",0.15,1,"Au=0",0.0691665917696105,"Au",TRUE,0.0691665917696105,0.3,0.3,0,0.3,0.3,0.0207499775308831,0.0207499775308831
"391","3","c1","Au=1","0","10","1","0","0","0","0",0.9,0.7,0.2,0.5,0.063,0.35,3,"conjunctive",0.35,1,"Au=1",-0.00938926821997506,"Au",FALSE,0,0.7,0.7,0,0.7,0,0,-0.00657248775398254
"392","3","c1","Au=1","0","11","1","0","1","0","0",0.9,0.7,0.2,0.5,0.063,0.35,4,"conjunctive",0.35,1,"Au=1",-0.023694870514718,"Au",FALSE,0,0.7,0.7,0,0.7,0,0,-0.0165864093603026
"393","3","c1","B=0","0","00","0","0","0","0","0",0.9,0.3,0.2,0.5,0.027,0.15,1,"conjunctive",0.15,1,"B",0.0274412053567423,"B",TRUE,0.0274412053567423,0,0,0,1,1,0.00411618080351135,0.00411618080351135
"394","3","c1","B=0","0","01","0","0","1","0","0",0.9,0.3,0.2,0.5,0.027,0.15,2,"conjunctive",0.15,1,"B",0.0634854014677375,"B",TRUE,0.0634854014677375,0,0,0,1,1,0.00952281022016063,0.00952281022016063
"395","3","c1","B=0","0","10","1","0","0","0","0",0.9,0.7,0.2,0.5,0.063,0.35,3,"conjunctive",0.35,1,"B",0.0531277048014766,"B",TRUE,0.0531277048014766,0,0,0,1,1,0.0185946966805168,0.0185946966805168
"396","3","c1","B=0","0","11","1","0","1","0","0",0.9,0.7,0.2,0.5,0.063,0.35,4,"conjunctive",0.35,1,"B",0.133624479751122,"B",TRUE,0.133624479751122,0,0,0,1,1,0.0467685679128929,0.0467685679128929
"397","3","c1","Bu=0","0","00","0","0","0","0","0",0.9,0.3,0.2,0.5,0.027,0.15,1,"conjunctive",0.15,1,"Bu=0",0.0364835927768615,"Bu",TRUE,0.0364835927768615,0.5,0.5,0,0.5,0.5,0.0182417963884308,0.0182417963884308
"398","3","c1","Bu=0","0","10","1","0","0","0","0",0.9,0.7,0.2,0.5,0.063,0.35,3,"conjunctive",0.35,1,"Bu=0",0.0709483466872913,"Bu",TRUE,0.0709483466872913,0.5,0.5,0,0.5,0.5,0.0354741733436457,0.0354741733436457
"399","3","c1","Bu=1","0","01","0","0","1","0","0",0.9,0.3,0.2,0.5,0.027,0.15,2,"conjunctive",0.15,1,"Bu=1",-0.0149784488512202,"Bu",FALSE,0,0.5,0.5,0,0.5,0,0,-0.00748922442561008
"400","3","c1","Bu=1","0","11","1","0","1","0","0",0.9,0.7,0.2,0.5,0.063,0.35,4,"conjunctive",0.35,1,"Bu=1",-0.0315221222520472,"Bu",FALSE,0,0.5,0.5,0,0.5,0,0,-0.0157610611260236
"401","3","c2","A=0","0","00","0","1","0","0","0",0.9,0.3,0.8,0.5,0.108,0.15,5,"conjunctive",0.15,2,"A",0.164040282312526,"A",TRUE,0.164040282312526,0,0,0,1,1,0.0246060423468789,0.0246060423468789
"402","3","c2","A=0","0","01","0","1","1","0","0",0.9,0.3,0.8,0.5,0.108,0.15,6,"conjunctive",0.15,2,"A",0.405177032250851,"A",TRUE,0.405177032250851,0,0,0,1,1,0.0607765548376276,0.0607765548376276
"403","3","c2","A=0","0","10","1","1","0","0","0",0.9,0.7,0.8,0.5,0.252,0.35,7,"conjunctive",0.35,2,"A",0.346391590388222,"A",TRUE,0.346391590388222,0,0,0,1,1,0.121237056635878,0.121237056635878
"404","3","c2","A=0","0","11","1","1","1","0","0",0.9,0.7,0.8,0.5,0.252,0.35,8,"conjunctive",0.35,2,"A",0.84860176315248,"A",TRUE,0.84860176315248,0,0,0,1,1,0.297010617103368,0.297010617103368
"405","3","c2","Au=0","0","00","0","1","0","0","0",0.9,0.3,0.8,0.5,0.108,0.15,5,"conjunctive",0.15,2,"Au=0",0.0561064491059262,"Au",TRUE,0.0561064491059262,0.3,0.3,0,0.3,0.3,0.0168319347317779,0.0168319347317779
"406","3","c2","Au=0","0","01","0","1","1","0","0",0.9,0.3,0.8,0.5,0.108,0.15,6,"conjunctive",0.15,2,"Au=0",0.138360402084411,"Au",TRUE,0.138360402084411,0.3,0.3,0,0.3,0.3,0.0415081206253234,0.0415081206253234
"407","3","c2","Au=1","0","10","1","1","0","0","0",0.9,0.7,0.8,0.5,0.252,0.35,7,"conjunctive",0.35,2,"Au=1",-0.0191802880586924,"Au",FALSE,0,0.7,0.7,0,0.7,0,0,-0.0134262016410847
"408","3","c2","Au=1","0","11","1","1","1","0","0",0.9,0.7,0.8,0.5,0.252,0.35,8,"conjunctive",0.35,2,"Au=1",-0.0470559492867504,"Au",FALSE,0,0.7,0.7,0,0.7,0,0,-0.0329391645007253
"409","3","c2","B=1","0","00","0","1","0","0","0",0.9,0.3,0.8,0.5,0.108,0.15,5,"conjunctive",0.15,2,"B",-0.00729377850233709,"B",FALSE,0,0,0,0,0,0,0,-0.00109406677535056
"410","3","c2","B=1","0","01","0","1","1","0","0",0.9,0.3,0.8,0.5,0.108,0.15,6,"conjunctive",0.15,2,"B",-0.018020728551408,"B",FALSE,0,0,0,0,0,0,0,-0.00270310928271119
"411","3","c2","B=1","0","10","1","1","0","0","0",0.9,0.7,0.8,0.5,0.252,0.35,7,"conjunctive",0.35,2,"B",-0.0154245326751388,"B",FALSE,0,0,0,0,0,0,0,-0.00539858643629857
"412","3","c2","B=1","0","11","1","1","1","0","0",0.9,0.7,0.8,0.5,0.252,0.35,8,"conjunctive",0.35,2,"B",-0.0376503845134592,"B",FALSE,0,0,0,0,0,0,0,-0.0131776345797107
"413","3","c2","Bu=0","0","00","0","1","0","0","0",0.9,0.3,0.8,0.5,0.108,0.15,5,"conjunctive",0.15,2,"Bu=0",0.0687649207763088,"Bu",TRUE,0.0687649207763088,0.5,0.5,0,0.5,0.5,0.0343824603881544,0.0343824603881544
"414","3","c2","Bu=0","0","10","1","1","0","0","0",0.9,0.7,0.8,0.5,0.252,0.35,7,"conjunctive",0.35,2,"Bu=0",0.144877251134,"Bu",TRUE,0.144877251134,0.5,0.5,0,0.5,0.5,0.072438625567,0.072438625567
"415","3","c2","Bu=1","0","01","0","1","1","0","0",0.9,0.3,0.8,0.5,0.108,0.15,6,"conjunctive",0.15,2,"Bu=1",-0.0299076514567245,"Bu",FALSE,0,0.5,0.5,0,0.5,0,0,-0.0149538257283622
"416","3","c2","Bu=1","0","11","1","1","1","0","0",0.9,0.7,0.8,0.5,0.252,0.35,8,"conjunctive",0.35,2,"Bu=1",-0.0629655601924136,"Bu",FALSE,0,0.5,0.5,0,0.5,0,0,-0.0314827800962068
"417","3","c3","A=1","1","00","0","0","0","0","0",0.1,0.3,0.2,0.5,0.003,0.15,9,"conjunctive",0.15,3,"A",-0.0451521548654211,"A",FALSE,0,0,0,0,0,0,0,-0.00677282322981317
"418","3","c3","A=1","1","01","0","0","1","0","0",0.1,0.3,0.2,0.5,0.003,0.15,10,"conjunctive",0.15,3,"A",-0.109343241103936,"A",FALSE,0,0,0,0,0,0,0,-0.0164014861655903
"419","3","c3","A=1","1","10","1","0","0","0","0",0.1,0.7,0.2,0.5,0.007,0.35,11,"conjunctive",0.35,3,"A",-0.0950857227122263,"A",FALSE,0,0,0,0,0,0,0,-0.0332800029492792
"420","3","c3","A=1","1","11","1","0","1","0","0",0.1,0.7,0.2,0.5,0.007,0.35,12,"conjunctive",0.35,3,"A",-0.240853944724146,"A",FALSE,0,0,0,0,0,0,0,-0.0842988806534509
"421","3","c3","Au=0","1","00","0","0","0","0","0",0.1,0.3,0.2,0.5,0.003,0.15,9,"conjunctive",0.15,3,"Au=0",0.143943515977619,"Au",TRUE,0.143943515977619,0.3,0.3,0,0.3,0.3,0.0431830547932858,0.0431830547932858
"422","3","c3","Au=0","1","01","0","0","1","0","0",0.1,0.3,0.2,0.5,0.003,0.15,10,"conjunctive",0.15,3,"Au=0",0.348747076885908,"Au",TRUE,0.348747076885908,0.3,0.3,0,0.3,0.3,0.104624123065772,0.104624123065772
"423","3","c3","Au=1","1","10","1","0","0","0","0",0.1,0.7,0.2,0.5,0.007,0.35,11,"conjunctive",0.35,3,"Au=1",-0.0490717724438173,"Au",FALSE,0,0.7,0.7,0,0.7,0,0,-0.0343502407106721
"424","3","c3","Au=1","1","11","1","0","1","0","0",0.1,0.7,0.2,0.5,0.007,0.35,12,"conjunctive",0.35,3,"Au=1",-0.124717115050201,"Au",FALSE,0,0.7,0.7,0,0.7,0,0,-0.0873019805351406
"425","3","c3","B=0","1","00","0","0","0","0","0",0.1,0.3,0.2,0.5,0.003,0.15,9,"conjunctive",0.15,3,"B",0.132064599783525,"B",TRUE,0.132064599783525,0,0,0,1,1,0.0198096899675288,0.0198096899675288
"426","3","c3","B=0","1","01","0","0","1","0","0",0.1,0.3,0.2,0.5,0.003,0.15,10,"conjunctive",0.15,3,"B",0.319413512281998,"B",TRUE,0.319413512281998,0,0,0,1,1,0.0479120268422996,0.0479120268422996
"427","3","c3","B=0","1","10","1","0","0","0","0",0.1,0.7,0.2,0.5,0.007,0.35,11,"conjunctive",0.35,3,"B",0.277206462054344,"B",TRUE,0.277206462054344,0,0,0,1,1,0.0970222617190205,0.0970222617190205
"428","3","c3","B=0","1","11","1","0","1","0","0",0.1,0.7,0.2,0.5,0.007,0.35,12,"conjunctive",0.35,3,"B",0.705178185592152,"B",TRUE,0.705178185592152,0,0,0,1,1,0.246812364957253,0.246812364957253
"429","3","c3","Bu=0","1","00","0","0","0","0","0",0.1,0.3,0.2,0.5,0.003,0.15,9,"conjunctive",0.15,3,"Bu=0",0.176480306512709,"Bu",TRUE,0.176480306512709,0.5,0.5,0,0.5,0.5,0.0882401532563544,0.0882401532563544
"430","3","c3","Bu=0","1","10","1","0","0","0","0",0.1,0.7,0.2,0.5,0.007,0.35,11,"conjunctive",0.35,3,"Bu=0",0.372105966205422,"Bu",TRUE,0.372105966205422,0.5,0.5,0,0.5,0.5,0.186052983102711,0.186052983102711
"431","3","c3","Bu=1","1","01","0","0","1","0","0",0.1,0.3,0.2,0.5,0.003,0.15,10,"conjunctive",0.15,3,"Bu=1",-0.0756058616538913,"Bu",FALSE,0,0.5,0.5,0,0.5,0,0,-0.0378029308269457
"432","3","c3","Bu=1","1","11","1","0","1","0","0",0.1,0.7,0.2,0.5,0.007,0.35,12,"conjunctive",0.35,3,"Bu=1",-0.166452766075383,"Bu",FALSE,0,0.5,0.5,0,0.5,0,0,-0.0832263830376917
"433","3","c4","A=1","1","00","0","1","0","0","0",0.1,0.3,0.8,0.5,0.012,0.15,13,"conjunctive",0.230769230769231,4,"A",-0.0903079242473751,"A",FALSE,0,0,0,0,0,0,0,-0.0208402902109327
"434","3","c4","A=1","1","10","1","1","0","0","0",0.1,0.7,0.8,0.5,0.028,0.35,17,"conjunctive",0.538461538461539,4,"A",-0.194662769210818,"A",FALSE,0,0,0,0,0,0,0,-0.10481841419044
"435","3","c4","A=1","1","01","0","1","1","0","0",0.1,0.3,0.8,0.5,0.012,0.15,15,"conjunctive",0.230769230769231,4,"A",-0.227787353601969,"A",FALSE,0,0,0,0,0,0,0,-0.0525663123696851
"436","3","c4","A=1","1","11","1","1","1","0","1",0.1,0.7,0.8,0.5,0.028,0.35,19,"conjunctive",0,4,"A",-0.647323230190902,"A",FALSE,0,0,0,0,0,0,0,0
"437","3","c4","Au=0","1","00","0","1","0","0","0",0.1,0.3,0.8,0.5,0.012,0.15,13,"conjunctive",0.230769230769231,4,"Au=0",0.28825914583863,"Au",TRUE,0.28825914583863,0.461538461538462,0.3,0.006,0.461538461538462,0.461538461538462,0.133042682694753,0.133042682694753
"438","3","c4","Au=0","1","01","0","1","1","0","0",0.1,0.3,0.8,0.5,0.012,0.15,15,"conjunctive",0.230769230769231,4,"Au=0",0.724992829539554,"Au",TRUE,0.724992829539554,0.461538461538462,0.3,0.006,0.461538461538462,0.461538461538462,0.334612075172102,0.334612075172102
"439","3","c4","Au=1","1","11","1","1","1","0","1",0.1,0.7,0.8,0.5,0.028,0.35,19,"conjunctive",0,4,"Au=1",-0.334447165431867,"Au",FALSE,0,0.538461538461539,0.7,-0.121,0.538461538461539,0,0,-0.180086935232544
"440","3","c4","Au=1","1","10","1","1","0","0","0",0.1,0.7,0.8,0.5,0.028,0.35,17,"conjunctive",0.538461538461539,4,"Au=1",-0.100976054019976,"Au",FALSE,0,0.538461538461539,0.7,-0.121,0.538461538461539,0,0,-0.0543717213953715
"441","3","c4","B=1","1","00","0","1","0","0","0",0.1,0.3,0.8,0.5,0.012,0.15,13,"conjunctive",0.230769230769231,4,"B",-0.0374764378779432,"B",FALSE,0,0,0,0,0,0,0,-0.00864840874106382
"442","3","c4","B=1","1","01","0","1","1","0","0",0.1,0.3,0.8,0.5,0.012,0.15,15,"conjunctive",0.230769230769231,4,"B",-0.0944313068846696,"B",FALSE,0,0,0,0,0,0,0,-0.0217918400503084
"443","3","c4","B=1","1","10","1","1","0","0","0",0.1,0.7,0.8,0.5,0.028,0.35,17,"conjunctive",0.538461538461539,4,"B",-0.0809255699826752,"B",FALSE,0,0,0,0,0,0,0,-0.0435753069137482
"444","3","c4","B=1","1","11","1","1","1","0","1",0.1,0.7,0.8,0.5,0.028,0.35,19,"conjunctive",0,4,"B",-0.267909443201645,"B",FALSE,0,0,0,0,0,0,0,0
"445","3","c4","Bu=0","1","00","0","1","0","0","0",0.1,0.3,0.8,0.5,0.012,0.15,13,"conjunctive",0.230769230769231,4,"Bu=0",0.354503882559039,"Bu",TRUE,0.354503882559039,0.769230769230769,0.5,0.209,0.769230769230769,0.769230769230769,0.272695294276184,0.272695294276184
"446","3","c4","Bu=0","1","10","1","1","0","0","0",0.1,0.7,0.8,0.5,0.028,0.35,17,"conjunctive",0.538461538461539,4,"Bu=0",0.763544643227017,"Bu",TRUE,0.763544643227017,0.769230769230769,0.5,0.209,0.769230769230769,0.769230769230769,0.587342033251551,0.587342033251551
"447","3","c4","Bu=1","1","01","0","1","1","0","0",0.1,0.3,0.8,0.5,0.012,0.15,15,"conjunctive",0.230769230769231,4,"Bu=1",-0.157244001829838,"Bu",FALSE,0,0.230769230769231,0.5,0.012,0.230769230769231,0,0,-0.0362870773453472
"448","3","c4","Bu=1","1","11","1","1","1","0","1",0.1,0.7,0.8,0.5,0.028,0.35,19,"conjunctive",0,4,"Bu=1",-0.446676834475587,"Bu",FALSE,0,0.230769230769231,0.5,0.012,0.230769230769231,0,0,-0.103079269494366
"449","3","c5","A=1","1","10","1","1","0","1","0",0.1,0.7,0.8,0.5,0.028,0.35,18,"conjunctive",0,5,"A",0.1946375490783,"A",TRUE,0.1946375490783,0,0,0,1,1,0,0
"450","3","c5","A=1","1","00","0","1","0","1","0",0.1,0.3,0.8,0.5,0.012,0.15,14,"conjunctive",0,5,"A",0.0902511410899523,"A",TRUE,0.0902511410899523,0,0,0,1,1,0,0
"451","3","c5","A=1","1","11","1","1","1","1","1",0.1,0.7,0.8,0.5,0.028,0.35,20,"conjunctive",1,5,"A",0.646070794090474,"A",TRUE,0.646070794090474,0,0,0,1,1,0.646070794090474,0.646070794090474
"452","3","c5","A=1","1","01","0","1","1","1","0",0.1,0.3,0.8,0.5,0.012,0.15,16,"conjunctive",0,5,"A",0.227023444486983,"A",TRUE,0.227023444486983,0,0,0,1,1,0,0
"453","3","c5","Au=0","1","00","0","1","0","1","0",0.1,0.3,0.8,0.5,0.012,0.15,14,"conjunctive",0,5,"Au=0",-0.287464671468767,"Au",FALSE,0,0,0.3,0.521,0,0,0,0
"454","3","c5","Au=0","1","01","0","1","1","1","0",0.1,0.3,0.8,0.5,0.012,0.15,16,"conjunctive",0,5,"Au=0",-0.72606609364337,"Au",FALSE,0,0,0.3,0.521,0,0,0,0
"455","3","c5","Au=1","1","10","1","1","0","1","0",0.1,0.7,0.8,0.5,0.028,0.35,18,"conjunctive",0,5,"Au=1",0.100495932487316,"Au",TRUE,0.100495932487316,1,0.7,0.36,1,1,0.100495932487316,0.100495932487316
"456","3","c5","Au=1","1","11","1","1","1","1","1",0.1,0.7,0.8,0.5,0.028,0.35,20,"conjunctive",1,5,"Au=1",0.334589688655971,"Au",TRUE,0.334589688655971,1,0.7,0.36,1,1,0.334589688655971,0.334589688655971
"457","3","c5","B=1","1","11","1","1","1","1","1",0.1,0.7,0.8,0.5,0.028,0.35,20,"conjunctive",1,5,"B",0.26946822447318,"B",TRUE,0.26946822447318,0,0,0,1,1,0.26946822447318,0.26946822447318
"458","3","c5","B=1","1","00","0","1","0","1","0",0.1,0.3,0.8,0.5,0.012,0.15,14,"conjunctive",0,5,"B",0.0373852594137267,"B",TRUE,0.0373852594137267,0,0,0,1,1,0,0
"459","3","c5","B=1","1","01","0","1","1","1","0",0.1,0.3,0.8,0.5,0.012,0.15,16,"conjunctive",0,5,"B",0.0943332672978874,"B",TRUE,0.0943332672978874,0,0,0,1,1,0,0
"460","3","c5","B=1","1","10","1","1","0","1","0",0.1,0.7,0.8,0.5,0.028,0.35,18,"conjunctive",0,5,"B",0.0811504060738033,"B",TRUE,0.0811504060738033,0,0,0,1,1,0,0
"461","3","c5","Bu=0","1","00","0","1","0","1","0",0.1,0.3,0.8,0.5,0.012,0.15,14,"conjunctive",0,5,"Bu=0",-0.352703067998398,"Bu",FALSE,0,0,0.5,0.5,0,0,0,0
"462","3","c5","Bu=0","1","10","1","1","0","1","0",0.1,0.7,0.8,0.5,0.028,0.35,18,"conjunctive",0,5,"Bu=0",-0.764522245088152,"Bu",FALSE,0,0,0.5,0.5,0,0,0,0
"463","3","c5","Bu=1","1","01","0","1","1","1","0",0.1,0.3,0.8,0.5,0.012,0.15,16,"conjunctive",0,5,"Bu=1",0.156639470767161,"Bu",TRUE,0.156639470767161,1,0.5,0.5,1,1,0.156639470767161,0.156639470767161
"464","3","c5","Bu=1","1","11","1","1","1","1","1",0.1,0.7,0.8,0.5,0.028,0.35,20,"conjunctive",1,5,"Bu=1",0.44740849183589,"Bu",TRUE,0.44740849183589,1,0.5,0.5,1,1,0.44740849183589,0.44740849183589
"465","3","d1","A=0","0","00","0","0","0","0","0",0.9,0.3,0.2,0.5,0.027,0.15,1,"disjunctive",0.15,1,"A",0.173965430731927,"A",TRUE,0.173965430731927,0,0,0,1,1,0.026094814609789,0.026094814609789
"466","3","d1","A=0","0","01","0","0","1","0","0",0.9,0.3,0.2,0.5,0.027,0.15,2,"disjunctive",0.15,1,"A",0.070335753641242,"A",TRUE,0.070335753641242,0,0,0,1,1,0.0105503630461863,0.0105503630461863
"467","3","d1","A=0","0","10","1","0","0","0","0",0.9,0.7,0.2,0.5,0.063,0.35,3,"disjunctive",0.35,1,"A",0.623298429746011,"A",TRUE,0.623298429746011,0,0,0,1,1,0.218154450411104,0.218154450411104
"468","3","d1","A=0","0","11","1","0","1","0","0",0.9,0.7,0.2,0.5,0.063,0.35,4,"disjunctive",0.35,1,"A",0.293477215698524,"A",TRUE,0.293477215698524,0,0,0,1,1,0.102717025494483,0.102717025494483
"469","3","d1","Au=0","0","00","0","0","0","0","0",0.9,0.3,0.2,0.5,0.027,0.15,1,"disjunctive",0.15,1,"Au=0",0.0581921715581331,"Au",TRUE,0.0581921715581331,0.3,0.3,0,0.3,0.3,0.0174576514674399,0.0174576514674399
"470","3","d1","Au=0","0","01","0","0","1","0","0",0.9,0.3,0.2,0.5,0.027,0.15,2,"disjunctive",0.15,1,"Au=0",0.0250605306573671,"Au",TRUE,0.0250605306573671,0.3,0.3,0,0.3,0.3,0.00751815919721013,0.00751815919721013
"471","3","d1","Au=1","0","10","1","0","0","0","0",0.9,0.7,0.2,0.5,0.063,0.35,3,"disjunctive",0.35,1,"Au=1",-0.0342935884666718,"Au",FALSE,0,0.7,0.7,0,0.7,0,0,-0.0240055119266702
"472","3","d1","Au=1","0","11","1","0","1","0","0",0.9,0.7,0.2,0.5,0.063,0.35,4,"disjunctive",0.35,1,"Au=1",-0.0165298868534307,"Au",FALSE,0,0.7,0.7,0,0.7,0,0,-0.0115709207974015
"473","3","d1","B=0","0","00","0","0","0","0","0",0.9,0.3,0.2,0.5,0.027,0.15,1,"disjunctive",0.15,1,"B",0.317108313502487,"B",TRUE,0.317108313502487,0,0,0,1,1,0.0475662470253731,0.0475662470253731
"474","3","d1","B=0","0","01","0","0","1","0","0",0.9,0.3,0.2,0.5,0.027,0.15,2,"disjunctive",0.15,1,"B",0.887126645572305,"B",TRUE,0.887126645572305,0,0,0,1,1,0.133068996835846,0.133068996835846
"475","3","d1","B=0","0","10","1","0","0","0","0",0.9,0.7,0.2,0.5,0.063,0.35,3,"disjunctive",0.35,1,"B",0.256035213643519,"B",TRUE,0.256035213643519,0,0,0,1,1,0.0896123247752318,0.0896123247752318
"476","3","d1","B=0","0","11","1","0","1","0","0",0.9,0.7,0.2,0.5,0.063,0.35,4,"disjunctive",0.35,1,"B",0.845115067686661,"B",TRUE,0.845115067686661,0,0,0,1,1,0.295790273690331,0.295790273690331
"477","3","d1","Bu=0","0","00","0","0","0","0","0",0.9,0.3,0.2,0.5,0.027,0.15,1,"disjunctive",0.15,1,"Bu=0",0.423992394819912,"Bu",TRUE,0.423992394819912,0.5,0.5,0,0.5,0.5,0.211996197409956,0.211996197409956
"478","3","d1","Bu=0","0","10","1","0","0","0","0",0.9,0.7,0.2,0.5,0.063,0.35,3,"disjunctive",0.35,1,"Bu=0",0.34301082402021,"Bu",TRUE,0.34301082402021,0.5,0.5,0,0.5,0.5,0.171505412010105,0.171505412010105
"479","3","d1","Bu=1","0","01","0","0","1","0","0",0.9,0.3,0.2,0.5,0.027,0.15,2,"disjunctive",0.15,1,"Bu=1",-0.209141634395977,"Bu",FALSE,0,0.5,0.5,0,0.5,0,0,-0.104570817197988
"480","3","d1","Bu=1","0","11","1","0","1","0","0",0.9,0.7,0.2,0.5,0.063,0.35,4,"disjunctive",0.35,1,"Bu=1",-0.200147957732943,"Bu",FALSE,0,0.5,0.5,0,0.5,0,0,-0.100073978866472
"481","3","d2","A=0","0","00","0","1","0","0","0",0.9,0.3,0.8,0.5,0.108,0.15,5,"disjunctive",0.3,2,"A",0.0866971756365112,"A",TRUE,0.0866971756365112,0,0,0,1,1,0.0260091526909534,0.0260091526909534
"482","3","d2","A=0","0","10","1","1","0","0","0",0.9,0.7,0.8,0.5,0.252,0.35,9,"disjunctive",0.7,2,"A",0.358141607622757,"A",TRUE,0.358141607622757,0,0,0,1,1,0.25069912533593,0.25069912533593
"483","3","d2","A=0","0","01","0","1","1","0","1",0.9,0.3,0.8,0.5,0.108,0.15,7,"disjunctive",0,2,"A",0.01791954336234,"A",TRUE,0.01791954336234,0,0,0,1,1,0,0
"484","3","d2","A=0","0","11","1","1","1","0","1",0.9,0.7,0.8,0.5,0.252,0.35,11,"disjunctive",0,2,"A",0.0783242960532338,"A",TRUE,0.0783242960532338,0,0,0,1,1,0,0
"485","3","d2","Au=0","0","00","0","1","0","0","0",0.9,0.3,0.8,0.5,0.108,0.15,5,"disjunctive",0.3,2,"Au=0",0.0288150659958826,"Au",TRUE,0.0288150659958826,0.3,0.3,0,0.3,0.3,0.00864451979876477,0.00864451979876477
"486","3","d2","Au=0","0","01","0","1","1","0","1",0.9,0.3,0.8,0.5,0.108,0.15,7,"disjunctive",0,2,"Au=0",0.00485116662686308,"Au",TRUE,0.00485116662686308,0.3,0.3,0,0.3,0.3,0.00145534998805892,0.00145534998805892
"487","3","d2","Au=1","0","11","1","1","1","0","1",0.9,0.7,0.8,0.5,0.252,0.35,11,"disjunctive",0,2,"Au=1",-0.00253381800410215,"Au",FALSE,0,0.7,0.7,0,0.7,0,0,-0.00177367260287151
"488","3","d2","Au=1","0","10","1","1","0","0","0",0.9,0.7,0.8,0.5,0.252,0.35,9,"disjunctive",0.7,2,"Au=1",-0.0204607699029017,"Au",FALSE,0,0.7,0.7,0,0.7,0,0,-0.0143225389320312
"489","3","d2","B=1","0","00","0","1","0","0","0",0.9,0.3,0.8,0.5,0.108,0.15,5,"disjunctive",0.3,2,"B",-0.100535340382219,"B",FALSE,0,0,0,0,0,0,0,-0.0301606021146657
"490","3","d2","B=1","0","01","0","1","1","0","1",0.9,0.3,0.8,0.5,0.108,0.15,7,"disjunctive",0,2,"B",-0.502963929488824,"B",FALSE,0,0,0,0,0,0,0,0
"491","3","d2","B=1","0","10","1","1","0","0","0",0.9,0.7,0.8,0.5,0.252,0.35,9,"disjunctive",0.7,2,"B",-0.0939969603622474,"B",FALSE,0,0,0,0,0,0,0,-0.0657978722535731
"492","3","d2","B=1","0","11","1","1","1","0","1",0.9,0.7,0.8,0.5,0.252,0.35,11,"disjunctive",0,2,"B",-0.494814270192943,"B",FALSE,0,0,0,0,0,0,0,0
"493","3","d2","Bu=0","0","00","0","1","0","0","0",0.9,0.3,0.8,0.5,0.108,0.15,5,"disjunctive",0.3,2,"Bu=0",0.943365717078515,"Bu",TRUE,0.943365717078515,1,0.5,0.5,1,1,0.943365717078515,0.943365717078515
"494","3","d2","Bu=0","0","10","1","1","0","0","0",0.9,0.7,0.8,0.5,0.252,0.35,9,"disjunctive",0.7,2,"Bu=0",0.881115178119091,"Bu",TRUE,0.881115178119091,1,0.5,0.5,1,1,0.881115178119091,0.881115178119091
"495","3","d2","Bu=1","0","01","0","1","1","0","1",0.9,0.3,0.8,0.5,0.108,0.15,7,"disjunctive",0,2,"Bu=1",-0.833996319455843,"Bu",FALSE,0,0,0.5,0.5,0,0,0,0
"496","3","d2","Bu=1","0","11","1","1","1","0","1",0.9,0.7,0.8,0.5,0.252,0.35,11,"disjunctive",0,2,"Bu=1",-0.823847024301127,"Bu",FALSE,0,0,0.5,0.5,0,0,0,0
"497","3","d3","A=0","0","10","1","1","0","1","0",0.9,0.7,0.8,0.5,0.252,0.35,10,"disjunctive",0,3,"A",-0.360474853757996,"A",FALSE,0,0,0,0,0,0,0,0
"498","3","d3","A=0","0","00","0","1","0","1","0",0.9,0.3,0.8,0.5,0.108,0.15,6,"disjunctive",0,3,"A",-0.0894898707873111,"A",FALSE,0,0,0,0,0,0,0,0
"499","3","d3","A=0","0","11","1","1","1","1","1",0.9,0.7,0.8,0.5,0.252,0.35,12,"disjunctive",0.7,3,"A",-0.0787408294864525,"A",FALSE,0,0,0,0,0,0,0,-0.0551185806405167
"500","3","d3","A=0","0","01","0","1","1","1","1",0.9,0.3,0.8,0.5,0.108,0.15,8,"disjunctive",0.3,3,"A",-0.0184241422790463,"A",FALSE,0,0,0,0,0,0,0,-0.0055272426837139
"501","3","d3","Au=0","0","00","0","1","0","1","0",0.9,0.3,0.8,0.5,0.108,0.15,6,"disjunctive",0,3,"Au=0",-0.0299930113132362,"Au",FALSE,0,0.3,0.3,0,0.3,0,0,-0.00899790339397085
"502","3","d3","Au=0","0","01","0","1","1","1","1",0.9,0.3,0.8,0.5,0.108,0.15,8,"disjunctive",0.3,3,"Au=0",-0.00728331006076403,"Au",FALSE,0,0.3,0.3,0,0.3,0,0,-0.00218499301822921
"503","3","d3","Au=1","0","10","1","1","0","1","0",0.9,0.7,0.8,0.5,0.252,0.35,10,"disjunctive",0,3,"Au=1",0.0195200670744658,"Au",FALSE,0,0.7,0.7,0,0.7,0,0,0.0136640469521261
"504","3","d3","Au=1","0","11","1","1","1","1","1",0.9,0.7,0.8,0.5,0.252,0.35,12,"disjunctive",0.7,3,"Au=1",0.00444991915849245,"Au",FALSE,0,0.7,0.7,0,0.7,0,0,0.00311494341094472
"505","3","d3","B=1","0","11","1","1","1","1","1",0.9,0.7,0.8,0.5,0.252,0.35,12,"disjunctive",0.7,3,"B",0.495174700730261,"B",TRUE,0.495174700730261,0,0,0,1,1,0.346622290511183,0.346622290511183
"506","3","d3","B=1","0","00","0","1","0","1","0",0.9,0.3,0.8,0.5,0.108,0.15,6,"disjunctive",0,3,"B",0.100241041916761,"B",TRUE,0.100241041916761,0,0,0,1,1,0,0
"507","3","d3","B=1","0","01","0","1","1","1","1",0.9,0.3,0.8,0.5,0.108,0.15,8,"disjunctive",0.3,3,"B",0.500789539404164,"B",TRUE,0.500789539404164,0,0,0,1,1,0.150236861821249,0.150236861821249
"508","3","d3","B=1","0","10","1","1","0","1","0",0.9,0.7,0.8,0.5,0.252,0.35,10,"disjunctive",0,3,"B",0.0937533929191388,"B",TRUE,0.0937533929191388,0,0,0,1,1,0,0
"509","3","d3","Bu=0","0","00","0","1","0","1","0",0.9,0.3,0.8,0.5,0.108,0.15,6,"disjunctive",0,3,"Bu=0",-0.943210539551953,"Bu",FALSE,0,0,0.5,0.5,0,0,0,0
"510","3","d3","Bu=0","0","10","1","1","0","1","0",0.9,0.7,0.8,0.5,0.252,0.35,10,"disjunctive",0,3,"Bu=0",-0.880578595921308,"Bu",FALSE,0,0,0.5,0.5,0,0,0,0
"511","3","d3","Bu=1","0","01","0","1","1","1","1",0.9,0.3,0.8,0.5,0.108,0.15,8,"disjunctive",0.3,3,"Bu=1",0.834885934640685,"Bu",TRUE,0.834885934640685,1,0.5,0.5,1,1,0.834885934640685,0.834885934640685
"512","3","d3","Bu=1","0","11","1","1","1","1","1",0.9,0.7,0.8,0.5,0.252,0.35,12,"disjunctive",0.7,3,"Bu=1",0.823093615373712,"Bu",TRUE,0.823093615373712,1,0.5,0.5,1,1,0.823093615373712,0.823093615373712
"513","3","d4","A=1","1","00","0","0","0","0","0",0.1,0.3,0.2,0.5,0.003,0.15,13,"disjunctive",0.5,4,"A",-0.232346814238611,"A",FALSE,0,0,0,0,0,0,0,-0.116173407119305
"514","3","d4","A=1","1","10","1","0","0","0","1",0.1,0.7,0.2,0.5,0.007,0.35,17,"disjunctive",0,4,"A",-0.832028373749046,"A",FALSE,0,0,0,0,0,0,0,0
"515","3","d4","A=1","1","01","0","0","1","0","0",0.1,0.3,0.2,0.5,0.003,0.15,15,"disjunctive",0.5,4,"A",-0.158935494309462,"A",FALSE,0,0,0,0,0,0,0,-0.0794677471547311
"516","3","d4","A=1","1","11","1","0","1","0","1",0.1,0.7,0.2,0.5,0.007,0.35,19,"disjunctive",0,4,"A",-0.726654656249736,"A",FALSE,0,0,0,0,0,0,0,0
"517","3","d4","Au=0","1","00","0","0","0","0","0",0.1,0.3,0.2,0.5,0.003,0.15,13,"disjunctive",0.5,4,"Au=0",0.741236686934275,"Au",TRUE,0.741236686934275,1,0.3,0.521,1,1,0.741236686934275,0.741236686934275
"518","3","d4","Au=0","1","01","0","0","1","0","0",0.1,0.3,0.2,0.5,0.003,0.15,15,"disjunctive",0.5,4,"Au=0",0.505755811103154,"Au",TRUE,0.505755811103154,1,0.3,0.521,1,1,0.505755811103154,0.505755811103154
"519","3","d4","Au=1","1","11","1","0","1","0","1",0.1,0.7,0.2,0.5,0.007,0.35,19,"disjunctive",0,4,"Au=1",-0.376820931430508,"Au",FALSE,0,0,0.7,0.36,0,0,0,0
"520","3","d4","Au=1","1","10","1","0","0","0","1",0.1,0.7,0.2,0.5,0.007,0.35,17,"disjunctive",0,4,"Au=1",-0.430708578411823,"Au",FALSE,0,0,0.7,0.36,0,0,0,0
"521","3","d4","B=0","1","00","0","0","0","0","0",0.1,0.3,0.2,0.5,0.003,0.15,13,"disjunctive",0.5,4,"B",0.138623487256283,"B",TRUE,0.138623487256283,0,0,0,1,1,0.0693117436281415,0.0693117436281415
"522","3","d4","B=0","1","01","0","0","1","0","0",0.1,0.3,0.2,0.5,0.003,0.15,15,"disjunctive",0.5,4,"B",0.655661864901049,"B",TRUE,0.655661864901049,0,0,0,1,1,0.327830932450525,0.327830932450525
"523","3","d4","B=0","1","10","1","0","0","0","1",0.1,0.7,0.2,0.5,0.007,0.35,17,"disjunctive",0,4,"B",0.0458585706002293,"B",TRUE,0.0458585706002293,0,0,0,1,1,0,0
"524","3","d4","B=0","1","11","1","0","1","0","1",0.1,0.7,0.2,0.5,0.007,0.35,19,"disjunctive",0,4,"B",0.275303581445569,"B",TRUE,0.275303581445569,0,0,0,1,1,0,0
"525","3","d4","Bu=0","1","00","0","0","0","0","0",0.1,0.3,0.2,0.5,0.003,0.15,13,"disjunctive",0.5,4,"Bu=0",0.188440894462286,"Bu",TRUE,0.188440894462286,0.5,0.5,0,0.5,0.5,0.094220447231143,0.094220447231143
"526","3","d4","Bu=0","1","10","1","0","0","0","1",0.1,0.7,0.2,0.5,0.007,0.35,17,"disjunctive",0,4,"Bu=0",0.0611320364158915,"Bu",TRUE,0.0611320364158915,0.5,0.5,0,0.5,0.5,0.0305660182079458,0.0305660182079458
"527","3","d4","Bu=1","1","01","0","0","1","0","0",0.1,0.3,0.2,0.5,0.003,0.15,15,"disjunctive",0.5,4,"Bu=1",-0.153584592253962,"Bu",FALSE,0,0.5,0.5,0,0.5,0,0,-0.0767922961269809
"528","3","d4","Bu=1","1","11","1","0","1","0","1",0.1,0.7,0.2,0.5,0.007,0.35,19,"disjunctive",0,4,"Bu=1",-0.0658691659592513,"Bu",FALSE,0,0.5,0.5,0,0.5,0,0,-0.0329345829796256
"529","3","d5","A=1","1","10","1","0","0","1","1",0.1,0.7,0.2,0.5,0.007,0.35,18,"disjunctive",0.5,5,"A",0.832165625402477,"A",TRUE,0.832165625402477,0,0,0,1,1,0.416082812701238,0.416082812701238
"530","3","d5","A=1","1","00","0","0","0","1","0",0.1,0.3,0.2,0.5,0.003,0.15,14,"disjunctive",0,5,"A",0.230991626392768,"A",TRUE,0.230991626392768,0,0,0,1,1,0,0
"531","3","d5","A=1","1","11","1","0","1","1","1",0.1,0.7,0.2,0.5,0.007,0.35,20,"disjunctive",0.5,5,"A",0.726196787919573,"A",TRUE,0.726196787919573,0,0,0,1,1,0.363098393959786,0.363098393959786
"532","3","d5","A=1","1","01","0","0","1","1","0",0.1,0.3,0.2,0.5,0.003,0.15,16,"disjunctive",0,5,"A",0.157970399832919,"A",TRUE,0.157970399832919,0,0,0,1,1,0,0
"533","3","d5","Au=0","1","00","0","0","0","1","0",0.1,0.3,0.2,0.5,0.003,0.15,14,"disjunctive",0,5,"Au=0",-0.739355414312372,"Au",FALSE,0,0,0.3,0.521,0,0,0,0
"534","3","d5","Au=0","1","01","0","0","1","1","0",0.1,0.3,0.2,0.5,0.003,0.15,16,"disjunctive",0,5,"Au=0",-0.503282289997286,"Au",FALSE,0,0,0.3,0.521,0,0,0,0
"535","3","d5","Au=1","1","10","1","0","0","1","1",0.1,0.7,0.2,0.5,0.007,0.35,18,"disjunctive",0.5,5,"Au=1",0.430585928911022,"Au",TRUE,0.430585928911022,1,0.7,0.36,1,1,0.430585928911022,0.430585928911022
"536","3","d5","Au=1","1","11","1","0","1","1","1",0.1,0.7,0.2,0.5,0.007,0.35,20,"disjunctive",0.5,5,"Au=1",0.377264624221817,"Au",TRUE,0.377264624221817,1,0.7,0.36,1,1,0.377264624221817,0.377264624221817
"537","3","d5","B=0","1","11","1","0","1","1","1",0.1,0.7,0.2,0.5,0.007,0.35,20,"disjunctive",0.5,5,"B",-0.275437704491723,"B",FALSE,0,0,0,0,0,0,0,-0.137718852245862
"538","3","d5","B=0","1","00","0","0","0","1","0",0.1,0.3,0.2,0.5,0.003,0.15,14,"disjunctive",0,5,"B",-0.141790040385729,"B",FALSE,0,0,0,0,0,0,0,0
"539","3","d5","B=0","1","01","0","0","1","1","0",0.1,0.3,0.2,0.5,0.003,0.15,16,"disjunctive",0,5,"B",-0.655434805821983,"B",FALSE,0,0,0,0,0,0,0,0
"540","3","d5","B=0","1","10","1","0","0","1","1",0.1,0.7,0.2,0.5,0.007,0.35,18,"disjunctive",0.5,5,"B",-0.0448705115922629,"B",FALSE,0,0,0,0,0,0,0,-0.0224352557961315
"541","3","d5","Bu=0","1","00","0","0","0","1","0",0.1,0.3,0.2,0.5,0.003,0.15,14,"disjunctive",0,5,"Bu=0",-0.188185546882819,"Bu",FALSE,0,0.5,0.5,0,0.5,0,0,-0.0940927734414096
"542","3","d5","Bu=0","1","10","1","0","0","1","1",0.1,0.7,0.2,0.5,0.007,0.35,18,"disjunctive",0.5,5,"Bu=0",-0.0615686723205029,"Bu",FALSE,0,0.5,0.5,0,0.5,0,0,-0.0307843361602514
"543","3","d5","Bu=1","1","01","0","0","1","1","0",0.1,0.3,0.2,0.5,0.003,0.15,16,"disjunctive",0,5,"Bu=1",0.155240602947222,"Bu",FALSE,0,0.5,0.5,0,0.5,0,0,0.0776203014736109
"544","3","d5","Bu=1","1","11","1","0","1","1","1",0.1,0.7,0.2,0.5,0.007,0.35,20,"disjunctive",0.5,5,"Bu=1",0.0670095431044593,"Bu",FALSE,0,0.5,0.5,0,0.5,0,0,0.0335047715522296
"545","3","d6","A=1","1","00","0","1","0","0","0",0.1,0.3,0.8,0.5,0.012,0.15,21,"disjunctive",1,6,"A",-0.179048731088187,"A",FALSE,0,0,0,0,0,0,0,-0.179048731088187
"546","3","d6","A=1","1","10","1","1","0","0","1",0.1,0.7,0.8,0.5,0.028,0.35,25,"disjunctive",0,6,"A",-0.765213215000766,"A",FALSE,0,0,0,0,0,0,0,0
"547","3","d6","A=1","1","01","0","1","1","0","1",0.1,0.3,0.8,0.5,0.012,0.15,23,"disjunctive",0,6,"A",-0.0489994746527013,"A",FALSE,0,0,0,0,0,0,0,0
"548","3","d6","A=1","1","11","1","1","1","0","1",0.1,0.7,0.8,0.5,0.028,0.35,27,"disjunctive",0,6,"A",-0.321984904773206,"A",FALSE,0,0,0,0,0,0,0,0
"549","3","d6","Au=0","1","00","0","1","0","0","0",0.1,0.3,0.8,0.5,0.012,0.15,21,"disjunctive",1,6,"Au=0",0.573589113634616,"Au",TRUE,0.573589113634616,1,0.3,0.521,1,1,0.573589113634616,0.573589113634616
"550","3","d6","Au=0","1","01","0","1","1","0","1",0.1,0.3,0.8,0.5,0.012,0.15,23,"disjunctive",0,6,"Au=0",0.159076853129758,"Au",TRUE,0.159076853129758,1,0.3,0.521,1,1,0.159076853129758,0.159076853129758
"551","3","d6","Au=1","1","11","1","1","1","0","1",0.1,0.7,0.8,0.5,0.028,0.35,27,"disjunctive",0,6,"Au=1",-0.167104552034773,"Au",FALSE,0,0,0.7,0.36,0,0,0,0
"552","3","d6","Au=1","1","10","1","1","0","0","1",0.1,0.7,0.8,0.5,0.028,0.35,25,"disjunctive",0,6,"Au=1",-0.395780210542594,"Au",FALSE,0,0,0.7,0.36,0,0,0,0
"553","3","d6","B=1","1","00","0","1","0","0","0",0.1,0.3,0.8,0.5,0.012,0.15,21,"disjunctive",1,6,"B",-0.0668754099158943,"B",FALSE,0,0,0,0,0,0,0,-0.0668754099158943
"554","3","d6","B=1","1","01","0","1","1","0","1",0.1,0.3,0.8,0.5,0.012,0.15,23,"disjunctive",0,6,"B",-0.456208970262308,"B",FALSE,0,0,0,0,0,0,0,0
"555","3","d6","B=1","1","10","1","1","0","0","1",0.1,0.7,0.8,0.5,0.028,0.35,25,"disjunctive",0,6,"B",-0.0271095375720981,"B",FALSE,0,0,0,0,0,0,0,0
"556","3","d6","B=1","1","11","1","1","1","0","1",0.1,0.7,0.8,0.5,0.028,0.35,27,"disjunctive",0,6,"B",-0.269958103866739,"B",FALSE,0,0,0,0,0,0,0,0
"557","3","d6","Bu=0","1","00","0","1","0","0","0",0.1,0.3,0.8,0.5,0.012,0.15,21,"disjunctive",1,6,"Bu=0",0.638652280621422,"Bu",TRUE,0.638652280621422,1,0.5,0.5,1,1,0.638652280621422,0.638652280621422
"558","3","d6","Bu=0","1","10","1","1","0","0","1",0.1,0.7,0.8,0.5,0.028,0.35,25,"disjunctive",0,6,"Bu=0",0.248819161500434,"Bu",TRUE,0.248819161500434,1,0.5,0.5,1,1,0.248819161500434,0.248819161500434
"559","3","d6","Bu=1","1","01","0","1","1","0","1",0.1,0.3,0.8,0.5,0.012,0.15,23,"disjunctive",0,6,"Bu=1",-0.755443349528981,"Bu",FALSE,0,0,0.5,0.5,0,0,0,0
"560","3","d6","Bu=1","1","11","1","1","1","0","1",0.1,0.7,0.8,0.5,0.028,0.35,27,"disjunctive",0,6,"Bu=1",-0.449063043462259,"Bu",FALSE,0,0,0.5,0.5,0,0,0,0
"561","3","d7","A=1","1","10","1","1","0","1","1",0.1,0.7,0.8,0.5,0.028,0.35,26,"disjunctive",0.411764705882353,7,"A",0.766916182814761,"A",TRUE,0.766916182814761,0,0,0,1,1,0.315789016453137,0.315789016453137
"562","3","d7","A=1","1","00","0","1","0","1","0",0.1,0.3,0.8,0.5,0.012,0.15,22,"disjunctive",0,7,"A",0.180215141471629,"A",TRUE,0.180215141471629,0,0,0,1,1,0,0
"563","3","d7","A=1","1","11","1","1","1","1","1",0.1,0.7,0.8,0.5,0.028,0.35,28,"disjunctive",0.411764705882353,7,"A",0.322606514688455,"A",TRUE,0.322606514688455,0,0,0,1,1,0.132837976636423,0.132837976636423
"564","3","d7","A=1","1","01","0","1","1","1","1",0.1,0.3,0.8,0.5,0.012,0.15,24,"disjunctive",0.176470588235294,7,"A",0.0488340274588238,"A",TRUE,0.0488340274588238,0,0,0,1,1,0.00861776955155714,0.00861776955155714
"565","3","d7","Au=0","1","00","0","1","0","1","0",0.1,0.3,0.8,0.5,0.012,0.15,22,"disjunctive",0,7,"Au=0",-0.573737602047954,"Au",FALSE,0,0.176470588235294,0.3,0.079,0.176470588235294,0,0,-0.10124781212611
"566","3","d7","Au=0","1","01","0","1","1","1","1",0.1,0.3,0.8,0.5,0.012,0.15,24,"disjunctive",0.176470588235294,7,"Au=0",-0.159357512262699,"Au",FALSE,0,0.176470588235294,0.3,0.079,0.176470588235294,0,0,-0.0281219139287116
"567","3","d7","Au=1","1","10","1","1","0","1","1",0.1,0.7,0.8,0.5,0.028,0.35,26,"disjunctive",0.411764705882353,7,"Au=1",0.394926877133493,"Au",TRUE,0.394926877133493,0.823529411764706,0.7,0.129,0.823529411764706,0.823529411764706,0.325233898815818,0.325233898815818
"568","3","d7","Au=1","1","11","1","1","1","1","1",0.1,0.7,0.8,0.5,0.028,0.35,28,"disjunctive",0.411764705882353,7,"Au=1",0.1673314883839,"Au",TRUE,0.1673314883839,0.823529411764706,0.7,0.129,0.823529411764706,0.823529411764706,0.137802402198506,0.137802402198506
"569","3","d7","B=1","1","11","1","1","1","1","1",0.1,0.7,0.8,0.5,0.028,0.35,28,"disjunctive",0.411764705882353,7,"B",0.270125857788515,"B",TRUE,0.270125857788515,0,0,0,1,1,0.111228294383506,0.111228294383506
"570","3","d7","B=1","1","00","0","1","0","1","0",0.1,0.3,0.8,0.5,0.012,0.15,22,"disjunctive",0,7,"B",0.0673411761579002,"B",TRUE,0.0673411761579002,0,0,0,1,1,0,0
"571","3","d7","B=1","1","01","0","1","1","1","1",0.1,0.3,0.8,0.5,0.012,0.15,24,"disjunctive",0.176470588235294,7,"B",0.455556035202154,"B",TRUE,0.455556035202154,0,0,0,1,1,0.0803922415062625,0.0803922415062625
"572","3","d7","B=1","1","10","1","1","0","1","1",0.1,0.7,0.8,0.5,0.028,0.35,26,"disjunctive",0.411764705882353,7,"B",0.0279787829002071,"B",TRUE,0.0279787829002071,0,0,0,1,1,0.01152067531185,0.01152067531185
"573","3","d7","Bu=0","1","00","0","1","0","1","0",0.1,0.3,0.8,0.5,0.012,0.15,22,"disjunctive",0,7,"Bu=0",-0.637068476058692,"Bu",FALSE,0,0.411764705882353,0.5,-0.027,0.411764705882353,0,0,-0.262322313671226
"574","3","d7","Bu=0","1","10","1","1","0","1","1",0.1,0.7,0.8,0.5,0.028,0.35,26,"disjunctive",0.411764705882353,7,"Bu=0",-0.248404817502239,"Bu",FALSE,0,0.411764705882353,0.5,-0.027,0.411764705882353,0,0,-0.102284336618569
"575","3","d7","Bu=1","1","01","0","1","1","1","1",0.1,0.3,0.8,0.5,0.012,0.15,24,"disjunctive",0.176470588235294,7,"Bu=1",0.75517840054747,"Bu",TRUE,0.75517840054747,0.588235294117647,0.5,0.05,0.588235294117647,0.588235294117647,0.444222588557335,0.444222588557335
"576","3","d7","Bu=1","1","11","1","1","1","1","1",0.1,0.7,0.8,0.5,0.028,0.35,28,"disjunctive",0.411764705882353,7,"Bu=1",0.44882023244736,"Bu",TRUE,0.44882023244736,0.588235294117647,0.5,0.05,0.588235294117647,0.588235294117647,0.264011901439623,0.264011901439623
